wb_income_group,year,income_mountain_50bracket_shape_for_log
31,1987,"26729,42514,59258,72046,82340,90034,94395,96284,97067,96918,98860,107168,127004,163982,220349,295840,388177,493494,626296,852502,1307197,2222088,4003448,7426045,14006665,26219303,46757927,75395032,105611693,125459931,121030310,97622711,68167553,42423027,22989386,11363005,5043718,2396844,1041515,437048,166451,52182,14487,4906,2049,669,129,22,4,0"
31,1988,"24237,38881,54750,67456,78240,86817,92246,94755,95140,93493,91880,93881,104710,130350,174114,237789,324503,439240,590514,821727,1231216,2004421,3502802,6527150,12580879,24386902,44178511,71986672,104190079,126607693,125198078,102423643,71989243,44488556,24130608,11919053,5387010,2539924,1122979,487070,191573,58533,14202,3924,1580,510,103,18,3,0"
31,1989,"21940,35493,50469,62897,73848,82619,88108,90064,89023,85205,80498,77651,82091,100545,138262,198898,286022,398078,535607,744560,1113400,1787583,3147607,5972471,11619825,22480490,41767723,69301818,102791913,126503154,127591708,106844646,75607801,47312764,25939941,12880976,5896371,2760318,1212004,540408,221266,68845,15387,3060,1312,535,175,52,13,0"
31,1990,"19739,32562,47334,60778,73509,85324,94408,99833,101409,99225,94113,88280,88001,101985,137150,197329,280307,384790,511913,704385,1055263,1711824,2974106,5587351,10949374,21131294,39839036,66228164,100110327,126096092,131179677,111603806,79490999,49373640,27163626,13191406,6152741,2951720,1330894,580346,238461,78365,17553,3058,1093,427,167,69,18,1"
31,1991,"17831,29988,44568,58800,73114,87258,99323,107731,111908,111719,108341,103548,104021,117488,150207,203488,277694,373495,500543,708567,1083490,1746152,2975961,5538601,10923574,20854262,38645069,64608385,99480073,128296043,134442278,114110722,81197714,50146694,26721693,13349324,6206112,2961678,1338363,606261,251181,79249,17492,3034,872,252,85,35,8,0"
31,1992,"19704,32974,48711,63679,78503,92410,103518,110537,113276,112192,110153,110581,121170,148399,193489,252906,322203,415834,559771,796656,1192290,1885263,3210823,5903520,11237214,21229634,38913022,65100244,98138737,127882159,135388355,115639062,82591450,50392096,27642619,13789523,6404127,2996746,1326202,587318,246228,82138,18131,2710,592,71,0,0,0,0"
31,1993,"7904,12665,17858,21983,25656,28576,31171,34247,39091,46890,63372,91857,134277,190053,252874,313814,366318,431131,566071,840795,1303923,2064449,3428151,6126419,11512462,22443615,40804867,66451396,99544349,128214389,135491376,114203077,81163251,50768694,28335407,14112266,6376205,3018410,1363520,633884,346987,250259,196041,119962,47214,10836,1678,392,0,0"
31,1994,"4619,7616,11107,14405,17756,21454,25785,31711,40802,54532,80208,122478,180926,248059,308319,349447,364604,400827,553236,878362,1385303,2170169,3556215,6278920,11559938,21809897,40145521,66029682,99898235,129109576,138602021,119552185,84507578,52329355,29136360,14827370,6843517,3151048,1404597,655999,360259,256410,198241,120448,47260,10843,1680,392,0,0"
31,1995,"3602,6472,10354,15008,20517,27546,36635,48989,66337,90227,127712,183260,251739,319712,369347,389806,383285,419154,591518,926646,1444890,2313411,3971655,7221847,13269170,24163863,43388960,71656315,107789136,137209035,146024416,124908987,87588915,54135598,30108186,15186841,7157220,3472193,1580496,702154,349336,228560,172430,103809,40889,9995,1705,397,0,0"
31,1996,"4309,7436,11472,16111,21782,29673,41189,57741,80434,109832,150021,200629,254883,303668,340049,362517,379715,443190,607859,892403,1352676,2176587,3776563,6957386,13015236,23907286,43215346,72168315,108738546,139437817,148640479,127908268,90320171,56808101,32211107,15952612,7426481,3524866,1551154,661334,316659,216830,190922,140057,69788,23912,6538,1815,109,0"
31,1997,"5732,10020,15773,22690,31570,43660,60929,83521,110884,141476,175650,208848,238738,264811,292313,325539,373442,462558,617102,872765,1309371,2093884,3596130,6579363,12443974,23108725,41266074,69301041,107702273,141061998,150831977,131106501,93527524,58818438,33026975,16818408,8220487,3994278,1836809,853147,427614,264838,204939,143047,70782,24191,6596,1831,110,0"
31,1998,"9040,15778,24619,34645,46707,61223,78982,98330,117542,134968,151325,166308,188693,226340,279908,341979,395818,442268,528994,741018,1149217,1821491,3012579,5517396,10548855,19667509,36125083,61480593,96686160,131248884,145078561,129440276,95582249,61749794,34937260,17635670,8865116,4266866,1903553,884547,453557,281817,214185,148322,73991,25990,7482,2199,214,18"
31,1999,"5848,9977,15284,21226,28646,38287,52013,69913,91479,115550,141753,166588,188824,208683,230154,259433,295756,366858,496513,720142,1094784,1717788,2842740,5143646,9740958,18484256,34531962,60138682,94857345,130215890,146323661,131986094,99193931,64386272,36939942,18835898,9376944,4383575,2061655,929512,461330,301866,243129,175832,89218,27611,4435,735,247,56"
31,2000,"8634,15589,25113,36448,50215,66473,85304,104388,121319,134343,141298,140548,139044,146059,170044,213624,270090,354670,488665,711782,1074151,1660180,2701033,4804129,9106123,17149968,32220321,57331333,92790162,129927003,149266936,136575196,103001860,66465701,37947969,19511818,9881440,4770091,2225956,952196,431293,272473,247811,211687,131442,55218,16246,4004,882,69"
31,2001,"24789,37956,50350,56827,59194,57182,51439,45125,42040,45195,62860,101374,158474,225045,284593,323451,338526,359363,469225,715050,1123108,1779451,2908840,5092548,9495773,17779709,33969192,61056540,98645919,139804323,158476050,144663255,108495427,69659527,39703281,20110702,10391643,5041669,2475025,1194209,573313,341399,272762,215890,131895,55262,16193,4036,963,125"
31,2002,"27875,43662,59645,70238,77089,79319,76209,69463,61910,56246,59577,78630,117680,177752,251556,325244,387706,436449,519540,726957,1133294,1807242,2920521,5083738,9430045,17615405,33126087,59783347,97347242,138871561,160477889,146695353,110520131,71714847,40983400,21079354,10444053,5226825,2788207,1366803,623308,349635,251955,170655,83962,26190,4738,1071,483,173"
31,2003,"700,1324,2370,4054,6777,11692,20804,35512,56762,84589,121383,165623,210475,250135,283930,318162,365548,457014,606703,826370,1171932,1786229,2918781,5161478,9565312,17646601,32862515,58813979,97165628,138940455,161442285,147551389,110321739,72100188,42712312,22618472,11447961,5759806,2950797,1433721,723093,422184,269387,149247,58436,13728,2475,1119,576,232"
31,2004,"1718,3691,7015,12152,19594,30627,46941,67913,92067,117011,141296,160406,176236,195016,225774,274889,339916,434278,565914,779076,1152984,1799452,2930447,5123394,9351362,17059103,31827103,57378572,94759327,136812415,162804390,151784306,115510864,75664205,43116321,22289360,11399675,5758841,2978481,1427233,660132,369740,263348,177318,87394,27329,5038,1151,550,222"
31,2005,"2516,4103,6062,8251,11283,16275,25238,39524,59849,85956,119245,157346,195503,231118,265731,305149,351576,420014,531191,733771,1108900,1773614,2935333,5151892,9330107,16827899,31082742,56474581,93961589,137421041,163404327,154233404,117039356,76462303,44605032,23064893,11867212,5887249,3097556,1533391,777522,456137,296918,183046,85791,25733,4021,599,266,98"
31,2006,"2587,4896,8405,13330,20324,30556,45855,65685,88506,111805,133459,148872,161093,178341,210621,263000,330608,420704,541486,733829,1073942,1710307,2905702,5205348,9362317,16761418,31835789,58035571,95290398,138718880,165590572,155792023,119841016,79306988,46751237,24918996,12713059,6376297,3343751,1621412,752900,405698,287225,218863,131610,52595,13672,3134,748,62"
31,2007,"2080,4223,7697,12884,20359,31360,47695,68720,92794,117289,139900,155231,163860,171080,186963,221328,275630,373153,527907,767902,1143478,1767093,2861990,5049807,9572408,18191615,32916100,57642718,93283484,135453390,167129277,161233803,126079703,84280616,49938310,26884091,13941634,7199802,3783436,1717094,759070,423860,297152,195047,95675,31969,7896,2919,1472,570"
31,2008,"4843,9430,16323,25529,37447,52661,71425,91552,110540,126228,137238,142633,152843,181103,234411,308195,390505,475110,585167,781099,1129830,1745693,2897123,5209528,9796944,18177265,33809417,59868097,97079428,139612051,168692570,161839350,126085032,83828173,49729978,26645536,13470908,6569340,3459337,1715715,902868,535007,324116,169780,64470,14872,2247,754,266,72"
31,2009,"1334,2127,2999,3760,4664,6277,9929,17439,30702,51024,83598,129923,181883,229124,264683,291221,319181,389470,539373,784761,1200773,2028274,3647898,6931156,13131451,23053594,38918391,64325272,102151621,143542362,172546001,166309553,131353693,87509307,51068203,26741338,13700744,6492828,3062800,1471134,768383,451564,299165,189397,90417,26995,3982,421,142,45"
31,2010,"7030,13037,21558,32159,45238,61143,79701,98778,116138,129811,138487,140549,144859,162869,202117,260806,331200,420795,559759,816824,1287329,2161889,3723874,6648664,12091586,21341766,36392112,63159367,102348898,145510136,174863095,166617209,132969771,89159802,52809432,27930425,13414719,6143259,2962225,1441570,739236,374852,162970,56103,16911,7659,4553,2400,1097,395"
31,2011,"3590,7041,12320,19668,29674,43354,62013,84141,107240,128507,144136,148899,147652,152780,180810,241927,338784,481888,662560,925230,1394586,2290478,3896429,6993618,12680114,21725315,37268931,64371489,103336428,146547542,174983204,165565320,131240350,88699811,52487001,28157194,13753024,6339736,3101918,1527462,807074,437969,211436,79915,21386,5422,3049,1841,1016,440"
31,2012,"2986,5830,10216,16428,25076,37419,55247,77747,102960,128288,150517,166005,180187,205447,256709,340746,464071,635479,876121,1293071,2138307,3905599,7198386,13708608,25742583,43267618,63830892,90593776,124765920,161311315,185487840,173181177,134994161,90635527,54177558,28956012,14177286,6462768,3118012,1577131,857619,458696,217518,82065,20926,3934,1813,1040,578,261"
31,2013,"2157,4428,8115,13609,21469,32931,49777,71287,95669,120367,142379,157142,168670,189145,236842,324542,459922,665524,943512,1353230,2114283,3742135,6883732,13244125,25383399,42934246,63669889,90890514,124554012,161473954,186909204,175558014,136424063,91125775,54542826,29398901,14398242,6624825,3173363,1565599,863203,502390,266513,113901,34352,6513,1547,675,289,115"
31,2014,"29108,46428,64813,78601,89225,95578,96396,93398,89847,89758,100872,132267,185247,259501,357299,485108,666160,951959,1412279,2155044,3439489,5909218,10456422,18834400,32442117,51225308,73192858,101263301,134399313,170014247,194251978,179405168,137414516,90511651,55161007,30740147,15747532,7439867,3429011,1670503,933573,512040,240815,86863,23110,6755,3795,2260,1185,477"
31,2015,"12207,21681,34224,48423,64644,82434,100412,115634,126063,130943,130601,130756,147809,198103,287784,409745,557789,725855,935517,1227803,1679824,2533080,4219142,7667417,14005040,24183396,39838997,66562597,104268233,147242411,180102055,175076760,136862636,91779506,56099204,30789344,15559907,7498399,3603185,1758694,967078,543573,270074,101924,26675,6343,3160,1848,977,400"
31,2016,"9389,16931,27235,39485,54204,71692,91619,111658,129494,143874,153586,159826,173820,209603,275550,369158,494395,654617,860356,1127305,1509873,2230193,3668383,6627262,12409601,22438365,38059560,64090824,100990428,143480219,177943491,176660054,142349826,97029804,59522485,33155635,16831252,7930457,3914544,1957962,1047096,571365,277606,104609,27057,6159,2753,1381,643,248"
31,2017,"31042,47938,64331,73832,78603,78368,73967,69368,68956,75841,95679,131936,177141,225101,277295,345529,456990,665685,989194,1413725,2011387,3058769,5044288,8658195,15335275,26442357,43410182,69900995,106050509,148241727,182155266,179451596,145831568,100360122,62712838,35090386,17741046,8426857,4176230,2015648,1028400,550689,266697,99435,25045,5091,2111,1050,457,164"
31,2018,"9520,17232,27818,40476,55736,73866,94491,114977,132494,144860,148909,143738,141807,160786,215533,308847,440994,615803,823867,1076121,1446630,2173574,3633432,6523026,11947479,21656334,37037325,62033989,97606199,141034057,178220882,179060684,147815862,103570147,65277281,36786343,18731037,9098991,4525525,2318981,1198302,662407,347940,152109,48824,10926,3498,1946,1004,417"
31,2019,"7739,14258,23442,34844,48999,66441,87208,108717,127954,142497,148889,146000,146796,170099,231571,336522,485922,685552,926737,1219623,1649185,2452094,4007376,6958208,12699458,22938695,38850131,63573196,97974990,141157240,178649376,183016474,151527051,106676753,67372931,38411821,20137065,9875704,4790662,2383536,1197088,651436,340734,150129,48925,10987,3474,1894,954,385"
32,1987,"3611,6156,9392,12965,17435,23953,33339,45979,66567,101407,160012,247926,388711,654850,1137648,1956730,3370470,5977229,10321097,17088465,25500316,33976165,41864782,49529561,56898135,62157645,63212510,58389937,45992983,30626031,18815017,11086781,6451254,3756576,2209528,1316024,756801,422210,231355,129788,75649,42678,23830,14495,8687,5425,3451,2194,1285,720"
32,1988,"294,510,796,1184,1704,2719,4487,7305,11349,17938,27072,38426,52270,87840,214637,583641,1764538,4078388,7070738,11719787,18109740,24916308,31688244,39039196,46850949,52933542,55529628,52128863,40829930,26824914,16261765,9222380,5141750,2911721,1661031,955590,534789,293011,159076,86701,49160,26451,13572,7076,3656,1906,943,440,189,74"
32,1989,"3129,5357,8244,11501,15787,22410,32514,46698,71802,115419,187331,293727,463808,788541,1385631,2460050,4642867,8373173,13042313,19083910,26712169,34228334,40710895,47516535,55133111,60811865,61617482,55780741,43183814,28841384,18030410,10875845,6477725,3890225,2377374,1467469,889132,534857,325885,199679,122499,73743,45308,28696,18287,12023,7971,5090,3113,1768"
32,1990,"2812,4990,7999,11672,16818,25017,37572,55128,85979,139304,227524,359424,573445,1000816,1816801,3290644,6054658,10271929,14843825,20459573,27980266,36130686,44203349,51697032,57376378,59528742,58016559,52519483,41975660,28920076,17918506,10871499,6464777,3833335,2296348,1391216,830787,492034,292888,175539,106175,63621,38861,23485,14614,9512,6136,3883,2356,1348"
32,1991,"4296,7489,11769,16801,23665,34324,50300,72175,109315,170131,266791,406946,625333,1043902,1846588,3276016,5975367,10006571,14651482,20637177,28236802,36057703,44285718,52821241,59790718,62595620,61586224,56183327,44639903,30606209,18804706,11231086,6611563,3837447,2227718,1312338,758752,433697,250668,149832,90817,54848,32689,20225,12450,7894,4940,3099,1859,1057"
32,1992,"6427,11122,17337,24511,34187,48995,70955,100555,150612,230707,354536,529872,794726,1261946,2087062,3598509,6441093,10169621,14207741,19238038,24866117,31225611,37791387,43544276,46867834,45479645,42768913,38664134,30886745,21478888,13180013,7849396,4451717,2468081,1366738,776722,439663,248521,142384,84109,51159,31244,18923,11294,6891,4029,2349,1377,790,426"
32,1993,"6771,11620,17909,24971,34272,48325,69241,97680,147094,228390,356521,538380,804101,1254866,2050078,3489790,6330596,10283078,14558722,19827921,26200242,33289830,40029418,45832362,48207795,46469401,43248812,38694488,31638028,22887834,14494649,8922580,5433069,3228007,1888209,1135233,684171,408586,244660,149944,93557,57539,35173,22271,13993,8760,5585,3571,2152,1232"
32,1994,"5042,8550,12986,17737,23763,32404,44938,62116,93253,147394,237949,380075,612675,1028513,1738378,3002681,5632794,9284351,13228697,18217722,24244905,30392894,36443964,40863972,42764887,42796537,41681731,38604699,32393482,23893702,15661267,9667684,5844508,3515042,2099297,1289337,786162,466348,275564,167869,104865,64578,39341,25141,15658,9836,6256,3994,2387,1361"
32,1995,"3265,5708,9010,12902,18366,27054,40292,59606,93178,151526,248763,410850,670097,1119231,1922227,3338884,5937771,9358882,13536561,18901989,24754228,30717955,35976840,39846675,41861688,40543423,37744122,32324814,24274568,17203702,11743769,7770995,5070149,3217291,2002386,1227793,759770,464077,273570,161084,95526,58603,34590,20527,12164,7680,4603,2791,1625,916"
32,1996,"2266,4232,7258,11463,18276,30548,50681,80079,134514,225939,370337,595700,949156,1551283,2530217,4191486,6828406,10376031,15022362,20971854,28609585,36532666,42793855,46685319,46580578,43265520,38802885,33047958,24768079,16942442,11254967,7362024,4755044,3048595,1940094,1220773,768383,468635,282849,168514,101527,61585,37323,22407,14404,8844,5547,3472,2106,1186"
32,1997,"3576,6413,10418,15435,22712,34603,52678,78778,121830,194459,312153,503785,815119,1379399,2411319,4183610,7084693,10773516,15441464,21715010,29704634,38709316,47687947,55670027,60710341,60217876,54329129,44656854,32187781,21161903,13661062,8747313,5621203,3563787,2204341,1334515,805950,487132,289199,171142,102384,63546,38223,23060,13898,8827,5380,3265,1898,1069"
32,1998,"3209,5617,8828,12592,17570,24939,35367,49519,70761,106843,170969,280883,451217,802617,1498729,2677440,4512327,7261436,11439200,17238274,25050342,34521014,44470191,53380417,60528249,62732329,59574940,52665316,41983958,30148753,19346531,11765623,7030286,4103015,2412406,1410482,842324,504564,296189,171546,99826,60935,35791,20751,12253,7596,4513,2702,1562,869"
32,1999,"2625,4794,7901,11886,17623,26803,40419,59714,89518,139633,222838,362049,593891,1074739,2081164,3956953,6973311,10532462,15030073,20777613,27735170,35539655,43183636,50715435,55805258,56627938,53747441,47844809,39216296,28990626,19286809,11707032,7029059,4085335,2395371,1392007,824641,485747,277951,159464,93755,57599,33835,19403,11276,6759,3865,2226,1253,677"
32,2000,"3760,6806,11095,16427,23893,35465,52264,75637,110290,166506,256471,398434,620049,1057038,1975934,3758808,6760447,10235667,14627755,20836435,28820220,38530111,49007346,58463467,65657784,68008468,63499539,55076952,44288595,32879450,22506158,14135646,8478743,5015769,2924107,1663699,971196,576201,332535,189112,108658,66446,38712,22272,12887,8040,4711,2794,1613,906"
32,2001,"5194,9359,15174,22397,32393,47625,69284,98614,140912,207648,311537,468867,686405,1039107,1625873,2573038,4036295,6280572,9695097,14888306,21790894,29849454,38931007,47545032,53916436,55959559,52047374,43876626,32934721,21827444,13924332,8994709,5791956,3660751,2242742,1338159,797012,481858,275216,149429,80497,44919,26583,15013,8419,4818,2936,1683,942,507"
32,2002,"959,1776,2999,4671,7260,11738,18706,28613,44170,68983,107670,166340,251886,407739,700832,1204915,2015023,3275391,5224569,8219909,12610761,18111034,24480217,31099748,36310750,37813860,35377601,30242875,22702580,14246740,8267836,4861601,2875505,1694270,976193,554481,312636,170838,87442,43317,21365,11319,5830,2980,1573,871,491,287,168,91"
32,2003,"1124,2066,3448,5280,8030,12629,19659,29520,45036,69415,105840,158139,232681,359951,596716,1017891,1723035,2858677,4641905,7383446,11773751,17534415,24065094,30828789,35622334,37346503,36007332,31538733,24801817,16333919,9738673,5640543,3252820,1845466,1025034,558391,306081,168507,89833,47329,25271,14496,8406,5025,3122,2045,1341,894,565,334"
32,2004,"735,1327,2181,3284,4977,7902,12543,19789,32565,55474,93450,158974,271303,482144,882649,1645122,3275512,6074125,9718589,14448762,21046277,30935131,43944153,57988820,68303157,71366506,67637618,57003716,43420111,29218230,17714669,10323176,5946480,3335266,1825733,979719,530072,297815,174443,103044,62935,40279,25502,16223,10117,6324,3823,2288,1308,712"
32,2005,"1272,2321,3845,5838,8822,13719,21207,31914,49756,79541,127172,204304,331305,552466,952656,1655094,2963730,5326426,8940577,14007972,20752956,30433870,43882301,59346233,72373638,76974800,72162139,60771958,46160548,30912891,18995238,11438025,6792587,3906663,2145661,1129132,599012,339979,205084,127028,79507,51145,33594,21492,13549,8288,5076,2943,1624,855"
32,2006,"2609,4550,7127,10137,14131,20120,28716,40726,58984,90603,144996,238514,392843,666789,1174154,2056300,3581507,6391404,10877951,17423098,27244144,41185925,58744183,79251106,95573675,102794375,98065864,81089172,60348544,40873330,26519716,16766054,10450201,6355291,3758637,2135836,1199954,688550,405928,235692,136293,79115,47627,29908,18154,11006,6622,4035,2275,1196"
32,2007,"5007,8537,12978,17752,23549,31404,41911,55988,76524,110777,168860,268533,435234,704906,1195563,2027028,3405718,5814833,9842176,15946496,24986458,37911742,54251712,73738398,92704307,104076055,101950035,85655574,64956015,44706111,29111984,18826200,11781672,7146293,4198128,2375053,1299638,715822,405614,235016,133819,75780,44039,25985,15866,9269,5465,3111,1736,897"
32,2008,"3588,6350,10078,14505,20432,29170,41404,58032,82462,122599,189278,301778,488013,798228,1367893,2359013,4006315,6817722,11484663,18546841,28908019,43603699,62412853,84820459,106269849,118772275,117157042,101716188,76083492,52211756,34207249,21849007,13617596,8392780,4991301,2873049,1584008,863070,478762,273721,158161,91098,53127,31453,19222,11438,6802,3915,2223,1157"
32,2009,"4104,7066,10883,15131,20529,28183,38876,53770,74819,110740,171626,275317,449218,749267,1322353,2345586,4032342,6885106,11534260,18539623,29185849,45045708,66187429,90897169,113707424,126167095,124910926,107667781,80417153,55775574,36749054,23523525,14357549,8627955,5032571,2860289,1563903,840012,453812,256275,147616,83710,47295,27572,16713,10240,6167,3636,2068,1112"
32,2010,"3720,6545,10327,14760,20622,29121,40970,57118,80327,120021,190297,312668,536132,1037368,2529003,6574008,15599567,33497541,65001532,102891681,142938962,188730195,234403591,270124652,290615821,286287688,248196585,188932620,130606443,86169822,54143805,33235432,19930655,11876887,6895872,3918280,2114283,1108205,577219,314094,175296,95342,52393,29934,17521,10390,6160,3535,1945,1026"
32,2011,"3087,5608,9174,13721,19952,29646,43603,63213,92488,141192,224324,374447,652099,1213482,2531001,5793341,12850135,26813382,51165747,88525306,132207396,182772779,235961966,278374801,302031389,300516822,265505435,205839540,142514028,92117199,58111521,36195736,21894386,12965739,7413060,4133150,2255194,1190475,612753,319193,176217,97047,53060,29881,17406,10324,6151,3526,1924,989"
32,2012,"2264,4003,6379,9256,13195,19344,28378,42047,63602,102623,171886,298545,538823,1019315,2114852,4807984,10740607,22854027,44718648,79390424,120432455,170381729,227175326,274200988,298361507,295238052,259467441,199869533,136915347,86994019,54207087,32957975,19810987,11636433,6728725,3798901,2118757,1172226,628441,337729,189264,103916,57005,32179,18693,10983,6542,3691,1969,994"
32,2013,"2449,4372,7051,10326,14917,21917,31770,46069,67554,103522,162758,267612,471478,855929,1580233,3008657,5993094,11884528,23982950,46836218,90808444,152869335,225141094,290828216,320545136,318067312,281559738,220811410,151454500,98332263,60329508,35313237,20580488,11853023,6832787,3933993,2283989,1319075,741542,412134,233058,127811,67808,36262,19651,11047,6130,3332,1726,854"
32,2014,"2810,4922,7774,11102,15694,22553,32242,46716,69132,107953,172310,284297,497836,888462,1614982,2996057,5731873,10974342,21303141,40680981,77703758,136260917,206640341,278081470,317659865,319867365,288513765,228947118,156371025,98733821,60221012,36121894,21447420,12612748,7167921,3975234,2202646,1224876,655526,352598,198358,107171,57799,32067,18289,10549,6232,3557,1929,993"
32,2015,"2296,4016,6364,9119,13063,19150,27929,41622,63502,101861,165497,278741,503590,913425,1632437,2948894,5396986,9846606,18368632,34520682,67239351,123075111,198246057,277331177,335147717,353896357,332508130,274153884,192207789,124205198,77033640,45255536,25643890,14524433,8203873,4653856,2632206,1479254,810212,444127,250151,136233,73807,39725,21585,11815,6720,3628,1881,933"
32,2016,"1944,3522,5723,8444,12091,17404,24700,34645,48645,72833,115378,191534,339606,613035,1117133,2062200,3824117,7182815,13908093,28170660,55142901,106801371,182587327,265938373,331667811,358728762,341109078,283494543,204326654,133778964,84746827,49297663,27271588,15371303,8586393,4745663,2607422,1430187,779156,409806,224983,120557,64112,35955,20371,11631,6676,3832,2025,1004"
32,2017,"2024,3687,6019,8963,12876,18692,26809,37995,53667,80404,126505,207126,361829,643547,1159441,2124189,3875725,7100937,13174047,25019829,47856577,92553621,165674586,249812580,322417240,359623862,351384275,299494605,221529968,144700581,90566680,52703534,28853069,15751224,8791036,4913943,2721104,1483879,803088,433259,238108,133830,73325,40877,23563,13452,7808,4559,2514,1251"
32,2018,"1367,2542,4246,6500,9633,14508,21508,31330,45388,69928,113351,191914,347881,638325,1172187,2155179,3866841,6855658,12367999,23045711,43815415,85358863,154502000,241349531,321385637,367248152,367203892,322840559,245042548,162007047,103027369,60945072,33812373,18439143,10135571,5581675,3079402,1681934,916997,499288,277330,160672,90350,50763,29017,16124,9000,5015,2672,1277"
32,2019,"1423,2648,4425,6773,10015,15050,22287,32520,47009,72557,117761,199139,360149,658616,1208893,2239890,4117479,7879627,15818846,31446316,61253378,109932275,180513168,262092388,337186220,381973637,379601428,336901084,260147322,174299217,108227273,65520006,36725428,19736678,10711974,5815700,3164841,1724325,937988,513313,285673,161188,87797,47876,26688,15007,8623,4983,2722,1355"
33,1987,"6420,11033,17041,23842,33151,46791,66946,99105,154592,243697,390520,627758,1015592,1681086,2808225,4812688,8943325,16610921,29045648,46199543,64266994,79548777,87879608,88736796,83835179,74270723,62136278,47984098,32736436,19590626,11067676,6290027,3577170,2061001,1201433,716905,424585,250916,149800,90073,55777,35174,21925,13552,8402,5119,3121,1899,1116,620"
33,1988,"12078,20867,32411,45458,62945,88342,125082,178210,266661,405755,626408,961340,1513832,2486162,4042088,6517037,10721120,18551074,32486044,52871114,73499601,90986276,100665086,101924337,96177459,84814379,70015678,56055364,40046895,24686035,14403418,8486817,5092479,3050850,1834036,1118135,679438,413030,252777,156475,96671,60565,39496,24787,15798,10310,6697,4192,2506,1397"
33,1989,"6599,11343,17584,24545,34276,48562,70099,105006,165500,264384,425127,675910,1083491,1758653,2828129,4644828,7987571,14563499,25927653,44570211,65307486,83174182,93774511,95889325,90782616,79984629,65889681,53353478,40102594,24916989,14101480,7830118,4334194,2442100,1357957,769009,440594,257490,150841,90635,56723,37039,23970,15658,10175,6806,4441,2854,1730,1009"
33,1990,"6775,11679,18148,25459,35686,50547,72943,108680,169502,265264,418087,649819,1019135,1635312,2645887,4393115,7683193,13900483,23715520,38385895,56280031,72772340,83929799,89600090,88767709,81214127,69196893,55805536,38723458,22434524,12259020,6488779,3520563,1901354,1040441,575001,317377,173869,96911,56587,34790,22170,14043,9000,5742,3547,2153,1276,729,383"
33,1991,"6933,11954,18562,26011,36330,51169,73392,108657,168603,263047,412943,642262,1015036,1655112,2765099,4767971,8575021,16141613,27005769,40608929,56717292,71638213,82479453,87620968,86760392,79648802,67429260,49556785,30600375,16910565,9162912,4989331,2790751,1576695,888443,495840,278359,157085,87843,49493,28966,17487,10680,6587,4198,2582,1594,959,552,294"
33,1992,"7504,12895,19941,27782,38511,53747,76053,110890,169211,261438,408099,634523,1005577,1620310,2697974,4715470,8680077,16485218,28801209,45395153,64487381,81627570,95449731,103778528,104930580,97530991,82344614,61532449,39691952,23110465,12946217,7309666,4209043,2433562,1393527,780361,433268,240186,134437,73680,39173,21142,11805,6746,4155,2504,1508,900,509,269"
33,1993,"9240,15870,24522,34019,46901,65029,90049,127789,189337,285719,432898,677966,1116113,1953127,3698472,7599202,17449576,37476203,64347660,83616737,95029622,102945906,110935010,113565793,109228024,96833739,76371527,53333396,32845970,18927273,10767777,6249736,3601383,2081368,1187308,665037,368539,204489,113098,59387,30618,16048,8924,5137,3020,1812,1115,672,389,209"
33,1994,"10477,18044,27926,38859,53397,73671,101244,140651,202461,297057,434780,656742,1039853,1771786,3309074,6789241,15868918,34994834,61782406,83405348,97789753,108851736,117188939,117389206,109674455,94704891,73063407,50536282,31072032,18142180,10479105,6140740,3559477,2062845,1176971,660035,367867,206336,116155,63294,34400,19222,11292,6810,4196,2604,1645,1042,620,343"
33,1995,"9701,16722,25870,36234,49766,68853,95524,132636,189981,277499,407284,612660,956924,1598534,2904022,6159382,13720216,30871171,58891478,85389717,104971283,117989784,124245920,123707975,116699662,103155118,80621695,56013087,34784719,20264317,11658029,6809433,3920168,2263404,1296001,744610,423165,239032,134250,75118,42985,25233,15339,9860,6145,3882,2477,1600,947,527"
33,1996,"9747,16766,25862,35983,48987,67420,92853,127800,184584,274852,412534,631417,995377,1652124,2946057,6072576,12965739,28284083,55684096,83455038,105414840,119594260,126124858,125493731,114771358,97720023,74115528,50357266,31537232,18786040,11045054,6510651,3795733,2209369,1271409,730444,420323,243252,143635,85347,51563,31652,19821,12949,8289,5278,3373,2179,1296,720"
33,1997,"10341,17758,27352,37940,51590,70951,97597,135857,201036,309360,478768,771490,1555711,4484337,12954526,33201852,77258831,133910789,208779140,274295910,297505373,284844542,252347917,202558342,153887683,112655343,77608599,50101157,29754156,17091695,9706098,5482917,3074338,1743415,990736,562859,311275,175457,101798,60655,37862,24183,15671,10419,6866,4476,2922,1860,1109,621"
33,1998,"11438,19703,30403,42255,57270,78148,106302,144129,204529,297869,438140,658876,1025326,1652519,2788017,4921579,8724303,14467632,24286026,41204589,67108916,95488564,115624993,120914015,109329826,88895997,65183798,43503510,26718082,15981357,9369684,5490898,3153082,1768555,991022,567841,323313,187901,110513,67119,42620,27634,18052,12158,7957,5246,3436,2223,1338,764"
33,1999,"8976,15831,25192,36175,51436,73989,105451,149133,219669,328538,488593,758557,1608838,4661622,13162056,32620330,68955434,114821530,167996411,220616106,249905213,256475924,248157295,213747242,163674835,118422467,81177286,51014729,30189310,17320580,9981818,5733669,3185933,1751595,972873,545958,303204,171737,99376,58408,35498,22070,14346,9498,6239,4147,2752,1777,1075,606"
33,2000,"8288,14269,22143,30755,42460,58961,81490,114027,166692,248250,369332,564103,1155412,3728262,11395881,29144378,65702994,105844144,153493299,205579882,241099391,254360612,249155706,221210666,171195213,120369093,81298617,50961407,29669748,16848288,9695055,5534677,3081770,1695704,945746,541449,309331,179929,104626,62226,38612,24394,15581,10329,6708,4388,2877,1858,1117,636"
33,2001,"8559,14707,22706,31360,42663,58088,78815,106227,149937,218652,323646,494225,1123562,3745675,11208586,28263847,62970668,105978657,152055552,199775702,238211303,260119595,261418495,239802246,195594915,142043294,96374831,62228534,37781878,21752705,12440777,7193266,4111921,2304485,1294080,738628,425119,245870,145925,86371,52010,31994,19880,12114,7367,4406,2615,1508,829,425"
33,2002,"9381,16234,25170,35179,48035,66232,91354,125300,179000,266728,404723,616734,1129943,3434856,10787326,27239638,61504802,102898769,147992757,196934441,242319960,275293704,287022493,274594407,236316603,180367256,125698972,84863574,54077410,32823983,19851861,12442227,7727397,4743676,2883911,1738415,1044568,639956,379239,217643,124625,72635,44235,25766,14897,8664,5299,3099,1771,970"
33,2003,"9793,17179,27124,38536,53967,75997,106109,147158,209113,305954,453451,677830,1150308,2942541,8446409,22639677,51659980,97446454,153908396,225404387,291931330,326073299,327185888,304402221,259066072,197854973,136712867,90656953,58077894,36096955,22257603,13794062,8521474,5121192,3001591,1738467,1035718,625793,371927,219526,131342,81955,49228,29334,17091,10307,5839,3250,1736,894"
33,2004,"7237,12618,19810,28032,39197,55527,78423,110903,163068,250738,392622,626442,1048174,2284066,6376777,16936946,39566134,82352492,137978630,205595652,273378470,313707075,314009519,287122534,241531100,182540842,123085522,78986286,48916762,29680018,17939569,11065272,6921236,4206038,2507818,1472918,870107,523118,305002,175959,101898,59740,36580,22057,13099,7910,4882,2900,1647,892"
33,2005,"7342,12893,20451,29295,41679,60232,86568,123762,182968,278226,428216,664943,1091032,2142362,5151709,12530025,28770703,64098300,119879034,190944913,265682140,317651410,323440894,298251644,255704524,200197326,140522273,90814178,57374143,35272110,21169307,12790393,7899784,4833876,2875019,1689493,992808,603109,353065,204425,120744,72680,45276,27528,16805,10185,6398,3791,2154,1157"
33,2006,"3581,6343,10185,14746,21395,31566,46356,68052,104688,165629,266525,433557,772526,1658775,4426693,11764941,28778993,61916639,114317772,179757609,243995399,289203923,298773578,277530517,239354193,188701732,131693850,82316361,50379130,29924950,17472261,10047936,5721700,3266702,1821330,990366,540976,301331,171242,96479,55457,32931,19893,12107,7684,4919,3094,1943,1157,652"
33,2007,"4248,7361,11503,16145,22604,32108,45572,65967,99793,158480,257685,435516,865045,2226940,6430638,18360143,48652722,118471226,254926812,401165339,472970513,465407692,420037226,360330303,295910839,228901444,158887061,99930229,61271933,36550014,21428431,12376925,7111337,4072693,2271852,1247376,685612,384306,221809,127770,76772,48439,31028,20073,13154,8731,5677,3593,2131,1187"
33,2008,"4195,7570,12519,18481,28305,43732,66399,107594,187357,326901,581315,1125457,2292689,4987830,11350583,27077890,62645287,135084773,275356160,435935113,521798788,512197411,453161562,377229942,303511597,234583120,165599875,103756644,61345885,36488345,21097886,11894205,6557094,3584747,1973731,1036241,527714,274208,151637,87969,52911,33372,22255,15079,10373,7136,4827,3163,1935,1107"
33,2009,"3427,6259,10550,15821,24918,39422,60862,100653,177811,312319,558960,1098012,2280900,4969079,11246494,26938623,61682752,131914638,271339909,439373325,539995974,538250402,480447694,399167217,319390351,245062349,169993117,104078483,59018256,33783780,19118779,10665805,5848777,3191765,1748505,981464,527654,281542,156326,92137,57282,36923,24313,16786,11492,7907,5352,3540,2184,1262"
33,2010,"2107,4020,7198,11362,19373,32606,52439,90803,163843,289387,521884,1037651,2168589,4526848,9278075,19806818,42234768,93352384,192131857,332661755,415583290,396948611,325993017,243886640,169706336,114573964,74307910,45011703,25585815,14192849,7867693,4381835,2442421,1365255,776095,457380,277507,172641,110622,72769,49674,34819,24323,17125,11920,8233,5551,3628,2214,1259"
33,2011,"2590,4803,8253,12681,20710,33911,53755,90810,158617,274884,468895,881891,1774835,3650536,7606065,15885106,35111929,75269336,161462145,300975468,411918336,415708799,351689983,263141076,184609460,125040335,81591482,50172315,28683719,15951046,8741682,4906765,2756383,1539335,871002,517820,322565,202514,129585,85272,57125,39012,26816,18248,12403,8255,5387,3408,2028,1135"
33,2012,"1721,3249,5663,8932,14928,25052,40925,71119,127687,226726,391298,722461,1461136,3057340,6472074,13403547,30197462,67622730,150726555,286848928,406892756,424134832,364445225,270532989,189260829,127705946,83791611,52152663,30268918,16800165,9249936,5195146,2902536,1605001,896836,523457,321205,199359,126728,83197,55475,37827,25916,17541,11834,7808,5048,3164,1868,1034"
33,2013,"2869,5337,9067,14138,22982,37154,59107,99225,169852,287471,489288,895596,1726469,3406138,6832695,13712949,29954502,65216193,141294251,273382675,406089804,438784705,381741511,285853687,197335854,134314528,90322687,56463063,32434817,18154022,9989576,5619839,3148692,1742718,970915,563785,343854,212279,133618,86445,56393,37458,25095,16641,11009,7150,4588,2862,1689,939"
33,2014,"2047,3823,6573,10294,16995,27907,44813,76680,134206,236192,406348,739940,1457144,3003394,6321946,13173266,29416445,64949725,143511032,285621931,442213149,492119307,437695734,334905467,231927849,154719822,100313714,60525601,34535001,19119690,10461052,5778552,3296851,1855615,1046900,609580,379379,234408,145791,94204,62365,41449,28113,19132,12800,8512,5495,3441,2015,1107"
33,2015,"1737,3339,5888,9537,16102,26723,43742,73753,129333,226846,395145,704620,1377248,2847912,5919878,12252180,26977015,60053703,131665688,268594143,429520190,497755415,455463537,354144159,248906347,167568784,106795644,63547236,36171373,20298089,11345258,6301966,3546541,1976052,1117791,643433,389374,236444,146425,92992,60009,39257,26766,18199,12359,8378,5566,3585,2167,1220"
33,2016,"2531,4759,8179,12814,20795,33419,52730,87960,152050,263840,454388,825059,1614472,3231658,6500792,12977846,27918343,60267245,126219516,255372020,418968270,506628065,472674001,376963905,268261344,182885346,117042735,70706180,40040069,22295195,12314209,6773044,3735555,2023167,1101972,620683,367770,218685,134588,85652,55868,36964,25070,17142,11548,7790,5130,3293,1974,1112"
33,2017,"2374,4469,7686,12089,19744,31946,50843,85425,147011,255874,437200,789534,1512340,3013619,6015877,11943059,25065601,52773285,114392993,231232839,395200539,502052928,478008939,383868271,274667522,188541265,121185378,74176741,42299768,23597413,12741928,6840491,3693674,2026849,1112080,608458,342334,206202,126191,78254,50464,33436,22486,15369,10563,7109,4735,3033,1825,1025"
33,2018,"2573,4834,8304,13013,21143,33939,53504,88591,151412,258110,438512,788811,1492613,2888319,5560767,10503230,19879262,37016133,64348237,107955883,174013274,234712146,247137880,218200736,174171140,132437998,92300781,58163834,32585098,18117985,9525977,4960611,2538407,1315783,698576,366035,193383,106613,61780,35730,21031,12794,8139,5092,3221,2015,1241,739,415,217"
33,2019,"4047,7458,12558,19145,30208,47119,72181,116271,193549,322075,536328,949391,1782481,3424067,6535834,11934563,22486497,41477151,69256822,107781391,162991145,211811696,218096018,191550425,153047581,117475110,84791576,55099939,31736599,17511887,9357305,4868282,2468960,1248139,642842,336337,181417,102145,59781,35453,21457,13344,8528,5399,3474,2189,1360,818,462,244"
34,1987,"52714,89708,136548,187724,254877,346507,479906,691436,1042171,1639753,2735484,5253849,11307472,24714157,52025953,102246216,186348281,328206064,471505919,517159080,442232484,293552373,159227558,83476252,45059562,24095984,12473649,6474253,3622888,2132536,1214192,694797,422712,259364,157757,99606,63858,40881,26563,17218,10933,6889,4257,2626,1611,983,597,355,202,108"
34,1988,"58648,99867,152059,209478,285085,386149,533854,765236,1132350,1764225,2863629,5201884,10562646,22564816,47011242,92170136,171266413,302834248,456064209,527824064,474455781,330806311,185057316,97075629,51465882,26825703,13826288,7034824,3765284,2172386,1270323,735046,436420,264008,161027,99318,62674,40300,25728,16561,10665,6703,4206,2599,1609,990,605,363,208,112"
34,1989,"61935,105378,160260,220820,300696,407196,563632,809223,1186596,1811260,2901201,5202261,10559296,23041616,50923694,109449429,213300035,364442945,510461258,524306947,427702486,283466275,163839565,91009107,50352212,27378875,14624017,7842362,4423197,2590900,1515977,886181,539586,332919,208296,133712,87032,58051,38570,25582,16940,10957,7035,4435,2774,1709,1038,615,345,183"
34,1990,"64517,110041,167869,231944,316935,431064,597176,857022,1259408,1923575,3071946,5414671,10728634,23083792,50181307,106904303,204952459,355603844,512692549,545440867,457340263,312970840,187142861,105808580,58706852,31837763,16865674,8976568,4999015,2906188,1691996,979713,592192,366064,228179,146098,94781,63681,42747,28628,19161,12561,8177,5229,3314,2070,1273,761,431,230"
34,1991,"68686,117366,179267,248359,340830,462218,644830,927156,1358522,2067349,3294219,5715634,11114374,23765860,50830242,108557503,206377115,356656465,516671362,552650175,472215280,329331930,198875365,115313960,65137151,35839581,19082238,10086678,5570932,3201189,1842469,1064064,644360,395110,246807,156534,101069,66949,44497,29684,19760,12938,8426,5408,3444,2165,1338,805,459,246"
34,1992,"57879,99715,153327,216555,302521,419901,601002,890278,1341358,2086133,3412112,5988591,11551766,23966050,50005946,104743235,197816274,344240584,511679355,556611930,490407610,351829272,219677715,128055439,72299228,39653000,21033777,11059127,6074405,3421057,1938875,1104633,659924,401653,247982,156898,100877,66583,44316,29495,19641,12900,8436,5448,3503,2227,1397,856,495,269"
34,1993,"41966,73512,115049,167253,242666,349379,521604,808419,1256020,2027590,3444058,6058353,11593583,23459264,49917717,99672645,183787566,315324712,484396747,525996644,468789577,352827224,228555453,134192944,76212384,42594787,22700012,11907245,6497400,3583867,1993989,1127310,678488,415438,262125,171143,113412,77423,52711,35835,24303,16185,10698,6958,4481,2846,1780,1088,630,344"
34,1994,"40169,70061,109603,158349,229745,332384,504855,801068,1278591,2124888,3692997,6521426,12179383,23500193,46884718,91852522,171963196,296298098,467631497,548236126,500857998,381219114,252472899,152273757,85904588,48773427,26361800,13859531,7383228,4172589,2331031,1300292,766383,473366,299205,193145,127720,86352,58526,39836,27034,18056,11916,7746,4966,3129,1937,1169,669,361"
34,1995,"37573,65917,103769,150941,220877,321423,491130,784195,1253744,2083894,3635927,6438055,11826566,22691185,44757906,87489872,161558119,280651800,446426860,553286451,513557765,394386746,263187859,159021620,90229437,51721169,28573168,15209028,7953870,4421746,2530166,1423622,823900,505361,323877,211092,140769,96164,65805,45106,30800,20656,13661,8858,5655,3537,2166,1291,728,390"
34,1996,"32484,57277,90693,132997,196717,287551,444744,722958,1177368,1986869,3546277,6337266,11417051,21263451,41212234,81514468,158009676,266838613,428161181,548399225,533893785,417657939,285393586,174424999,100422168,57579923,31686586,17214338,9091122,4903793,2769771,1581744,902306,542671,346731,226239,151419,102866,70301,48395,33101,22317,14883,9722,6245,3932,2424,1452,823,441"
34,1997,"28767,50975,81220,120035,178566,266603,418310,682986,1141968,1957626,3514569,6296763,11204296,19157801,32377937,56578605,95261866,164844473,278029363,356589994,339134456,250507742,162033496,100735045,60113984,35640368,20372196,11309292,6286573,3656465,2197958,1335662,822663,520288,338611,224832,150477,102195,69970,48002,32758,21979,14565,9427,5998,3737,2277,1349,757,403"
34,1998,"27598,48901,77971,115321,172305,258681,407590,671845,1138751,1969153,3560087,6486262,11990980,22580862,43946128,88788813,173180355,303184837,478680192,597263048,568905558,441560222,307253851,194771953,114462302,65172009,36950887,20333208,10894651,5916295,3345321,1892920,1053883,611832,378638,244233,159393,106595,72234,49179,33410,22263,14659,9386,5895,3610,2156,1246,682,353"
34,1999,"30638,54305,86617,128039,190817,285521,447415,729389,1218499,2068141,3621495,6564252,11537623,19453151,32417165,57685284,102291661,183842863,318571390,422106392,410343425,310554728,202340669,126296531,74368033,42868077,23984691,13136211,7172448,4100557,2434851,1460291,880404,546370,350836,229071,151686,102257,69655,47958,33029,22462,15186,10084,6626,4282,2720,1680,980,538"
34,2000,"26227,47208,75962,115856,177703,273204,438071,726200,1240645,2154970,3811033,6889656,11919369,19706921,32178664,56925201,101480038,185148934,322977218,430553743,418663845,314603465,203424654,128678313,78351462,46832211,26460529,14487741,7834876,4433228,2602251,1536937,912371,560259,357916,231784,152172,101882,68559,46404,31503,20984,13768,8819,5532,3386,2017,1161,632,324"
34,2001,"23074,41567,66843,101914,156849,244180,399977,674255,1169255,2061187,3717727,6812099,11729848,19153229,30939592,54567893,98504521,184452326,323460124,437684677,432329354,327861198,213695357,134732332,82570857,49348180,27858675,15269437,8255281,4671531,2730380,1598252,941943,576579,365881,234844,153328,102122,68307,46198,31354,20870,13723,8820,5559,3419,2048,1187,649,333"
34,2002,"20011,36012,57874,88085,135623,213140,349119,591570,1035584,1844244,3351641,6223454,10846855,17798708,29080319,51710251,95736604,183110183,322068116,436199953,435496460,334139537,218446309,135062057,80907456,47840731,27188419,15054868,8296459,4777724,2816014,1660154,978895,593567,371730,237981,155314,103773,69808,47513,32321,21591,14230,9157,5785,3563,2139,1241,680,349"
34,2003,"20170,36408,58742,90043,138620,216099,348069,576960,995853,1756994,3159751,5866307,10336684,17190247,28261366,49967695,92438544,177962139,310661341,408450361,397349697,299343408,195031898,120693189,71196799,41929144,24023650,13371106,7403629,4279359,2546626,1507329,900423,558271,356456,230590,152393,102995,69590,47529,32483,21713,14356,9240,5851,3610,2172,1264,694,357"
34,2004,"18066,32615,52523,80773,124479,194965,314879,523569,913784,1631256,2891915,5380923,9661893,16272515,26873430,47087177,86274698,167602036,301549412,405878501,407747041,315233762,208378034,130112961,76763029,44857469,25691119,14310440,7917913,4542448,2669106,1577163,934719,573276,361832,231579,152256,102118,68588,46870,32006,21406,14160,9130,5794,3583,2159,1259,692,356"
34,2005,"16360,29579,47732,73696,114204,180257,293381,490754,863512,1553873,2738967,5111350,9195973,15608144,25755785,44691077,81104165,156420243,287198215,400149573,413443324,330315976,222558230,138829445,81611762,47292314,26992316,15195824,8445042,4862193,2868677,1702751,1011956,621723,394578,254489,168186,113465,76594,52573,36086,24247,16138,10472,6699,4180,2548,1504,839,439"
34,2006,"15434,27861,45607,69149,106575,167345,272554,455663,790636,1408097,2542158,4676964,8652155,15112442,25379771,44517602,80858828,152363675,282186693,403320482,422845058,343156654,234475028,145324871,87141579,50367696,28610382,15953381,8818378,5048096,2929507,1712535,1013287,622231,393754,254098,168145,113857,77410,53573,37183,25449,17289,11510,7581,4890,3090,1894,1093,591"
34,2007,"11978,21559,35215,53463,83809,129993,215654,375956,650979,1171128,2139759,3972872,7508275,13339579,22227243,35342031,55586970,83754746,121822874,165195946,188096776,170276144,125902998,81891258,50275785,29134097,16748574,9462150,5258625,2904530,1610690,937521,556066,335736,207427,134208,87912,58180,39118,26407,17647,11760,7734,4963,3127,1907,1129,640,342,170"
34,2008,"10283,18303,29399,44266,68005,103309,168452,287270,485517,871603,1588383,2861362,5318938,9616963,16244122,26142398,40936808,61453126,90553961,120382336,133567879,120630273,91003402,61044770,38401182,22925728,13246518,7504282,4184293,2297406,1282862,752216,451467,274985,173773,114736,76547,51681,35392,24127,16384,11063,7373,4800,3065,1901,1145,663,361,183"
34,2009,"9707,17346,28018,42596,66317,101877,169251,292937,499032,900220,1644381,2967593,5442656,9661446,16199260,25627791,39291683,57427203,80520091,103725539,111654796,98387134,71956743,47282428,29503436,17604920,10260784,5784661,3256437,1823210,1051564,636071,389517,245265,159329,106939,72463,49346,33955,23384,16009,10897,7348,4893,3195,2045,1271,762,428,225"
34,2010,"8743,15521,24874,37287,57200,87055,143987,252693,436104,758760,1380827,2516477,4530494,8232927,14390564,23304384,36439038,54055738,76296566,99542670,108924563,96949705,71348788,46308872,28722320,16758532,9512455,5296786,2920714,1624757,924376,551683,338799,213759,138987,93503,63479,43630,30134,20821,14403,9914,6738,4541,3021,1957,1239,751,427,226"
34,2011,"8069,14206,22558,33332,50311,75535,123067,215022,373715,663592,1252154,2332297,4228172,7709699,13805957,23210950,36756601,55114979,78136256,102794378,114063235,103062334,76941981,50780777,31462488,18451924,10505099,5816263,3207905,1756914,978379,572341,350122,218653,140154,92676,62694,43045,29743,20672,14425,10057,6937,4769,3236,2150,1398,875,513,281"
34,2012,"5091,9324,15398,23945,38450,60581,102054,183770,328720,589866,1131038,2155376,4001485,7320489,13211534,22806377,36814158,55526564,78817192,103928019,116827804,107746981,81575761,55124863,34629288,20285574,11463836,6345961,3464873,1865361,1022336,586575,352877,216401,137047,89620,60194,41320,28445,19691,13735,9566,6601,4530,3068,2025,1305,805,465,250"
34,2013,"3814,6998,11615,18193,29482,47583,80125,149863,280656,501587,986097,1936904,3665232,6702903,12250158,21564911,35661903,55044332,78362999,102920530,116427026,109420664,83342900,56779289,35881624,21353921,12091176,6677257,3665055,1984451,1087037,615375,364083,223426,141634,93155,63173,43462,30214,21029,14665,10234,7118,4907,3360,2276,1496,954,565,313"
34,2014,"5125,9267,15102,23031,35979,55944,90471,162024,294874,517287,994129,1927212,3618719,6567124,11825264,20666489,33717356,50031859,66092190,76573993,76215294,65569858,45982380,30170723,18931634,11471150,6722309,3810640,2136502,1202166,686146,399645,237562,144162,89634,57872,37977,25204,17008,11466,7694,5118,3367,2192,1409,898,566,349,205,114"
34,2015,"5809,10460,17013,25702,39789,61308,97686,171855,308513,536004,1022220,1998338,3776636,6830868,12183896,21286861,35070283,52683829,69770687,80261846,79719795,69700510,49201194,32177122,20442646,12435059,7283182,4136766,2323865,1294098,725719,420950,247879,148757,92524,59459,38786,25844,17529,11853,7986,5343,3525,2305,1491,958,609,380,225,126"
34,2016,"5916,10623,17230,25938,40101,61595,98907,173957,310559,549235,1057507,2065986,3896237,7062258,12562716,21930732,36072989,53924168,70821879,81605006,81225864,72016611,51768590,33629840,21243650,12870224,7578497,4289699,2402583,1351376,764806,440126,261983,158758,99118,63296,41558,27723,18667,12636,8532,5695,3765,2463,1600,1032,660,415,247,139"
34,2017,"5931,10640,17245,25960,40184,61888,99934,177629,321220,563981,1084298,2130530,4046754,7372858,13146949,23112147,38456772,58345596,77585058,90013059,90159842,81257404,61183146,40227411,25849257,15943842,9421177,5278313,2947572,1648533,920162,521083,304001,181326,111484,70340,45880,30329,20280,13716,9237,6144,4061,2652,1722,1109,710,446,265,149"
34,2018,"5821,10464,16982,25616,39687,61057,98598,175130,316417,555911,1067227,2098994,3993261,7276175,12978404,22807128,37885840,57402487,75861316,87161703,87611211,79311360,60992844,39763848,25196214,15651194,9174500,5115013,2844572,1589664,886877,501258,289971,171966,105686,67020,43310,28858,19508,13203,8931,6011,3990,2630,1716,1113,717,452,270,153"
34,2019,"4381,7874,12741,19472,30591,47785,80468,149752,279487,500784,986142,1965148,3729859,6749734,12159307,21445002,35291420,51900141,67631446,78622392,82413021,76351275,61308291,39815499,24718851,15127833,8775771,4905642,2705165,1486957,822955,468315,275567,165953,102775,65478,42365,28389,18967,12596,8453,5645,3717,2435,1582,1018,652,409,245,139"
