on_income_level,year,income_mountain_50bracket_shape_for_log
21,1981,"43099,73205,110800,152760,207762,281727,401494,605960,946545,1600142,3230729,7431198,17330348,39387060,88271184,164478405,276168355,365188891,374375540,339321904,257408265,158294480,87014453,47221886,26279667,14817746,8300598,4453911,2381364,1321048,730649,412837,248868,156433,99929,65340,43216,28736,19288,12814,8392,5423,3459,2174,1355,838,514,309,178,97"
21,1982,"42751,72573,109686,151436,206005,279757,395680,596108,939701,1554317,3024288,6853658,15819122,34920450,77771916,152632010,259954761,370749123,402086668,367019459,275841522,166515428,90825214,48554986,26745217,14740835,8117854,4329885,2313517,1286389,711029,400603,240074,150782,96349,62892,41788,27930,18859,12581,8283,5391,3458,2186,1367,847,518,310,177,96"
21,1983,"43603,74050,111990,154544,209639,286024,405343,607323,960344,1572459,2846268,6082991,13837432,31608012,68120888,134420791,237622295,362709379,425316447,399833895,303096501,183274049,97174711,51986851,28405306,15431514,8349176,4435740,2393649,1343499,735375,409497,243221,151005,95718,61697,40885,27185,18346,12367,8203,5410,3519,2263,1438,903,559,339,195,106"
21,1984,"43939,74568,112567,155389,210605,286858,404215,595002,923545,1496151,2576543,5162214,11440794,25450969,54920756,112489515,206841348,343066634,445973632,442091081,340246854,204744473,108561579,57352971,30836272,16681893,8903409,4732499,2615427,1489525,817654,455184,273303,168957,105428,67881,44227,29140,19436,12840,8388,5432,3471,2200,1383,863,532,322,185,101"
21,1985,"44220,74869,112801,154920,208622,282237,394903,578193,892741,1437495,2483212,4945301,10898015,24113933,51863540,104769203,189429929,323112220,441980605,459886249,370298519,230767077,123340369,65125393,34546188,18406520,9687034,5139702,2847241,1632084,914712,522133,315546,195823,122656,78021,50570,32687,21279,13789,8738,5512,3423,2120,1304,800,486,291,166,90"
21,1986,"47527,80620,121970,167469,226374,307523,428888,625229,972969,1570829,2671960,5178871,11166610,24130681,49902880,97572913,173675390,299288854,421352591,453820677,378851128,242045587,129556981,66845933,35939471,19059447,9917437,5215213,2900563,1707766,974669,566480,346064,218418,138737,88929,58228,37733,24654,16026,10128,6363,3916,2401,1464,892,541,323,184,100"
21,1987,"50524,85946,130744,179736,244061,332302,461827,669745,1018212,1614951,2715617,5203303,11044501,23745422,48851108,93716949,164653407,284983523,414496007,462194558,401061800,267595364,143573271,74480370,39974488,21163607,10814740,5518997,3050025,1809814,1043977,608009,375301,237089,148713,95526,61726,39733,25981,16815,10649,6707,4151,2567,1585,980,602,364,209,114"
21,1988,"53861,91619,139438,191818,261084,354771,493031,715012,1074724,1698836,2793441,5095631,10267825,21615767,43921538,83730504,150182503,261936302,399042196,469673064,429564734,302092153,167582083,86931281,45813528,23622769,12026804,6020982,3168493,1827912,1088707,643811,387255,240984,152035,95417,60629,39301,25313,16330,10533,6661,4212,2628,1649,1030,639,389,225,123"
21,1989,"56327,95811,145764,200852,274109,373109,520395,757796,1130331,1750847,2842712,5124033,10305490,22128204,47885032,101093138,192492705,324732041,453718840,465173522,381775613,253754040,145530775,80493795,44426499,24042583,12749134,6802276,3834963,2251737,1340257,801969,496848,313885,201640,131623,86108,57787,38641,25664,17011,11025,7105,4497,2828,1756,1073,639,361,193"
21,1990,"59237,101067,154337,213400,292433,399917,558035,810944,1209175,1867984,3016232,5336571,10516906,22360177,47739898,99987619,187759948,319666147,457121441,479240584,397551292,268653334,156226395,86706078,47981223,25878996,13622832,7191152,3995150,2322642,1377531,821888,512552,325801,209798,138275,91427,62185,41920,28114,18858,12373,8059,5167,3287,2062,1275,768,438,236"
21,1991,"62786,107312,164052,227425,313011,426624,599763,873616,1299590,2002506,3226008,5615543,10838332,22901518,48240118,101813350,189422454,321199233,462727194,487116667,410511585,281232199,163651197,91806788,50883739,27466881,14328850,7412270,4058146,2323085,1355154,803436,502715,319047,206625,136102,90299,61506,41392,27832,18674,12286,8025,5171,3308,2087,1299,787,451,244"
21,1992,"51034,88126,135927,192893,271554,380832,551959,832078,1275459,2010959,3332746,5897199,11367489,23372124,48184250,99727987,184693288,313065414,458100469,489925426,425119294,299420169,181707341,102841159,57027298,30695776,15977232,8193482,4435750,2475187,1408793,817718,505043,318122,204043,134853,89704,60762,40947,27567,18509,12171,7969,5145,3295,2089,1306,797,460,250"
21,1993,"36886,64887,102083,149374,219049,319458,482874,760766,1200269,1960631,3363578,5963229,11440333,23121400,49127208,97782377,179667709,306060975,464878691,495495715,431590729,317657179,199527432,113015562,62730335,34473531,18111320,9340924,5070134,2785635,1553808,889395,549839,344978,223965,150771,101808,70483,48428,33068,22446,14881,9741,6258,3970,2481,1528,920,527,285"
21,1994,"46057,79924,124348,177919,255073,364704,545141,853210,1347132,2215942,3811227,6683729,12379474,23655913,46756978,90766722,168727076,287505347,447622647,515353559,460720398,342749827,220594130,128632301,70446043,39251739,21026230,10871008,5716312,3225137,1802999,1013677,606030,381093,246322,163570,110845,76178,52396,36016,24541,16387,10763,6931,4389,2729,1667,994,563,302"
21,1995,"42392,73866,115350,165993,239465,343758,517507,816278,1294118,2136845,3707270,6540483,11954375,22774616,44631247,86748998,159378105,274480528,431771574,525632205,479198719,363644935,239864867,141778111,78177098,43989899,24078577,12654140,6520260,3610820,2071304,1169256,681421,423950,275771,182966,123999,85745,59158,40813,27939,18707,12309,7909,4989,3077,1856,1090,607,321"
21,1996,"31006,54271,85265,123931,181628,264121,408377,668291,1097038,1867360,3369393,6069182,10804394,18688977,31990860,55392873,91900826,156976887,259691352,321795888,291455250,205185094,127852215,76665884,44020898,25333594,14223552,7819581,4333595,2560744,1575266,978702,615295,401146,269718,182371,125710,87371,60462,41965,28794,19399,12846,8295,5251,3241,1953,1142,632,331"
21,1997,"28083,49359,78004,114074,167934,249549,390904,642305,1086400,1885327,3421741,6182023,11044590,18831579,31580201,54718938,91253195,156662976,261023555,324347364,294310376,207052834,128524796,76984094,44217653,25334828,14204024,7757789,4277016,2512609,1539488,946067,593254,384564,256350,174306,119684,83480,58111,40382,27905,18830,12487,8076,5110,3153,1896,1105,610,319"
21,1998,"20617,36831,59293,89052,135693,208572,338301,574365,998430,1759474,3243314,5951833,10653829,18182174,30325830,52548389,88374454,152003168,250704498,309251112,279097151,195700380,119726537,71161030,40506273,23204350,12900813,6995071,3863784,2304991,1429027,884611,561154,367524,245834,167025,114871,80210,55795,38808,26855,18118,12024,7778,4924,3037,1825,1061,584,303"
21,1999,"22404,40201,65034,98090,149881,230291,373379,628360,1079730,1876128,3354566,6166075,10863866,18142424,29637127,51325213,87716867,152216244,253341272,315649254,288167952,203592142,124458474,73870730,41831105,24014481,13413561,7289089,4022295,2386474,1470786,902471,565684,368077,245126,164721,112688,78064,53725,37126,25505,17068,11270,7259,4589,2835,1712,1003,557,292"
21,2000,"21393,38714,62530,96453,149536,232793,380673,642894,1120648,1984276,3570582,6532353,11305891,18473449,29488009,50647500,87105746,152560643,256344070,321724069,295627344,210810348,128892762,77062759,43950565,25276717,14101077,7680612,4230550,2502747,1539746,940992,586052,378081,250171,167097,113793,78742,54151,37492,25877,17406,11565,7492,4763,2954,1786,1044,576,298"
21,2001,"12980,23860,38958,61343,97265,156853,268433,458886,803635,1452960,2687350,4977223,8476191,13303409,19642928,29826835,44766824,61237235,78073525,87320097,80387022,59750681,38342506,23888849,14495500,8511800,4929713,2887698,1679564,1003841,624127,392680,247340,159002,104530,69555,47029,31663,21247,14266,9486,6227,4022,2553,1583,956,559,313,164,80"
21,2002,"10026,18610,30435,49085,79291,131604,231851,406652,729079,1338860,2497782,4667572,7972083,12477954,18581529,28197556,43330548,62300037,80650749,89346105,81594146,59771792,37902512,23308835,13925349,8071938,4655870,2702040,1560034,921584,566661,353017,223039,144813,96545,66501,45763,31724,21934,14949,10070,6652,4305,2726,1682,1009,584,323,167,79"
21,2003,"10975,20423,33614,54410,87363,142309,242516,412350,725159,1312650,2404350,4453904,7643605,12014621,17999849,27162729,42348665,63292621,83930038,92526464,84071396,61812024,40001625,24613587,14626071,8567264,4948350,2844246,1631076,947794,571103,350499,219918,142039,95193,65745,45504,31895,22239,15282,10398,6915,4509,2868,1777,1068,618,341,175,83"
21,2004,"14581,26578,42968,67284,104612,164826,269685,445854,767441,1355474,2398843,4373201,7518736,11782363,17578334,26177598,39430587,58691426,81725869,94645198,91326680,71523962,47559478,29510283,17579159,10388664,6025927,3499725,2030682,1187427,706352,429138,265253,169132,111670,75246,51692,35770,24771,17058,11575,7756,5066,3246,2020,1221,711,395,205,98"
21,2005,"9009,16853,27842,45542,73783,121783,209109,358874,643972,1182589,2121993,3950904,6874705,10951174,16453651,24412941,36575872,53264236,75187114,90461476,89499811,71504802,47497088,28668814,16928557,9991965,5810003,3418648,1997709,1173131,701107,428955,264069,167064,111379,75729,52507,36536,25309,17453,11869,7940,5204,3338,2086,1266,742,417,219,107"
21,2006,"8197,15291,25877,41110,66083,108766,188141,323964,572696,1047976,1931532,3522536,6342961,10446195,15997608,23939732,35783942,51231235,72682228,90642588,91574125,75227278,50843187,30757863,18224866,10621482,6119146,3529298,2028874,1153334,671221,417394,258442,161961,106964,72633,49989,34584,23968,16572,11329,7697,5127,3350,2136,1323,792,454,244,122"
21,2007,"5826,10790,18158,28882,47612,76629,136857,249458,436895,813081,1517376,2795694,5248307,9098760,14673386,22412727,34146228,50041553,70831807,90021956,93482784,78694089,54201497,33142920,19627395,11190343,6425407,3659288,2056932,1149476,658612,404543,248850,154657,100219,67469,46012,31446,21779,15156,10410,7162,4872,3246,2125,1350,832,490,270,138"
21,2008,"5050,9320,15588,24877,40873,65491,115111,208120,366049,692865,1309436,2404333,4527516,8130640,13460463,21131695,31682570,44152715,57453668,63314744,57657624,45367826,29887713,18369046,11159384,6606863,3823676,2186102,1262681,742023,449236,275688,170496,106302,68253,44954,29643,19878,13313,8882,5879,3818,2436,1519,928,552,319,178,94,47"
21,2009,"5139,9520,16005,25758,42759,69028,122867,224071,395178,745114,1400325,2567504,4758144,8448008,13986768,21805201,32421088,45005435,57029539,63711409,59065188,46619406,31272360,19523855,11902701,7114041,4148648,2365258,1368204,802110,481600,295719,181121,112399,71828,46936,31076,20734,13774,9151,6010,3888,2478,1550,955,575,339,193,104,53"
21,2010,"3868,7216,12230,19768,33152,54205,98679,187490,341467,624009,1188772,2236965,4106549,7525536,13128856,21005760,31728856,44561623,57123861,65392775,62575526,49950365,34373699,21696839,13385819,8077949,4670292,2642627,1503875,878427,516033,306981,186568,116031,73489,47327,31292,20786,13784,9183,6069,3954,2543,1609,1003,614,368,215,119,62"
21,2011,"3489,6428,10750,17071,28150,45516,82107,156714,289575,543030,1076254,2069975,3824355,7047128,12583080,20891515,32150989,45764276,59603983,69322821,67712193,54543716,37705508,23983379,14845409,8938409,5181934,2925511,1652868,943807,544581,325086,195925,119609,74739,47774,31055,20633,13736,9164,6098,4037,2637,1698,1077,673,414,248,141,76"
21,2012,"4423,8151,13522,21227,34394,54498,93051,169494,305317,551478,1068534,2043870,3785249,6886728,12311502,20897761,32642168,46447754,60143039,69940211,69161298,56734574,39195889,25374606,15736282,9443336,5411393,3044072,1687143,935353,526998,307416,182182,110568,70230,45939,30538,20694,14038,9531,6422,4294,2832,1838,1177,743,462,281,162,88"
21,2013,"4009,7345,12090,19002,30594,48984,82472,153485,285111,505333,993077,1936308,3614686,6515016,11765318,20354589,32444967,46953372,60604485,69133295,66170360,53400756,34712454,21267283,12875202,7616055,4417933,2546466,1439141,817977,480953,290698,175581,109510,70819,47367,32070,21872,14912,10108,6789,4500,2946,1903,1214,765,476,290,168,92"
21,2014,"4000,7260,11846,18349,29093,45937,76340,141031,262551,467771,916549,1798952,3405985,6238251,11367820,20085107,32712808,47896039,62241209,70853042,68050519,56196672,36850262,22744830,13876585,8179221,4778117,2740126,1542411,880163,514614,308836,187077,115985,73931,49502,33363,22743,15681,10732,7284,4895,3242,2124,1373,880,557,346,203,114"
21,2015,"4149,7487,12148,18651,29260,45751,75376,138463,257343,458230,900852,1798893,3450955,6318049,11494642,20441638,33658724,49668188,64353950,72498101,69388403,58133300,38436406,23452965,14515823,8622873,5004984,2852262,1609818,915322,528661,316828,190837,116553,74177,49301,33168,22656,15655,10780,7355,4971,3314,2188,1430,927,595,374,222,125"
21,2016,"4217,7584,12262,18744,29376,45774,76250,140099,258785,470755,935291,1865270,3568040,6544616,11868667,21077567,34633281,50801081,65187297,73521667,70607022,60198595,40860732,24878324,15341002,9084267,5304149,3020550,1703430,979308,568916,336573,205549,126852,80173,52242,35092,23849,16281,11176,7620,5129,3425,2263,1487,971,629,400,240,137"
21,2017,"4280,7682,12403,18939,29709,46435,77815,144554,270337,486007,960433,1917519,3666726,6696407,12054212,21375210,35014724,51446902,65886118,73949256,71545568,62384006,44447406,26773248,16444242,9776155,5709743,3240652,1833418,1053281,609981,360509,220123,135823,85628,55576,37359,25371,17309,11882,8096,5443,3630,2396,1573,1026,665,423,255,145"
21,2018,"4391,7879,12719,19391,30349,47262,78907,145768,271421,486561,960158,1914316,3659070,6670579,11977072,21259122,35000897,51841975,66800993,74936905,73466862,65039596,47888493,29017179,17632743,10591123,6129565,3496909,1972632,1124540,647924,381912,231273,142350,89449,58064,38482,26244,18010,12329,8423,5716,3822,2538,1669,1090,706,448,269,153"
21,2019,"4315,7757,12555,19209,30215,47243,79664,148368,276507,494233,971476,1929495,3635522,6510015,11574357,20104046,32326216,46136670,58133272,65352661,66529282,60516107,46855886,28565651,17224166,10353945,5984168,3401459,1905988,1064880,604851,354642,212688,129535,81152,52519,34588,23658,16161,10981,7504,5078,3390,2242,1468,955,617,392,237,136"
22,1981,"7144,12264,18900,26369,36446,50638,70333,100299,148417,222900,344721,605234,1196142,2473073,5255776,11612637,23592692,38396201,51542866,58714291,60732881,61131254,57969697,51930248,44214557,35256684,25215452,16378653,10357382,6226819,3702335,2187573,1302552,756624,431186,244398,137316,77188,44753,25569,14680,8610,5173,3224,1941,1156,679,404,219,112"
22,1982,"7554,12997,20081,28077,38927,54147,75110,107350,159123,238404,365556,633635,1239811,2575081,5461292,11631574,23654523,38948695,52934949,60863317,63231099,63515875,59952879,53704777,45755437,36234594,25982259,16832341,10468775,6277985,3727882,2175682,1295717,756512,429660,240967,136616,77778,44716,25378,14663,8697,5178,3128,1901,1131,664,397,219,112"
22,1983,"8511,14663,22672,31723,43948,61465,85554,121892,179945,268428,406201,673261,1241089,2451707,5042506,10921249,22608635,38878903,54652477,65530172,70348511,71801130,68049956,59929035,50236599,39668476,28778297,18800946,11646603,7010751,4139147,2450709,1446365,844751,486558,277606,157801,90992,53536,31367,18420,10994,6785,4160,2519,1528,927,546,302,156"
22,1984,"8302,14275,22035,30762,42625,59355,82414,117593,173959,259949,393051,651215,1198460,2361842,4839437,10732933,22202458,38748945,54864307,66171065,71003431,71724501,67500445,58363817,47933751,37752297,27529492,18312681,11296577,6739016,3917837,2287572,1344827,782972,445612,251446,141018,81450,46884,27173,15943,9404,5665,3380,1991,1156,675,373,197,97"
22,1985,"8299,14283,22045,30715,42437,58690,80727,114184,167793,249990,377699,626488,1167147,2300356,4831687,10496971,22568945,40425949,56748826,67464334,72020293,71819422,66548017,55586914,42453817,30371730,20563840,13686925,8981074,5661658,3474408,2101266,1270677,756454,438688,251139,141649,81565,46961,27155,15880,9314,5595,3326,1952,1124,656,362,190,94"
22,1986,"7853,13476,20739,28764,39623,54607,74977,106093,156753,235997,363130,622457,1226874,2559655,5783852,12863476,28928395,54434419,76756312,87134021,86106269,80174718,71059132,58165201,44232605,31491512,21195815,14043079,9086713,5662144,3422689,2040452,1229849,723216,412212,232784,130403,73673,42297,24095,13951,8232,4881,2897,1722,970,539,295,151,72"
22,1987,"8277,14190,21844,30303,41632,57251,79014,111555,163729,244435,370983,614242,1177546,2464825,5580275,12425842,28395560,55399007,79101751,90838362,90289009,83819165,74526931,61329736,46348447,32792865,21968817,14630435,9580150,6020344,3742891,2247426,1338937,789309,456876,262778,147804,84027,49088,28785,17044,10232,6188,3788,2240,1290,734,409,211,103"
22,1988,"10030,17194,26337,36575,49966,67358,91825,126206,177794,257332,381246,607133,1119228,2327664,5338183,12108662,27397965,52517486,78784925,95027615,95581079,88504462,78712817,65753161,50897362,36911935,24663262,15870297,9909706,5879835,3441311,2019258,1199948,702620,399405,225710,130253,77353,44477,25399,14835,9033,5421,3215,1895,1110,638,352,186,94"
22,1989,"10771,18373,28017,38624,52319,69995,94642,129148,180878,262394,387963,609774,1121350,2338846,5332885,12103676,27228497,51435065,77460984,93909358,94578020,86621505,75228386,60280033,44517568,30589299,19152740,11673042,7010275,4120557,2377409,1380894,810704,473408,272597,158795,93757,56905,34235,20754,12850,8156,5120,3239,2028,1246,754,440,244,129"
22,1990,"10364,17675,26957,37206,50575,67850,92220,127052,180032,263533,391062,609780,1060747,2102918,4678532,10598441,23528071,47129716,73836243,94024399,98150370,90299269,78921958,63930490,47988208,33551442,21818923,13643465,8362905,4870025,2827327,1614218,930321,530986,297821,169053,98679,58879,34951,21143,13227,8398,5313,3404,2182,1363,838,499,281,148"
22,1991,"11263,19243,29397,40646,55251,73951,100042,136420,190327,273695,402326,629229,1128471,2278681,4979352,10857051,24247159,48934002,75469768,95397824,99406696,90244836,77280982,61332482,45352608,31688991,21056066,13229979,8274479,4980562,2946934,1713785,1003428,585420,335617,190527,110207,65014,38479,23227,14474,9141,5824,3735,2404,1504,934,557,315,166"
22,1992,"12870,21878,33208,45486,61029,80586,107423,144263,199185,284244,411282,616474,1031606,1975626,4129958,8998595,20194955,43870445,73749852,94213945,98754981,88300973,73290564,57369592,42538017,29162065,18434397,11245486,6627940,3879498,2220895,1270239,726146,407456,225517,124653,70332,39724,23420,14221,8806,5558,3539,2265,1438,907,562,340,193,103"
22,1993,"12542,21367,32533,44771,60436,80386,107737,145836,202122,289821,421863,641951,1081661,2014934,4057616,8707148,19878591,42898487,75483496,97499620,102873955,92878244,78783486,63524357,47640241,32223268,19873120,11756869,6849335,3949247,2229693,1247986,702902,395989,223065,126447,72916,42357,25433,15643,9802,6242,4047,2634,1705,1099,698,434,252,138"
22,1994,"2189,3914,6350,9347,13854,20626,30861,46065,72457,116629,187572,311297,581771,1239838,2839128,6770027,16754498,38693882,71502964,96790161,104129027,95260685,80667016,64144007,47413548,32554798,20684716,12424445,7245186,4178403,2347343,1298374,725259,407112,230810,130131,74007,42751,25342,15502,9612,6021,3879,2496,1611,1035,660,408,238,130"
22,1995,"2155,3859,6255,9208,13586,20161,30139,44970,69598,109832,173795,286027,520802,1083825,2394603,5827117,13798118,32757604,65018672,97412765,112922723,107703881,92152555,74603739,57219792,41283966,26889240,16242310,9315928,5317938,2991223,1670384,935107,524149,295479,167283,95991,55425,32511,19690,12309,7763,5019,3233,2084,1325,828,501,285,152"
22,1996,"7887,13827,21747,31148,44188,61946,87530,124137,181144,273039,414453,652333,1263078,3741606,11453323,30980662,76681849,133327409,214859133,293251163,319601059,289000124,226077038,154432516,98724872,62587067,37566201,21683929,11921764,6510560,3609853,1989706,1101024,621542,362845,215828,128912,76895,46864,29444,18976,12244,8033,5342,3508,2280,1456,907,530,291"
22,1997,"8432,14746,23109,32980,46470,64840,91133,128585,186536,278425,420507,670247,1409880,4378294,13127358,34102639,79641402,139148982,220232061,295964512,322963204,295714232,239080308,168482185,108372074,66510672,39594869,22632988,12501652,6833921,3764011,2054374,1117808,627988,368384,223860,137093,84977,53217,33949,22259,14748,9749,6448,4325,2805,1799,1114,652,355"
22,1998,"16157,27683,42397,58595,79325,106508,143415,195294,275058,400438,591039,938464,1950181,5348333,15138769,38742587,89159837,158802152,241727689,312409903,329601201,299525870,246420810,177864176,115794967,70720682,42228685,24245422,13460260,7396005,4107509,2281206,1250576,694343,402134,242011,145472,86868,53198,33744,21975,14487,9686,6497,4289,2812,1799,1122,655,361"
22,1999,"14900,25731,39828,55744,76930,105914,144773,200441,284693,410385,592216,920898,1939097,5461478,15149907,37645034,81097605,141827197,224357856,310008358,341536314,314747786,260408908,191479047,123477922,75162396,44719671,25735156,14241632,7855172,4422339,2468196,1335675,729060,419616,251023,150562,89776,54208,33343,21035,13423,8741,5855,3888,2584,1691,1079,645,362"
22,2000,"11183,19303,29981,41993,58783,82028,113862,162103,236334,347305,508680,780338,1567173,4651992,13563599,34449833,78155979,134614594,212566065,299933653,337652463,314912751,265404454,206615858,141454832,87754643,52461052,30040496,16489048,9042630,5115497,2874991,1569756,860698,490475,286819,167919,98438,58724,35323,21956,13700,8416,5180,3121,1856,1073,607,327,167"
22,2001,"14239,24868,38978,56023,80653,116247,171248,269714,444398,726497,1209993,2122493,4056334,9025567,21380287,50660176,111922194,221529922,385685076,531471710,559423306,479733724,370228785,272258681,184493713,113820513,65907762,37653012,20788857,11399009,6357863,3671100,2082997,1183552,694469,423639,265374,165315,105078,68039,44464,28941,18722,11852,7451,4539,2697,1554,848,434"
22,2002,"14521,25336,39909,56668,80865,115810,164775,249755,397993,636744,1042395,1825828,3454578,7841906,19645707,47668882,107952600,213743598,373458599,518601844,556156982,487344355,381140861,281815244,194441450,122819875,71731818,41032030,22930133,12716484,7145093,4188988,2412562,1398022,832554,512350,320748,200801,126270,80442,51354,33120,21138,13160,8160,4937,2919,1672,911,467"
22,2003,"14255,24720,38710,54469,77143,109139,153235,229125,360678,572625,939227,1677435,3213474,7105918,16987930,42360924,95908939,202146812,365004813,516863507,567096983,505576452,400685491,299342527,208587833,133906856,77928968,44283235,24591991,13615285,7558456,4296272,2519879,1459497,851025,508842,317198,196016,121646,77658,50457,32588,21121,13461,8468,5214,3109,1797,979,500"
22,2004,"6671,11551,18186,25580,36839,54213,79195,126833,221653,396707,687827,1330841,2735020,6072327,14534999,35958442,83205799,185523374,347221314,496907297,553826256,500296574,399365934,301764337,214890007,141195020,83724128,47988824,26651845,14614235,7964875,4472314,2612037,1496209,863484,514589,321565,199042,123121,78667,51055,32976,21408,13752,8642,5377,3233,1890,1040,539"
22,2005,"11909,20661,32389,45848,65468,94379,135406,205133,329061,539152,875953,1565230,3023356,6200325,13466881,31128874,70401050,162087152,322470847,482864704,557339233,525138018,430731565,330894766,240001433,162092148,98799542,55889841,31584327,17586402,9539889,5138733,2917394,1699934,979524,577660,352379,224601,140904,90222,59332,39100,25459,16587,10692,6699,4113,2424,1348,701"
22,2006,"9704,16977,26904,38555,56090,82115,119626,184517,301000,494184,830015,1517045,2976580,6157115,13519010,31807781,72800433,160793287,318936540,481915840,553277438,518798484,429863698,332599010,248195211,172728895,108245219,61109897,34631630,19492790,10825881,5894741,3271845,1887474,1093316,626413,367787,220730,137291,85564,54596,35659,23401,15205,9972,6527,4177,2629,1557,871"
22,2007,"8703,15184,23984,34321,50079,73506,108022,170313,283477,472814,814363,1511118,2969080,6211582,13535451,30483906,68622852,149333186,300236951,465001394,544889793,517675306,438026532,347590127,263935268,188516893,121100197,69713525,39981743,22573628,12595221,6934737,3874692,2238223,1288254,723168,408147,236800,145032,87269,54300,35356,23364,15435,10212,6703,4318,2700,1583,871"
22,2008,"8801,15476,24687,35620,52459,77623,114599,180072,298158,493950,843776,1558192,3047610,6415907,14027152,31866585,71394713,151089165,305248245,485315345,579935495,554751858,470413706,372057716,282770853,204768870,134309740,77937699,43291959,24854764,14154005,7903330,4363867,2420331,1396478,772060,417138,229651,134186,81914,51926,34563,23822,16385,11307,7725,5151,3320,2003,1130"
22,2009,"7545,13323,21417,31117,46483,69732,104041,165502,276556,460498,792897,1482636,2941809,6143508,13385478,30600372,68166152,143292605,292182139,472784615,577570011,561139945,481236523,384135405,296418030,219110900,147336291,87960189,48982780,28104517,16019489,9060302,5027405,2782358,1563862,909580,503208,274333,155346,94169,60172,39626,26547,18458,12706,8743,5901,3867,2371,1360"
22,2010,"6575,11646,18842,27577,41809,63538,95534,153518,255700,420908,709759,1311028,2581731,5205281,10425459,21692420,45505328,98409236,198649736,335515983,410689286,378354509,292244851,205396129,135730948,86779734,53754497,32460028,18886420,10866126,6306563,3662736,2113297,1218802,715718,436708,271359,173315,113342,75623,52197,36807,25671,18002,12470,8545,5722,3706,2243,1269"
22,2011,"6927,12204,19575,28405,42451,63841,95159,150838,247318,405727,664857,1185313,2272399,4502529,9129006,18520709,39579993,82508942,171709886,309271127,412309331,403359391,322935900,227436418,151045318,95851673,59091506,35328407,20717822,11863717,6763454,3942325,2278789,1298918,742613,445555,278480,176065,113425,74837,50430,34968,24307,16753,11609,7848,5226,3364,2033,1148"
22,2012,"2309,4330,7504,11748,19473,32363,52266,90004,160210,282706,485068,891340,1794127,3716018,7743091,15791314,34620072,75488397,162097636,298815065,411205766,417388087,342958705,243348142,163131010,103717688,63596250,37744568,22009405,12471571,7121182,4144006,2385530,1347022,764677,454377,282034,178235,115072,76083,51078,35253,24311,16551,11289,7494,4886,3076,1823,1007"
22,2013,"2356,4457,7799,12282,20559,34176,54933,93559,163211,281487,479980,893293,1771753,3579650,7268050,14749927,32494943,70783498,151090531,284878459,410981198,433544249,362845833,261038716,173333278,110593941,68099211,40226284,23188788,13123792,7484751,4335183,2478025,1397824,790583,467602,288631,182304,117535,77513,51646,35218,24055,16211,10962,7264,4745,3003,1786,997"
22,2014,"2856,5301,9044,13945,22596,36372,57169,95705,164459,283675,482032,866286,1666961,3324210,6747576,13627079,29861702,64808629,140406004,271828685,407531989,442172089,379261366,278513324,186363921,119130127,72829962,42585352,24509081,13875076,7859318,4447213,2574615,1450269,812511,470299,291740,181408,113828,74247,49882,33841,23321,16131,11011,7446,4891,3111,1847,1027"
22,2015,"3912,7259,12360,18986,30353,47982,74379,120153,201766,340448,575237,1005005,1892457,3694701,7117435,13744354,28915278,62374854,132275485,260560379,403237179,453073011,395517497,292811679,196154732,125642956,77162613,45239896,26074843,14684811,8258089,4635873,2668956,1501939,845286,490075,303596,187793,117894,76400,50833,34376,23974,16800,11619,8008,5383,3505,2133,1211"
22,2016,"3893,7214,12244,18753,29833,46976,72359,117760,198250,334011,563176,1002988,1904486,3681405,7058513,13487990,28403396,60534565,124159289,244562733,389716268,459430687,411901790,310613555,206886827,132043237,80857711,48045484,27419112,15264831,8512301,4760312,2732098,1538870,863790,495507,302984,184594,115587,74535,49362,33123,22779,15802,10747,7293,4824,3109,1867,1054"
22,2017,"3948,7295,12323,18822,29825,46833,72108,117142,195805,330169,554233,989645,1868426,3644596,6996521,13327122,27419393,56316164,117124109,224597634,368092918,448804903,407548077,312012104,208078832,132948890,80469949,47506990,27119285,15299143,8446702,4669752,2640854,1507944,841526,475672,279058,175308,109787,69396,45752,30908,20997,14565,10094,6840,4581,2950,1781,1004"
22,2018,"3924,7282,12356,18943,30081,47184,72425,116837,194702,324512,540229,963672,1808996,3460771,6482438,11789035,21899723,39716121,65420889,99851665,145511127,177808553,175253220,147049941,109598367,77139657,50552636,30668068,17272234,9645798,5176023,2800928,1501179,801682,425988,231333,129147,75103,44840,26511,16237,10315,6658,4291,2767,1752,1086,654,369,194"
22,2019,"4059,7482,12602,19213,30329,47333,72578,117156,195931,327803,549564,981990,1869626,3646317,7070724,13117248,24975723,45792312,74893969,111152964,156606299,188209137,183086368,151658300,113071883,79946783,53343582,33001140,18759996,10488711,5700599,3107373,1648662,880347,466171,252113,142208,84109,50763,30904,19219,12243,7948,5124,3322,2114,1321,797,451,239"
23,1981,"2688,4753,7560,10947,15544,22760,33737,49144,75415,120282,196044,311266,509250,901798,1614126,2894137,5250676,9952667,17128589,27369439,41252907,56781183,72022764,86547571,100086619,110795896,117989676,114920369,94840837,67214343,42074739,23158149,12450320,6580160,3526191,1903099,1040716,552722,285957,150883,81354,43332,23569,12720,6898,3665,1964,1029,518,244"
23,1982,"2717,4794,7617,10924,15382,21826,30813,43328,64655,102610,169557,275086,484640,903492,1660692,3032210,5565079,10390787,17633248,27789491,41296633,56417784,70849366,84240337,96251437,103710591,105788355,96754339,74058313,48963002,29986662,16924725,9202734,5047921,2804327,1590196,894122,488201,267947,148946,83660,46645,26396,15182,8935,5252,3045,1772,965,504"
23,1983,"2234,3883,6130,8649,12358,17832,25678,37632,58677,96855,163132,269189,499658,969559,1842155,3469230,6634208,12017422,18965633,28161355,40138095,52795748,64864254,77175440,89565272,97102679,97440933,86034332,63504999,40074513,23676330,13394521,7524492,4212035,2407609,1395563,798465,449412,246148,134520,76733,42946,23740,13449,7681,4356,2448,1341,704,351"
23,1984,"3846,6540,10025,13764,18855,26201,36652,52253,79440,127211,206719,327709,568319,1026770,1837737,3348724,6405929,11947044,19550256,29412976,42120356,55655961,68162339,80940922,93507405,101133426,100839752,89323968,66695374,42465213,25064567,14286710,8026684,4517392,2575655,1502625,870173,494800,271308,148012,83409,46849,26282,14736,8437,4732,2638,1413,718,346"
23,1985,"4227,7219,11127,15393,21275,29882,42246,60503,91074,142851,224810,343232,560581,970930,1721592,3118716,5993259,11277391,18602984,28524455,41751427,56599888,71109806,86366788,101793494,111626606,112062971,99340356,73568053,46267812,26904565,15258772,8474110,4712886,2643688,1518141,866108,486117,260169,138411,77546,42698,22875,12623,6876,3770,2071,1134,598,305"
23,1986,"1863,3368,5516,8302,12351,19053,29325,43757,65939,100979,154819,234290,348406,569292,1040228,2034326,4310816,8517652,15104389,25363217,39369914,55391241,72048717,89070566,104772398,114747577,116660361,105282135,80463956,51700515,30718453,17908917,10300009,5919949,3388298,1981575,1174746,684472,381590,209860,120324,71421,41369,24038,14418,9117,5642,3537,2136,1234"
23,1987,"4015,6931,10733,15120,20779,29341,41862,58776,86073,131156,205668,318128,495139,844295,1544549,2879747,5628495,10441615,17327960,27510452,40843871,56087015,71721058,87640882,102728522,112660255,114792691,104896748,81172664,52794718,31120713,17796905,10027144,5635573,3208389,1885758,1103700,634131,355147,198988,116089,68008,39691,24319,14876,9257,5835,3677,2184,1233"
23,1988,"7130,12432,19492,27730,38685,55085,78577,109552,157877,231825,342596,499255,742416,1196636,2010181,3434536,6175858,11015972,17802562,27729134,40949387,56179404,71274374,85740025,98624237,105758849,105681637,97882170,76722131,50426931,30310658,17410940,9961795,5687928,3284830,1921538,1119941,650753,379520,222578,132078,78084,47654,28627,17523,11068,6970,4255,2492,1369"
23,1989,"4568,7897,12311,17395,24337,35068,51182,73880,112411,177183,281637,435676,675955,1116413,1912600,3348733,6197668,11196957,18231619,28853926,43339171,60455171,77515932,93572228,107286802,113864936,111127716,100716539,80108779,53400862,32627570,18962311,10906950,6283681,3642668,2140882,1260667,750505,451549,273432,167239,102644,64115,41068,26389,17541,11624,7480,4584,2641"
23,1990,"4504,7971,12724,18470,26431,38856,57397,82706,125363,195910,308800,474980,739525,1251082,2217951,3992291,7389691,12964016,20273625,30994776,45863384,62873520,80057895,96360413,108783049,113278300,109214847,98176710,76267854,50420002,30500987,17710848,10156851,5734690,3266357,1888784,1082087,625077,367525,218004,130152,77848,47710,29145,18203,11705,7448,4655,2798,1578"
23,1991,"5788,10116,15934,22790,32140,46527,67808,96568,144436,221049,340463,512328,777030,1270310,2204767,3910239,7232866,12639820,20090468,31325869,47169296,65417327,84473848,102146341,114713362,117911456,111508598,94666860,69536765,45812602,28152884,16549562,9584627,5420162,3031983,1729170,968954,546682,313610,183300,107936,63877,37885,23308,14383,9050,5641,3521,2105,1189"
23,1992,"7846,13632,21340,30318,42473,61066,88455,125131,186040,281977,428260,634556,944900,1488456,2460463,4310155,8023889,13927619,22796907,37050742,55806421,76819893,97647040,114585423,123501583,121347021,109871022,90290785,65636608,43213644,26632898,15929832,9135338,5135476,2792513,1541456,837617,463492,265386,152043,85515,48040,27606,16066,9817,5764,3388,1997,1143,613"
23,1993,"8486,14652,22747,31997,44294,62956,90538,127758,190665,291682,447538,666979,985835,1520346,2465688,4251120,7995426,14093270,22902908,36395477,55478380,78390818,100944487,116475897,122240755,117709620,102382798,81119774,58897886,40113539,25827883,16097748,9646528,5627956,3183065,1820838,1031635,593665,347423,202783,118626,68980,40946,25462,15819,9840,6255,3980,2393,1364"
23,1994,"7462,12872,19959,27986,38550,54129,76710,107133,158307,241305,371912,567730,873457,1404553,2332121,4099320,7970364,14361718,23499442,37696538,58017520,82402961,104735620,117504112,120049431,113904876,98821125,79618860,59090929,41282785,27391566,17397708,10509762,6171257,3545069,2040469,1174850,671022,388829,227639,134895,79888,47920,30272,18822,11806,7513,4805,2877,1635"
23,1995,"5992,10624,17045,24879,35958,53415,79350,115395,173778,267758,414336,641497,988585,1563949,2573331,4424911,8047092,13649587,22080915,34574786,51249953,71923879,91736453,106724250,114297942,111943835,99311857,80071489,58147384,39439500,25216325,15365505,9253766,5492351,3235192,1897770,1128691,667677,384311,220909,129040,78024,46263,28104,16892,10698,6564,4093,2409,1361"
23,1996,"5604,10178,16803,25366,38164,59454,92388,138502,218612,348297,548082,848902,1305135,2053349,3267253,5431658,9248473,15223907,24356873,37843256,56976822,79811347,100787741,116237028,120327668,112995777,96893965,77545295,57683988,40067230,26088833,15867638,9475106,5517482,3250091,1912242,1142570,672218,394895,231447,138422,83914,51149,31443,20180,12536,7936,5055,3064,1726"
23,1997,"6171,11043,17877,26358,38465,57769,86565,126825,192231,298739,466051,725862,1131791,1828909,3059382,5169420,8738417,13746781,21034584,32351611,49178316,71491687,94847351,114196858,123364451,118922962,102507551,82344416,60359872,41724710,27159864,16331127,9724153,5680697,3294345,1874715,1070387,618283,355128,206073,122842,76130,46227,28384,17328,11083,6886,4257,2505,1422"
23,1998,"5471,9707,15513,22523,32128,46690,67547,95836,140553,213953,334845,535726,863515,1505493,2768277,5096857,8882695,14108585,21973233,34044897,52366465,76343552,101201690,120041181,128019138,122875304,106580128,85261542,62272648,42345410,26525001,15983626,9425521,5421535,3134100,1813522,1064689,631983,369944,215292,127028,78228,46795,28022,16894,10604,6482,3989,2345,1324"
23,1999,"4936,8999,14849,22267,33066,50105,75128,109429,163249,249778,386112,597844,937335,1585537,2873246,5292158,9405681,15153067,23898357,37842127,58279201,84230003,108813455,125407039,128532958,118727105,100745514,78920558,58239067,40087238,25746978,15497484,9178742,5280031,3051698,1750365,1016004,591821,339031,195359,115743,71642,43357,25873,15665,9770,5935,3602,2107,1168"
23,2000,"5700,10267,16689,24594,35739,52811,77292,110868,160646,238146,357575,539503,821768,1366781,2498874,4731055,8681750,14053360,22187354,35309583,55296269,81752288,107240616,124545098,129480440,121427369,103282447,80383213,58583884,41208889,27462333,17074638,10181142,5973616,3461952,1970309,1144790,678611,392396,224905,130941,80718,48082,28750,17245,11004,6747,4164,2462,1402"
23,2001,"9609,16906,26789,38306,53988,76792,108393,150503,212183,308411,456979,679285,1015450,1623279,2771571,4943944,8850566,13972900,21485999,33606958,52608282,78503536,105746700,126380229,133765424,126122854,107315499,83930346,61909734,43571481,29125260,18187444,10834557,6311664,3571652,2019864,1144843,665912,373588,201663,110015,62616,37443,21543,12312,7151,4343,2512,1410,753"
23,2002,"5804,10077,15702,22182,30765,43696,62556,89078,131683,204353,323859,513130,802024,1321444,2341242,4288367,7973282,13240709,21175984,33405373,52672106,80415162,110863683,135511005,144868937,134440583,110592617,84229055,57999651,36670224,22463912,14053904,8781660,5417446,3274956,1938539,1138338,678468,387210,212947,116889,65775,38854,22019,12414,7153,4427,2634,1541,866"
23,2003,"5859,10513,16992,24983,36113,53279,78088,112165,164167,247088,375468,570939,862594,1372203,2316713,4101607,7563924,12827721,20276390,31846441,49880169,75544228,105545962,131847175,142408790,134082720,112712856,86427836,61436241,40387990,25555807,15875337,9747297,5840059,3403919,1937377,1123032,665365,385964,220981,128063,78554,46288,27226,15797,9673,5625,3272,1842,1004"
23,2004,"4785,8432,13361,19226,27204,39357,56968,81574,120326,185290,291319,462300,727614,1184037,2019529,3533226,6480026,11813983,20299443,34368635,57011039,88032363,119346884,143817434,153870272,146640261,125610056,96912108,68971962,45758667,28745659,17616149,10715913,6353892,3682966,2078834,1170838,683350,397603,229074,133796,80466,49600,30301,18288,11192,6912,4161,2403,1325"
23,2005,"4055,7278,11794,17436,25448,38038,56631,82407,123183,189866,296349,464354,720056,1151159,1939130,3333589,5860303,10491012,18354138,31761386,52999573,81650227,111397325,136314100,151670643,150237617,131754347,103191185,73715572,49050720,31107493,19522456,12144924,7321539,4247153,2386727,1341337,789384,465558,274754,164299,100590,64100,39438,24219,14670,9163,5398,3051,1645"
23,2006,"3725,6488,10140,14368,19929,28150,39860,55962,80614,122171,192134,309456,497984,834698,1464004,2591345,4635007,8647225,15762706,27937034,49212402,79456970,111131382,138400025,154901346,156990741,141653364,111882353,80356633,53453850,34418039,21680401,13376341,8070587,4717231,2657095,1480893,843976,491479,282797,162629,93948,56165,34895,21269,12946,7830,4786,2724,1448"
23,2007,"6706,11484,17555,24158,32269,43361,58236,78098,106854,154372,234372,369802,590684,960350,1643534,2831027,4874044,8662261,15516056,27271871,47658222,77178791,107864840,135008620,154923336,161693885,148804212,120001686,87707921,58941556,37956310,24277992,15041846,9018653,5215882,2929104,1601060,882060,496434,285388,162880,93102,54350,32212,19740,11820,7107,4150,2355,1246"
23,2008,"4217,7425,11718,16745,23389,33050,46449,64535,90860,133878,205167,325191,523116,854217,1471208,2574277,4497540,8078461,14583771,25924737,45855830,74346947,101887283,124250654,139834720,144715280,134576553,110436730,79694684,53016887,33477198,20722777,12640388,7627161,4500737,2594071,1451447,812274,463656,269483,155828,90396,53469,32167,19971,12049,7265,4235,2423,1272"
23,2009,"4555,7830,12032,16675,22522,30724,42081,57788,79928,117669,181746,290784,472824,788282,1395890,2506635,4420590,7933021,14196593,25184242,44330277,74313030,107060598,135993431,159054719,170436152,163864008,137730147,100732229,67679063,43032668,26678653,15978346,9443632,5436627,3057781,1661287,890669,481835,271787,156489,88855,50296,29401,17808,10903,6564,3884,2208,1188"
23,2010,"4130,7226,11327,16065,22236,31041,43184,59607,83109,123252,194478,318805,546937,1066327,2643329,6987043,17039330,37936239,77664615,134217829,194285458,254643171,305888294,334932280,343412071,328491125,280534671,210935254,143964854,93586910,57935577,35099611,20868832,12336386,7123871,4033060,2174180,1140121,595263,324946,182160,99771,55417,32061,19024,11441,6870,3998,2227,1181"
23,2011,"3330,5983,9652,14240,20340,29674,43038,61272,87547,130271,203121,331129,553753,1014999,2214842,5447480,12932282,28818173,59235750,113255572,177174473,241446107,299572263,332477929,337384335,316556170,265481613,195090447,127589193,79065838,48370862,29466008,17747076,10537093,6119263,3511123,1982642,1091349,588591,322399,184886,104297,58740,34042,20223,12170,7287,4196,2292,1182"
23,2012,"2363,4128,6467,9239,12821,18287,26288,37794,54968,85704,141513,242266,423201,795264,1743787,4325994,10482141,24054759,52011700,101419548,163848779,228328012,291474095,331991705,344937186,332157677,287981534,219218772,148046656,93150857,57567422,34875320,20898027,12258137,7089997,4006458,2238636,1240120,667660,361895,204832,113610,63221,36274,21343,12708,7623,4348,2343,1197"
23,2013,"2592,4600,7370,10706,15320,22245,31889,45810,66628,101426,158776,260645,460600,844277,1585797,3103552,6527074,14156800,31514924,68414550,135004762,212190258,289531781,346713163,362082514,349248389,304643450,234113320,156264903,99305892,60086180,34996578,20442214,11863412,6909899,4025210,2358677,1370681,774775,434145,247935,137132,73762,40165,22150,12651,7120,3925,2061,1035"
23,2014,"3309,5762,9031,12782,17850,25276,35628,50884,74257,114414,181029,297401,519334,926281,1695356,3203257,6418915,13444665,28536718,60572265,120997158,196054411,274581281,341575797,365172194,353542769,311829540,243454328,164625184,103400711,62563735,37222483,21908204,12774736,7251189,4023792,2243494,1255929,678868,368904,208347,113441,61954,34701,19846,11462,6737,3826,2062,1056"
23,2015,"1784,3073,4762,6729,9351,13460,19616,28627,42247,66029,106731,177597,313314,577445,1118207,2286518,4834360,10448425,22919912,49678932,102354204,176023230,262335416,334069606,369952141,363377002,320652275,251599199,168567912,105495526,63541470,36855190,20848059,11698993,6600028,3757576,2167535,1269019,725842,410289,234707,128691,70527,38266,20912,11472,6549,3530,1830,907"
23,2016,"2283,4109,6627,9696,13769,19645,27678,38604,54046,80822,128195,213210,375858,677760,1248311,2394818,4751550,9957419,21372837,46465758,93484403,162222347,246363825,325278334,371151567,372830550,332498182,262462230,180748876,114000826,70336419,40268050,22110642,12381644,6958766,3912716,2222495,1264807,712408,383599,214282,117270,63409,35886,20467,11757,6781,3907,2073,1035"
23,2017,"2032,3695,6022,8947,12843,18626,26702,37885,53517,80612,127807,211454,373003,671109,1247701,2444968,4915982,10370236,21961386,47322488,92601518,162282230,247558550,323653764,376411678,387469649,354186273,288449683,204994453,129923890,79824363,45870115,25014145,13482543,7500489,4169981,2328164,1291690,713607,388343,213011,121343,67804,38613,22815,13215,7744,4544,2508,1250"
23,2018,"1440,2663,4426,6735,9935,14894,22009,32035,46489,71990,117293,199106,360221,660606,1232616,2383403,4670365,9592399,20076871,42760179,85150689,153681754,233270816,310236728,369826522,389927903,365352095,304973531,222210639,142465932,88769816,51489470,28240460,15137926,8282058,4526499,2519645,1421305,810180,457277,258962,151338,86083,48920,28336,15906,8927,4983,2651,1268"
23,2019,"1484,2751,4580,6986,10291,15400,22718,33042,47628,73398,119204,202192,367283,675871,1258008,2392975,4570532,9247794,19453877,40802056,82274240,146599200,224132739,301645005,363382280,390047226,371104091,317384871,237372114,154350287,93364988,55582059,30766669,16166355,8696009,4697059,2603344,1474143,835891,469357,263680,149499,81691,44629,25126,14264,8248,4794,2632,1314"
24,1981,"20904,32258,43206,49339,52053,50835,45503,37953,30540,25500,27407,38104,59380,93250,138272,193066,253017,304917,365537,493847,734022,1129477,1849299,3359485,6623746,12946050,25713239,45876367,70604650,86886459,86483956,71988227,49731504,29415865,15043865,6896020,3156840,1429742,700211,363549,152113,51784,17595,7668,3898,1467,438,145,31,1"
24,1982,"20733,31961,42757,48752,51359,50188,45342,39060,34138,33817,44214,66966,102366,149605,205067,266072,339281,431772,569802,823572,1278078,2085515,3575035,6202895,11309494,21177952,37847053,63863974,92297030,107895550,100725587,79743748,53352301,31134170,15762941,7323975,3364413,1556800,738018,348056,138257,46946,17818,8547,4324,1589,455,146,32,1"
24,1983,"21528,33402,45072,52203,56087,56510,53323,48586,44943,45021,53876,75068,110440,161187,225524,300536,386598,486526,626065,872873,1308056,2104514,3731781,6803725,12787495,23506710,43348881,72142905,101256308,116501395,107276488,84564403,57630790,34683881,17896814,8732406,3972591,1810881,811017,362659,145818,52799,18714,7826,3513,1320,378,132,28,1"
24,1984,"21440,33294,44988,52243,56341,57145,54484,50343,47222,47315,55417,74994,107636,154498,214400,285198,374391,486427,631195,865730,1288363,2087708,3688930,6649863,12433675,22828719,42557632,70531564,99791267,116370334,109332992,86181976,59192334,36107872,19081805,9218128,4184672,1983077,905954,394803,156342,57033,20487,8279,3538,1277,343,118,25,1"
24,1985,"22452,34907,47244,55009,59559,60719,58278,54109,50510,49286,54548,70093,98513,142455,201913,276731,374356,495773,641851,861544,1260328,2004258,3470384,6283121,12051204,22501965,41187611,68510173,98799167,116347954,111351257,87842533,60971682,37799222,20250988,10005071,4547125,2129542,931024,386696,153902,55666,18797,7243,3025,993,186,32,6,0"
24,1986,"23432,36435,49330,57471,62311,63589,61031,56355,51647,48490,50475,62403,88732,134039,198820,280037,378305,485830,606266,794264,1163487,1892565,3384814,6200502,11626872,21638852,39830196,66489577,96444389,116649848,113491260,90512944,63706710,39512859,21331751,10646578,4781038,2279854,992629,420386,161944,52007,15733,5940,2514,830,158,28,5,0"
24,1987,"26659,42346,58920,71420,81334,88393,91885,92729,92384,91233,92608,101029,121596,159536,216244,288939,372793,463565,573243,756222,1112314,1797860,3154137,5717667,10748087,20126931,37004119,63197142,94161164,117184250,116219617,95041979,66877309,41838000,22744127,11251480,4975733,2352964,1019021,429540,165032,51978,14471,4906,2049,669,130,23,4,0"
24,1988,"24238,38882,54751,67457,78241,86815,92238,94738,95106,93419,91709,93514,103993,129103,172181,234903,320250,433191,581824,806883,1201140,1937299,3344175,6141846,11740043,22666975,41178406,67432275,99031860,122156352,122292910,100793878,71110897,44083604,23950434,11849433,5353089,2518861,1111252,482502,190624,58476,14192,3918,1577,509,104,18,3,0"
24,1989,"21940,35492,50468,62894,73845,82618,88133,90169,89302,85846,81846,80069,85894,105894,145200,207661,297627,413636,555391,768824,1142740,1825661,3197486,6041386,11656897,22159043,40869315,67086543,99547502,123079273,124894340,105291619,74744807,46907036,25766665,12819867,5872599,2745522,1202877,536456,220331,68761,15362,3046,1306,534,175,53,13,0"
24,1990,"19740,32563,47334,60778,73510,85331,94448,99963,101730,99943,95579,90864,92039,107729,144766,207043,292909,401170,532499,730962,1090780,1759569,3043868,5696074,11047835,21003191,39261562,64518425,97182553,122744213,128343356,109796844,78468810,48882918,26954616,13107611,6123494,2935165,1319045,573839,236352,78100,17553,3059,1094,428,168,70,19,2"
24,1991,"17912,30130,44786,59112,73539,87869,100235,109119,113994,114998,113501,111292,114934,131856,167899,224339,302722,405089,541728,764489,1165287,1879637,3210474,6009161,11662128,21870940,39849279,65126069,98421896,125897759,131797395,112328423,80153620,49631318,26510438,13258239,6174835,2946210,1327891,600913,249642,79218,17555,3042,872,252,85,35,9,1"
24,1992,"19767,33072,48844,63832,78667,92570,103693,110791,113775,113291,112614,115340,129245,160501,209802,273385,347518,447781,600851,851666,1272705,2026682,3484712,6485591,12267960,22688411,40777679,66626204,98091543,126324242,133190877,113884970,81545610,49834339,27428794,13702542,6380284,2988062,1317589,580774,243374,81657,18182,2724,593,72,0,0,0,0"
24,1993,"7969,12763,17978,22088,25717,28512,30919,33779,38490,46458,63872,94400,140247,200634,268631,334809,392332,462393,604106,891287,1380301,2201168,3692629,6701706,12549336,23935124,42757981,68168961,99708396,126764944,133136408,112267576,79976925,50124586,28042956,13985625,6335971,3002404,1352707,627558,344595,249931,196103,119976,47215,10836,1679,392,0,0"
24,1994,"4602,7562,10966,14099,17186,20457,24114,29140,37213,49996,75225,117968,178138,248249,312264,357822,377576,417165,570786,897301,1411017,2220442,3665253,6525436,11994850,22373343,40720389,66115884,98694553,126631722,135531518,116951143,82836895,51421146,28689633,14635719,6765565,3120136,1388277,647844,357511,255971,198230,120449,47260,10843,1680,392,0,0"
24,1995,"3603,6472,10355,15008,20517,27544,36588,48787,65747,88714,124286,176822,241567,306275,354324,376920,376076,413289,575259,885049,1356774,2135204,3628401,6692019,12365127,22365876,40048275,66235308,100818721,130730544,141677530,122707894,86532842,53681206,29924010,15122319,7132246,3462621,1578143,702052,349361,228560,172431,103810,40889,9995,1706,398,0,0"
24,1996,"4309,7437,11473,16111,21782,29673,41173,57651,80107,108799,147243,194598,243860,286596,317122,335856,352390,413717,568141,828217,1237756,1964889,3371871,6226007,11715902,21556315,39136630,65739075,100195632,130931559,142436320,124526642,88581830,56068569,31886689,15819629,7369416,3503137,1545722,660738,316659,216831,190923,140058,69789,23913,6538,1816,109,0"
24,1997,"5732,10020,15773,22691,31570,43660,60913,83430,110553,140433,172844,202756,227605,247568,269157,298612,345821,432598,576872,810193,1201939,1896734,3213037,5879641,11201806,20853853,37269557,62633153,98792244,131900823,143933733,127340827,91610515,57952679,32641585,16667734,8161027,3972324,1831323,852545,427615,264839,204939,143048,70782,24192,6596,1832,110,0"
24,1998,"9040,15779,24619,34646,46708,61223,78983,98331,117543,134968,151325,166309,188693,226340,279909,341979,395819,442268,528994,741018,1149217,1821492,3012579,5517396,10548855,19667509,36125084,61480593,96686161,131248884,145078562,129440277,95582249,61749795,34937260,17635670,8865116,4266867,1903553,884547,453558,281818,214186,148322,73992,25991,7482,2199,214,18"
24,1999,"5848,9978,15285,21227,28647,38291,52019,69923,91495,115574,141786,166631,188881,208758,230260,259596,296012,367206,496905,720515,1095126,1718165,2843504,5146040,9747101,18498757,34562637,60189631,94932408,130298771,146387040,132018936,99209229,64392405,36942584,18836827,9377222,4383655,2061673,929515,461331,301866,243130,175832,89218,27611,4435,735,248,56"
24,2000,"8634,15590,25114,36449,50216,66473,85304,104389,121319,134343,141299,140548,139044,146060,170045,213624,270098,354818,489450,714538,1081533,1678983,2750909,4932862,9424747,17901014,33634432,59753113,95279901,131333705,149952827,136891835,103137794,66525040,37973143,19524528,9887638,4772315,2226408,952219,431294,272474,247812,211687,131442,55219,16246,4005,883,69"
24,2001,"24790,37957,50350,56828,59196,57185,51445,45121,41931,44817,61450,97566,150315,210803,263859,297277,310426,330864,435401,664972,1036052,1621758,2635711,4644402,8823347,16675578,32097099,57960085,93239644,132081675,151464291,140198261,106176354,68547126,39235336,19909277,10309857,5008632,2464563,1192241,573210,341399,272763,215890,131896,55263,16194,4037,963,126"
24,2002,"27875,43663,59645,70238,77089,79320,76209,69464,61910,56246,59577,78631,117681,177753,251557,325245,387707,436449,519653,727938,1137242,1820212,2962486,5204868,9729121,18304857,34410776,61981540,99933874,140411718,161237936,147063427,110684669,71786080,41011181,21092842,10451724,5230401,2789282,1366938,623309,349636,251955,170656,83962,26191,4738,1072,484,173"
24,2003,"700,1324,2370,4054,6778,11693,20804,35513,56762,84590,121383,165623,210475,250136,283930,318166,365581,457133,607107,828153,1178164,1804648,2968585,5282391,9827826,18220382,34016191,60825457,99789662,140699622,162299824,147971217,110509363,72183524,42745258,22633958,11456422,5763826,2952299,1434186,723273,422294,269462,149292,58459,13737,2478,1120,577,233"
24,2004,"1718,3692,7016,12152,19594,30628,46941,67914,92067,117011,141296,160406,176237,195017,225771,274871,339851,434150,565921,780863,1160799,1822522,2989860,5255657,9609213,17599976,32881253,59278358,97359625,138692784,163710850,152232319,115720098,75759555,43153586,22304908,11408017,5763733,2981021,1428309,660547,369968,263518,177430,87458,27358,5050,1154,552,222"
24,2005,"2518,4106,6067,8258,11291,16285,25252,39541,59872,85991,119305,157455,195697,231436,266220,305941,352951,422585,536920,748664,1148705,1881825,3190781,5701536,10419401,18970610,34395581,60756870,98643715,140657985,165089063,155074430,117417298,76636030,44682236,23097893,11880998,5893283,3100528,1534991,778361,456581,297164,183177,85850,25753,4026,601,267,99"
24,2006,"2587,4896,8405,13331,20325,30556,45856,65686,88506,111806,133459,148873,161094,178341,210620,262988,330555,420676,542431,739558,1094580,1774079,3060225,5554946,10110343,18284104,34188158,60872940,97819316,140465286,166596919,156326013,120119579,79431192,46807449,24943155,12723465,6380745,3345595,1622224,753281,405890,287342,218939,131655,52617,13682,3137,749,63"
24,2007,"2081,4223,7699,12886,20364,31372,47719,68764,92866,117410,140094,155539,164346,171815,188038,222872,277917,376960,534958,780463,1166427,1814487,2961057,5268100,9977343,18902090,34171956,59316174,95023464,136949385,168070241,161757179,126363393,84423808,50011364,26920987,13959578,7207806,3786733,1718476,759721,424219,297369,195177,95748,32004,7912,2924,1473,570"
24,2008,"4844,9433,16328,25540,37470,52710,71522,91724,110811,126640,137837,143516,154243,183362,238188,314940,404094,510393,694268,1090565,1955569,3710447,7286239,13627284,24214616,38367376,57102884,82284680,114443775,151995886,177200132,167432986,129536439,85926894,50903317,27258479,13760953,6696498,3513975,1741254,916693,541765,327147,171043,64926,15024,2290,763,267,72"
24,2009,"1334,2128,3000,3760,4665,6278,9930,17439,30702,51024,83599,129924,181882,229120,264656,291016,318130,385358,525365,742984,1071918,1639140,2670285,4625282,8357214,15226865,28734275,53800606,93760257,138339239,169931642,165100282,130762668,87235905,50936293,26675736,13669195,6477993,3055942,1467825,766622,450726,298800,189240,90351,26966,3972,417,142,46"
24,2010,"7030,13038,21559,32160,45239,61143,79701,98778,116139,129811,138488,140549,144860,162870,202116,260796,331061,419362,551503,786343,1183877,1842357,2962427,4943580,8607227,15613145,29449603,56362569,97106724,142166102,173040800,165716833,132512951,88944486,52707309,27882495,13393159,6133515,2957814,1439504,738185,374398,162795,56033,16879,7642,4544,2397,1096,395"
24,2011,"3593,7046,12330,19687,29706,43418,62136,84364,107622,129147,145279,151120,152252,161843,196906,271624,394187,588196,877090,1370864,2387558,4485179,8276690,15392550,27508390,44388143,65115895,92855245,127782200,164499342,187135891,173506746,136019453,91467919,53974604,28896390,14101302,6487727,3158248,1546199,813428,440786,212567,80320,21523,5461,3061,1845,1017,441"
24,2012,"2969,5797,10165,16348,24963,37252,55001,77393,102475,127618,149627,164914,179055,204583,256793,343588,471920,647893,886144,1285621,2075480,3718471,6766011,12852997,24189731,41178491,61564605,88954522,123671855,160413083,184751599,172594133,134594826,90377637,54015264,28861218,14126237,6436627,3104858,1570240,853761,456853,216676,81655,20713,3808,1738,997,555,249"
24,2013,"2335,4736,8591,14278,22378,34183,51487,73591,98783,124703,148692,167009,184810,215174,280765,402992,602439,916908,1373774,2066353,3283240,5681578,10019170,17686157,30855021,49211624,70482898,97956176,131215555,166697031,190263442,177484007,137421509,91574198,54716864,29449658,14409882,6624784,3171518,1563442,860950,501044,265774,113432,34049,6309,1422,606,255,100"
24,2014,"28928,46120,64343,77953,88355,94397,94785,91199,86794,85331,94051,121080,166668,229741,308741,405476,538411,758556,1134712,1777959,2992026,5436131,10081969,19158111,35548766,56431530,79305031,105766855,136765167,170913977,194682525,179726729,137726455,90783188,55327831,30839243,15798940,7464279,3438961,1674891,936479,513603,241581,87299,23379,6928,3905,2327,1223,496"
24,2015,"12206,21679,34220,48417,64636,82425,100401,115622,126055,130949,130646,130962,148559,200116,293713,425171,593712,818528,1191180,1867064,3179374,5834577,10840613,20985627,37879057,60440766,83606082,108709127,138718690,171944139,196878453,185247322,142593095,95111266,57993903,31849142,16115975,7760474,3717962,1810198,992330,556370,276359,104900,28152,7088,3531,2035,1066,438"
24,2016,"9388,16930,27235,39489,54215,71717,91673,111757,129669,144199,154199,160940,175752,212775,280703,379564,521619,735783,1090423,1724836,3039216,5824613,11571957,22389169,40203012,62964644,85129831,109052984,137888317,170660788,196351700,187805952,148570665,100535668,61407240,34124815,17287434,8133803,4002681,1996749,1065217,579060,280943,106219,27877,6593,2987,1506,710,280"
24,2017,"31112,48064,64535,74137,79033,79002,74929,70838,71198,79314,101210,140510,189909,243015,301131,377627,504991,752204,1169682,1810077,2988342,5451583,10356927,20127342,37334543,60356635,85035049,109653330,138880663,171911942,197502992,188616330,150807191,103193211,64299797,35981900,18205785,8654900,4285087,2071257,1059351,566407,274139,102761,26412,5682,2374,1173,519,192"
24,2018,"9528,17249,27852,40538,55835,74032,94761,115390,133101,145747,150322,146365,147277,171651,234768,342827,501955,739588,1102668,1690670,2757855,5026042,9853630,19533296,35642840,59334995,83682204,109014889,136622913,169512485,197067344,190795317,154483702,107415083,67419621,37985180,19359859,9393747,4650782,2371087,1221974,674516,353859,154847,50008,11433,3738,2070,1073,450"
24,2019,"7734,14250,23429,34828,48981,66420,87187,108696,127935,142481,148878,146002,146857,170313,232518,341709,508847,765697,1152737,1762042,2896910,5222897,9849862,18547564,33973782,57167323,81587068,106692393,134525981,168551426,197386474,194829004,158368987,110651289,69587192,39627646,20745547,10148655,4904584,2433658,1222270,664794,347748,153846,50755,11871,3924,2123,1064,435"
