west_and_rest,year,income_bracket_50,population_smooth
41,1981,0,21486
41,1981,1,33303
41,1981,2,44872
41,1981,3,51738
41,1981,4,55312
41,1981,5,55150
41,1981,6,51001
41,1981,7,44701
41,1981,8,38577
41,1981,9,35052
41,1981,10,39159
41,1981,11,53812
41,1981,12,82141
41,1981,13,126607
41,1981,14,184696
41,1981,15,254136
41,1981,16,326972
41,1981,17,390985
41,1981,18,472526
41,1981,19,647886
41,1981,20,988364
41,1981,21,1596075
41,1981,22,2829304
41,1981,23,5339558
41,1981,24,10348882
41,1981,25,19317210
41,1981,26,36551973
41,1981,27,60506922
41,1981,28,84776463
41,1981,29,97406939
41,1981,30,93322574
41,1981,31,75532805
41,1981,32,51231098
41,1981,33,30035366
41,1981,34,15229788
41,1981,35,6885652
41,1981,36,3049572
41,1981,37,1277231
41,1981,38,549826
41,1981,39,248878
41,1981,40,103887
41,1981,41,38651
41,1981,42,15274
41,1981,43,7580
41,1981,44,3897
41,1981,45,1466
41,1981,46,437
41,1981,47,145
41,1981,48,31
41,1981,49,1
41,1982,0,21395
41,1982,1,33181
41,1982,2,44748
41,1982,3,51713
41,1982,4,55447
41,1982,5,55673
41,1982,6,52134
41,1982,7,46607
41,1982,8,41278
41,1982,9,38312
41,1982,10,42441
41,1982,11,56599
41,1982,12,83977
41,1982,13,127180
41,1982,14,183983
41,1982,15,252175
41,1982,16,327170
41,1982,17,400829
41,1982,18,495486
41,1982,19,674350
41,1982,20,1010029
41,1982,21,1633578
41,1982,22,2907534
41,1982,23,5484258
41,1982,24,10418418
41,1982,25,19497280
41,1982,26,36334248
41,1982,27,60804031
41,1982,28,85597232
41,1982,29,98655913
41,1982,30,93917064
41,1982,31,75875993
41,1982,32,51133537
41,1982,33,29982617
41,1982,34,15022479
41,1982,35,6838734
41,1982,36,3007802
41,1982,37,1296742
41,1982,38,563468
41,1982,39,254502
41,1982,40,106652
41,1982,41,41026
41,1982,42,17080
41,1982,43,8547
41,1982,44,4323
41,1982,45,1589
41,1982,46,455
41,1982,47,145
41,1982,48,31
41,1982,49,1
41,1983,0,21636
41,1983,1,33593
41,1983,2,45376
41,1983,3,52644
41,1983,4,56716
41,1983,5,57379
41,1983,6,54307
41,1983,7,49296
41,1983,8,44524
41,1983,9,41821
41,1983,10,44842
41,1983,11,57421
41,1983,12,82620
41,1983,13,123745
41,1983,14,180414
41,1983,15,251176
41,1983,16,330620
41,1983,17,407928
41,1983,18,500036
41,1983,19,670256
41,1983,20,994610
41,1983,21,1609409
41,1983,22,2884177
41,1983,23,5409637
41,1983,24,10385710
41,1983,25,19056714
41,1983,26,35501710
41,1983,27,59005940
41,1983,28,83213282
41,1983,29,97269263
41,1983,30,93619996
41,1983,31,76844006
41,1983,32,53604342
41,1983,33,32743534
41,1983,34,16841099
41,1983,35,8119189
41,1983,36,3565873
41,1983,37,1537509
41,1983,38,641412
41,1983,39,293001
41,1983,40,127703
41,1983,41,49248
41,1983,42,18505
41,1983,43,7826
41,1983,44,3513
41,1983,45,1320
41,1983,46,378
41,1983,47,131
41,1983,48,28
41,1983,49,1
41,1984,0,21548
41,1984,1,33487
41,1984,2,45295
41,1984,3,52691
41,1984,4,56982
41,1984,5,58036
41,1984,6,55510
41,1984,7,51122
41,1984,8,46908
41,1984,9,44280
41,1984,10,46612
41,1984,11,57771
41,1984,12,81059
41,1984,13,120415
41,1984,14,176198
41,1984,15,247103
41,1984,16,329660
41,1984,17,409645
41,1984,18,498082
41,1984,19,663530
41,1984,20,998228
41,1984,21,1644743
41,1984,22,2951780
41,1984,23,5434985
41,1984,24,10276030
41,1984,25,18843716
41,1984,26,34946942
41,1984,27,57608340
41,1984,28,81969726
41,1984,29,96685464
41,1984,30,94883167
41,1984,31,77989387
41,1984,32,54821965
41,1984,33,33944408
41,1984,34,17895987
41,1984,35,8550876
41,1984,36,3759711
41,1984,37,1700137
41,1984,38,730643
41,1984,39,325534
41,1984,40,139201
41,1984,41,53895
41,1984,42,20334
41,1984,43,8278
41,1984,44,3537
41,1984,45,1276
41,1984,46,343
41,1984,47,117
41,1984,48,25
41,1984,49,1
41,1985,0,22562
41,1985,1,35100
41,1985,2,47553
41,1985,3,55457
41,1985,4,60202
41,1985,5,61612
41,1985,6,59304
41,1985,7,54881
41,1985,8,50178
41,1985,9,46199
41,1985,10,45624
41,1985,11,52645
41,1985,12,71586
41,1985,13,107861
41,1985,14,163007
41,1985,15,238009
41,1985,16,329048
41,1985,17,417927
41,1985,18,506595
41,1985,19,657207
41,1985,20,968705
41,1985,21,1582253
41,1985,22,2834187
41,1985,23,5260101
41,1985,24,10112480
41,1985,25,18588839
41,1985,26,34134464
41,1985,27,56257564
41,1985,28,80844661
41,1985,29,96366465
41,1985,30,95871821
41,1985,31,79071168
41,1985,32,56493718
41,1985,33,35385863
41,1985,34,18965690
41,1985,35,9253709
41,1985,36,4094267
41,1985,37,1845444
41,1985,38,773720
41,1985,39,337843
41,1985,40,142174
41,1985,41,53692
41,1985,42,18755
41,1985,43,7242
41,1985,44,3025
41,1985,45,993
41,1985,46,185
41,1985,47,32
41,1985,48,5
41,1985,49,0
41,1986,0,23544
41,1986,1,36633
41,1986,2,49645
41,1986,3,57936
41,1986,4,62959
41,1986,5,64533
41,1986,6,62307
41,1986,7,57852
41,1986,8,52875
41,1986,9,48246
41,1986,10,46049
41,1986,11,50415
41,1986,12,65999
41,1986,13,99310
41,1986,14,153209
41,1986,15,227777
41,1986,16,321474
41,1986,17,414819
41,1986,18,503913
41,1986,19,635694
41,1986,20,907645
41,1986,21,1479165
41,1986,22,2700638
41,1986,23,5151393
41,1986,24,9865787
41,1986,25,18296571
41,1986,26,33170429
41,1986,27,54566028
41,1986,28,78965727
41,1986,29,96755334
41,1986,30,96934916
41,1986,31,80787450
41,1986,32,58657235
41,1986,33,36868782
41,1986,34,19967294
41,1986,35,9865222
41,1986,36,4318211
41,1986,37,2004555
41,1986,38,880470
41,1986,39,390188
41,1986,40,157501
41,1986,41,51978
41,1986,42,15744
41,1986,43,5940
41,1986,44,2514
41,1986,45,829
41,1986,46,157
41,1986,47,27
41,1986,48,5
41,1986,49,0
41,1987,0,26754
41,1987,1,42514
41,1987,2,59187
41,1987,3,71818
41,1987,4,81892
41,1987,5,89217
41,1987,6,93003
41,1987,7,93924
41,1987,8,92939
41,1987,9,90485
41,1987,10,87698
41,1987,11,88465
41,1987,12,98273
41,1987,13,124508
41,1987,14,171423
41,1987,15,238339
41,1987,16,321453
41,1987,17,402830
41,1987,18,481112
41,1987,19,605584
41,1987,20,870585
41,1987,21,1421909
41,1987,22,2554634
41,1987,23,4795468
41,1987,24,9137635
41,1987,25,17090796
41,1987,26,30962205
41,1987,27,52030971
41,1987,28,77392226
41,1987,29,96551650
41,1987,30,98937891
41,1987,31,84410822
41,1987,32,61315282
41,1987,33,38902573
41,1987,34,21235504
41,1987,35,10369153
41,1987,36,4447313
41,1987,37,2051164
41,1987,38,902305
41,1987,39,399778
41,1987,40,161067
41,1987,41,51999
41,1987,42,14489
41,1987,43,4907
41,1987,44,2049
41,1987,45,669
41,1987,46,129
41,1987,47,22
41,1987,48,4
41,1987,49,0
41,1988,0,24226
41,1988,1,38794
41,1988,2,54504
41,1988,3,66900
41,1988,4,77261
41,1988,5,85118
41,1988,6,89471
41,1988,7,90378
41,1988,8,88311
41,1988,9,83663
41,1988,10,76854
41,1988,11,71253
41,1988,12,72902
41,1988,13,89958
41,1988,14,128142
41,1988,15,188691
41,1988,16,270261
41,1988,17,354133
41,1988,18,434262
41,1988,19,555979
41,1988,20,803343
41,1988,21,1284049
41,1988,22,2227872
41,1988,23,4217595
41,1988,24,8187594
41,1988,25,15973071
41,1988,26,29435594
41,1988,27,50019895
41,1988,28,76288431
41,1988,29,96931083
41,1988,30,101093070
41,1988,31,87642460
41,1988,32,64242951
41,1988,33,40394252
41,1988,34,22051400
41,1988,35,10808627
41,1988,36,4777613
41,1988,37,2219834
41,1988,38,1001779
41,1988,39,458011
41,1988,40,188215
41,1988,41,58606
41,1988,42,14205
41,1988,43,3911
41,1988,44,1574
41,1988,45,508
41,1988,46,103
41,1988,47,18
41,1988,48,3
41,1988,49,0
41,1989,0,21971
41,1989,1,35470
41,1989,2,50307
41,1989,3,62409
41,1989,4,72893
41,1989,5,80777
41,1989,6,84865
41,1989,7,84701
41,1989,8,80501
41,1989,9,72787
41,1989,10,61913
41,1989,11,50725
41,1989,12,45810
41,1989,13,56159
41,1989,14,89167
41,1989,15,147200
41,1989,16,230119
41,1989,17,319955
41,1989,18,407666
41,1989,19,531173
41,1989,20,754629
41,1989,21,1169320
41,1989,22,1981436
41,1989,23,3869787
41,1989,24,7740239
41,1989,25,15145825
41,1989,26,28419089
41,1989,27,48728364
41,1989,28,74741112
41,1989,29,96388693
41,1989,30,101817067
41,1989,31,90258971
41,1989,32,66800692
41,1989,33,42586181
41,1989,34,23656669
41,1989,35,11675105
41,1989,36,5240754
41,1989,37,2394619
41,1989,38,1059000
41,1989,39,491103
41,1989,40,211911
41,1989,41,68552
41,1989,42,15399
41,1989,43,3049
41,1989,44,1306
41,1989,45,533
41,1989,46,174
41,1989,47,52
41,1989,48,13
41,1989,49,0
41,1990,0,19743
41,1990,1,32471
41,1990,2,47028
41,1990,3,60017
41,1990,4,72104
41,1990,5,82732
41,1990,6,90079
41,1990,7,93139
41,1990,8,91618
41,1990,9,85956
41,1990,10,75978
41,1990,11,63819
41,1990,12,56029
41,1990,13,61770
41,1990,14,89237
41,1990,15,141694
41,1990,16,217492
41,1990,17,305800
41,1990,18,392834
41,1990,19,508494
41,1990,20,726500
41,1990,21,1153990
41,1990,22,1989607
41,1990,23,3831608
41,1990,24,7522851
41,1990,25,14579878
41,1990,26,27440894
41,1990,27,46774236
41,1990,28,73377094
41,1990,29,95785502
41,1990,30,103842157
41,1990,31,93399991
41,1990,32,69571436
41,1990,33,44183230
41,1990,34,24624483
41,1990,35,11804384
41,1990,36,5350433
41,1990,37,2465057
41,1990,38,1099642
41,1990,39,505315
41,1990,40,223262
41,1990,41,77525
41,1990,42,17583
41,1990,43,3047
41,1990,44,1084
41,1990,45,424
41,1990,46,166
41,1990,47,69
41,1990,48,18
41,1990,49,1
41,1991,0,17654
41,1991,1,29631
41,1991,2,43927
41,1991,3,57721
41,1991,4,71464
41,1991,5,84670
41,1991,6,95392
41,1991,7,101913
41,1991,8,103407
41,1991,9,99891
41,1991,10,91152
41,1991,11,78787
41,1991,12,69790
41,1991,13,72785
41,1991,14,95806
41,1991,15,141064
41,1991,16,210151
41,1991,17,292474
41,1991,18,380865
41,1991,19,513841
41,1991,20,765868
41,1991,21,1224957
41,1991,22,2063366
41,1991,23,3894843
41,1991,24,7855308
41,1991,25,15162350
41,1991,26,28095996
41,1991,27,46876154
41,1991,28,73634909
41,1991,29,97136753
41,1991,30,105025551
41,1991,31,94393180
41,1991,32,70104689
41,1991,33,44239160
41,1991,34,23827072
41,1991,35,11801724
41,1991,36,5348492
41,1991,37,2465732
41,1991,38,1116257
41,1991,39,535504
41,1991,40,237665
41,1991,41,78641
41,1991,42,17521
41,1991,43,3022
41,1991,44,862
41,1991,45,248
41,1991,46,83
41,1991,47,34
41,1991,48,8
41,1991,49,0
41,1992,0,19215
41,1992,1,32022
41,1992,2,47073
41,1992,3,61091
41,1992,4,74757
41,1992,5,87027
41,1992,6,96128
41,1992,7,100772
41,1992,8,100680
41,1992,9,96523
41,1992,10,89979
41,1992,11,83770
41,1992,12,85557
41,1992,13,102929
41,1992,14,139681
41,1992,15,193001
41,1992,16,260028
41,1992,17,339308
41,1992,18,434691
41,1992,19,580518
41,1992,20,839125
41,1992,21,1320444
41,1992,22,2244490
41,1992,23,4220280
41,1992,24,8151468
41,1992,25,15380381
41,1992,26,28250165
41,1992,27,47318571
41,1992,28,72940497
41,1992,29,97554868
41,1992,30,106141018
41,1992,31,95149345
41,1992,32,71015916
41,1992,33,44174846
41,1992,34,24512039
41,1992,35,12092320
41,1992,36,5480469
41,1992,37,2496714
41,1992,38,1114063
41,1992,39,520289
41,1992,40,232837
41,1992,41,81178
41,1992,42,18150
41,1992,43,2706
41,1992,44,585
41,1992,45,68
41,1992,46,0
41,1992,47,0
41,1992,48,0
41,1992,49,0
41,1993,0,7010
41,1993,1,11060
41,1993,2,15291
41,1993,3,18256
41,1993,4,20594
41,1993,5,21821
41,1993,6,22451
41,1993,7,23229
41,1993,8,25240
41,1993,9,29728
41,1993,10,40946
41,1993,11,61550
41,1993,12,93696
41,1993,13,138343
41,1993,14,191977
41,1993,15,246936
41,1993,16,297688
41,1993,17,347778
41,1993,18,432109
41,1993,19,609949
41,1993,20,922328
41,1993,21,1444587
41,1993,22,2389695
41,1993,23,4407446
41,1993,24,8467581
41,1993,25,16567411
41,1993,26,29991474
41,1993,27,49241809
41,1993,28,74793187
41,1993,29,98161076
41,1993,30,105886544
41,1993,31,93129639
41,1993,32,69261164
41,1993,33,44323417
41,1993,34,24981796
41,1993,35,12344415
41,1993,36,5437214
41,1993,37,2521577
41,1993,38,1164124
41,1993,39,570027
41,1993,40,334702
41,1993,41,249515
41,1993,42,196070
41,1993,43,119955
41,1993,44,47205
41,1993,45,10832
41,1993,46,1677
41,1993,47,391
41,1993,48,0
41,1993,49,0
41,1994,0,3323
41,1994,1,5305
41,1994,2,7431
41,1994,3,9123
41,1994,4,10619
41,1994,5,12086
41,1994,6,13869
41,1994,7,16908
41,1994,8,22568
41,1994,9,32338
41,1994,10,51807
41,1994,11,84597
41,1994,12,130232
41,1994,13,183073
41,1994,14,230947
41,1994,15,263895
41,1994,16,276959
41,1994,17,297378
41,1994,18,392521
41,1994,19,606446
41,1994,20,940658
41,1994,21,1446034
41,1994,22,2326652
41,1994,23,4206578
41,1994,24,8014595
41,1994,25,15375539
41,1994,26,28509958
41,1994,27,47765812
41,1994,28,74124603
41,1994,29,98008898
41,1994,30,108007468
41,1994,31,96939048
41,1994,32,71473510
41,1994,33,45240888
41,1994,34,25357966
41,1994,35,12879563
41,1994,36,5800210
41,1994,37,2611216
41,1994,38,1186733
41,1994,39,586806
41,1994,40,346648
41,1994,41,255505
41,1994,42,198196
41,1994,43,120430
41,1994,44,47252
41,1994,45,10840
41,1994,46,1678
41,1994,47,392
41,1994,48,0
41,1994,49,0
41,1995,0,2295
41,1995,1,4083
41,1995,2,6467
41,1995,3,9270
41,1995,4,12593
41,1995,5,16921
41,1995,6,22860
41,1995,7,31614
41,1995,8,44638
41,1995,9,63242
41,1995,10,92315
41,1995,11,134915
41,1995,12,185726
41,1995,13,233990
41,1995,14,266531
41,1995,15,276743
41,1995,16,268086
41,1995,17,282866
41,1995,18,381611
41,1995,19,578469
41,1995,20,879891
41,1995,21,1380500
41,1995,22,2341259
41,1995,23,4402780
41,1995,24,8364622
41,1995,25,15503176
41,1995,26,27951927
41,1995,27,47192978
41,1995,28,73852412
41,1995,29,97855361
41,1995,30,109493366
41,1995,31,98151942
41,1995,32,72366049
41,1995,33,45961660
41,1995,34,25777143
41,1995,35,13004442
41,1995,36,6002474
41,1995,37,2876088
41,1995,38,1329288
41,1995,39,612917
41,1995,40,327384
41,1995,41,226305
41,1995,42,172377
41,1995,43,103773
41,1995,44,40866
41,1995,45,9984
41,1995,46,1702
41,1995,47,397
41,1995,48,0
41,1995,49,0
41,1996,0,3289
41,1996,1,5581
41,1996,2,8469
41,1996,3,11702
41,1996,4,15727
41,1996,5,21566
41,1996,6,30720
41,1996,7,44641
41,1996,8,64233
41,1996,9,89692
41,1996,10,123111
41,1996,11,162321
41,1996,12,199097
41,1996,13,224978
41,1996,14,236528
41,1996,15,236778
41,1996,16,238478
41,1996,17,280271
41,1996,18,390627
41,1996,19,564604
41,1996,20,821308
41,1996,21,1266878
41,1996,22,2142162
41,1996,23,4008435
41,1996,24,7809601
41,1996,25,14944536
41,1996,26,27707346
41,1996,27,46981828
41,1996,28,73622907
41,1996,29,98053674
41,1996,30,109871024
41,1996,31,99132093
41,1996,32,73440725
41,1996,33,47994600
41,1996,34,27573688
41,1996,35,13578387
41,1996,36,6154487
41,1996,37,2870713
41,1996,38,1279018
41,1996,39,565818
41,1996,40,292802
41,1996,41,214198
41,1996,42,190840
41,1996,43,140017
41,1996,44,69764
41,1996,45,23901
41,1996,46,6533
41,1996,47,1814
41,1996,48,108
41,1996,49,0
41,1997,0,4973
41,1997,1,8650
41,1997,2,13583
41,1997,3,19525
41,1997,4,27294
41,1997,5,38021
41,1997,6,53746
41,1997,7,74557
41,1997,8,99576
41,1997,9,126666
41,1997,10,153883
41,1997,11,174936
41,1997,12,186326
41,1997,13,188537
41,1997,14,190605
41,1997,15,201626
41,1997,16,234494
41,1997,17,302812
41,1997,18,405578
41,1997,19,557701
41,1997,20,805566
41,1997,21,1233917
41,1997,22,2042367
41,1997,23,3777547
41,1997,24,7530043
41,1997,25,14460186
41,1997,26,26041384
41,1997,27,44263014
41,1997,28,72138501
41,1997,29,98921243
41,1997,30,110880327
41,1997,31,101295586
41,1997,32,76217934
41,1997,33,49513015
41,1997,34,28200459
41,1997,35,14364024
41,1997,36,6898571
41,1997,37,3293134
41,1997,38,1530052
41,1997,39,745814
41,1997,40,400706
41,1997,41,261726
41,1997,42,204832
41,1997,43,143006
41,1997,44,70758
41,1997,45,24180
41,1997,46,6591
41,1997,47,1830
41,1997,48,109
41,1997,49,0
41,1998,0,8649
41,1998,1,15053
41,1998,2,23425
41,1998,3,32856
41,1998,4,44216
41,1998,5,57783
41,1998,6,74329
41,1998,7,91997
41,1998,8,108652
41,1998,9,122219
41,1998,10,131190
41,1998,11,134484
41,1998,12,141247
41,1998,13,161603
41,1998,14,200027
41,1998,15,251234
41,1998,16,299560
41,1998,17,329025
41,1998,18,368767
41,1998,19,496800
41,1998,20,767888
41,1998,21,1195591
41,1998,22,1898595
41,1998,23,3419452
41,1998,24,6826263
41,1998,25,13214270
41,1998,26,24912299
41,1998,27,42932597
41,1998,28,69298617
41,1998,29,97344395
41,1998,30,111301205
41,1998,31,103012700
41,1998,32,79867778
41,1998,33,53255804
41,1998,34,30416381
41,1998,35,15266648
41,1998,36,7575405
41,1998,37,3591281
41,1998,38,1616412
41,1998,39,778958
41,1998,40,425794
41,1998,41,278443
41,1998,42,214068
41,1998,43,148279
41,1998,44,73967
41,1998,45,25978
41,1998,46,7477
41,1998,47,2198
41,1998,48,214
41,1998,49,18
41,1999,0,5646
41,1999,1,9603
41,1999,2,14670
41,1999,3,20304
41,1999,4,27351
41,1999,5,36438
41,1999,6,49361
41,1999,7,66039
41,1999,8,85635
41,1999,9,106484
41,1999,10,126363
41,1999,11,141053
41,1999,12,149222
41,1999,13,152088
41,1999,14,156223
41,1999,15,170129
41,1999,16,194140
41,1999,17,246020
41,1999,18,333964
41,1999,19,482854
41,1999,20,730818
41,1999,21,1123109
41,1999,22,1791448
41,1999,23,3190168
41,1999,24,6312677
41,1999,25,12388735
41,1999,26,23861649
41,1999,27,42262255
41,1999,28,68081876
41,1999,29,96472859
41,1999,30,111603786
41,1999,31,104697553
41,1999,32,82943569
41,1999,33,55363231
41,1999,34,32123805
41,1999,35,16358981
41,1999,36,8009848
41,1999,37,3649544
41,1999,38,1750248
41,1999,39,814879
41,1999,40,431236
41,1999,41,297751
41,1999,42,242967
41,1999,43,175784
41,1999,44,89186
41,1999,45,27594
41,1999,46,4427
41,1999,47,733
41,1999,48,246
41,1999,49,56
41,2000,0,8634
41,2000,1,15589
41,2000,2,25113
41,2000,3,36448
41,2000,4,50212
41,2000,5,66438
41,2000,6,85115
41,2000,7,103675
41,2000,8,119248
41,2000,9,129768
41,2000,10,130666
41,2000,11,119333
41,2000,12,102643
41,2000,13,91407
41,2000,14,97435
41,2000,15,125870
41,2000,16,172935
41,2000,17,243602
41,2000,18,342638
41,2000,19,495922
41,2000,20,733185
41,2000,21,1097822
41,2000,22,1707117
41,2000,23,2932312
41,2000,24,5744305
41,2000,25,11311538
41,2000,26,21949150
41,2000,27,39987806
41,2000,28,66931137
41,2000,29,96182705
41,2000,30,113679782
41,2000,31,108450462
41,2000,32,85640814
41,2000,33,57126112
41,2000,34,32966489
41,2000,35,16874312
41,2000,36,8400634
41,2000,37,3950838
41,2000,38,1853830
41,2000,39,812430
41,2000,40,391726
41,2000,41,265745
41,2000,42,247281
41,2000,43,211639
41,2000,44,131414
41,2000,45,55204
41,2000,46,16240
41,2000,47,4003
41,2000,48,882
41,2000,49,69
41,2001,0,24736
41,2001,1,37868
41,2001,2,50221
41,2001,3,56658
41,2001,4,58984
41,2001,5,56901
41,2001,6,50987
41,2001,7,44184
41,2001,8,39813
41,2001,9,40533
41,2001,10,51820
41,2001,11,78351
41,2001,12,116880
41,2001,13,159567
41,2001,14,194483
41,2001,15,212127
41,2001,16,213052
41,2001,17,217817
41,2001,18,287967
41,2001,19,448445
41,2001,20,693659
41,2001,21,1049456
41,2001,22,1620410
41,2001,23,2726453
41,2001,24,5259085
41,2001,25,10244845
41,2001,26,20485361
41,2001,27,38360871
41,2001,28,65053373
41,2001,29,96767415
41,2001,30,114685265
41,2001,31,111491672
41,2001,32,88386165
41,2001,33,59152274
41,2001,34,34359315
41,2001,35,17326219
41,2001,36,8775189
41,2001,37,4012951
41,2001,38,1799014
41,2001,39,819970
41,2001,40,452546
41,2001,41,318812
41,2001,42,269991
41,2001,43,215825
41,2001,44,131866
41,2001,45,55248
41,2001,46,16188
41,2001,47,4034
41,2001,48,963
41,2001,49,125
41,2002,0,27765
41,2002,1,43482
41,2002,2,59380
41,2002,3,69890
41,2002,4,76649
41,2002,5,78741
41,2002,6,75385
41,2002,7,68100
41,2002,8,59285
41,2002,9,51302
41,2002,10,48661
41,2002,11,56399
41,2002,12,77562
41,2002,13,114024
41,2002,14,162824
41,2002,15,214490
41,2002,16,262493
41,2002,17,296432
41,2002,18,340175
41,2002,19,460929
41,2002,20,710319
41,2002,21,1109713
41,2002,22,1718029
41,2002,23,2849768
41,2002,24,5340095
41,2002,25,10276471
41,2002,26,20385132
41,2002,27,38031053
41,2002,28,64536033
41,2002,29,95931298
41,2002,30,115293732
41,2002,31,111934821
41,2002,32,89672236
41,2002,33,60421164
41,2002,34,35310798
41,2002,35,18158187
41,2002,36,8751666
41,2002,37,4152470
41,2002,38,2081138
41,2002,39,971083
41,2002,40,492463
41,2002,41,323898
41,2002,42,248536
41,2002,43,170571
41,2002,44,83933
41,2002,45,26175
41,2002,46,4732
41,2002,47,1070
41,2002,48,483
41,2002,49,173
41,2003,0,532
41,2003,1,1046
41,2003,2,1961
41,2003,3,3509
41,2003,4,6080
41,2003,5,10768
41,2003,6,19532
41,2003,7,33620
41,2003,8,53609
41,2003,9,79229
41,2003,10,110504
41,2003,11,144210
41,2003,12,172015
41,2003,13,188465
41,2003,14,196789
41,2003,15,207642
41,2003,16,238737
41,2003,17,314094
41,2003,18,421571
41,2003,19,547192
41,2003,20,722274
41,2003,21,1040677
41,2003,22,1637821
41,2003,23,2813324
41,2003,24,5353028
41,2003,25,10148536
41,2003,26,19920434
41,2003,27,36961050
41,2003,28,64109811
41,2003,29,95710896
41,2003,30,116122815
41,2003,31,112635147
41,2003,32,89306114
41,2003,33,60920359
41,2003,34,37035806
41,2003,35,19686380
41,2003,36,9740457
41,2003,37,4674714
41,2003,38,2245690
41,2003,39,1068045
41,2003,40,601718
41,2003,41,400120
41,2003,42,266858
41,2003,43,149178
41,2003,44,58391
41,2003,45,13700
41,2003,46,2462
41,2003,47,1114
41,2003,48,575
41,2003,49,232
41,2004,0,1324
41,2004,1,3013
41,2004,2,5971
41,2004,3,10686
41,2004,4,17640
41,2004,5,27984
41,2004,6,43375
41,2004,7,63072
41,2004,8,85287
41,2004,9,107347
41,2004,10,125614
41,2004,11,133976
41,2004,12,132865
41,2004,13,128732
41,2004,14,134272
41,2004,15,160023
41,2004,16,207686
41,2004,17,283912
41,2004,18,372025
41,2004,19,491571
41,2004,20,695628
41,2004,21,1045388
41,2004,22,1635253
41,2004,23,2764161
41,2004,24,5198800
41,2004,25,9731303
41,2004,26,19011179
41,2004,27,35673463
41,2004,28,61507750
41,2004,29,94059600
41,2004,30,117681791
41,2004,31,116242179
41,2004,32,94141539
41,2004,33,64100076
41,2004,34,36980557
41,2004,35,19086954
41,2004,36,9570391
41,2004,37,4605809
41,2004,38,2214112
41,2004,39,1010743
41,2004,40,518048
41,2004,41,341648
41,2004,42,259604
41,2004,43,177105
41,2004,44,87326
41,2004,45,27301
41,2004,46,5029
41,2004,47,1148
41,2004,48,550
41,2004,49,222
41,2005,0,1769
41,2005,1,2925
41,2005,2,4430
41,2005,3,6273
41,2005,4,8998
41,2005,5,13679
41,2005,6,22249
41,2005,7,35905
41,2005,8,55058
41,2005,9,79153
41,2005,10,107617
41,2005,11,136418
41,2005,12,159115
41,2005,13,173234
41,2005,14,184146
41,2005,15,202221
41,2005,16,234807
41,2005,17,290663
41,2005,18,358779
41,2005,19,458658
41,2005,20,653387
41,2005,21,1016524
41,2005,22,1637351
41,2005,23,2811283
41,2005,24,5291776
41,2005,25,9831753
41,2005,26,18930416
41,2005,27,35735206
41,2005,28,61498570
41,2005,29,94554325
41,2005,30,117411419
41,2005,31,117413821
41,2005,32,94498546
41,2005,33,64202487
41,2005,34,38258106
41,2005,35,19722234
41,2005,36,9913085
41,2005,37,4670352
41,2005,38,2317421
41,2005,39,1172471
41,2005,40,669352
41,2005,41,432899
41,2005,42,294550
41,2005,43,182826
41,2005,44,85729
41,2005,45,25710
41,2005,46,4013
41,2005,47,597
41,2005,48,266
41,2005,49,98
41,2006,0,1754
41,2006,1,3628
41,2006,2,6722
41,2006,3,11424
41,2006,4,18279
41,2006,5,28434
41,2006,6,43568
41,2006,7,62912
41,2006,8,84561
41,2006,9,105689
41,2006,10,121947
41,2006,11,127180
41,2006,12,122972
41,2006,13,117768
41,2006,14,125606
41,2006,15,156228
41,2006,16,210275
41,2006,17,288281
41,2006,18,365574
41,2006,19,451238
41,2006,20,599373
41,2006,21,910833
41,2006,22,1516568
41,2006,23,2683560
41,2006,24,5026952
41,2006,25,9300258
41,2006,26,18433560
41,2006,27,35298063
41,2006,28,60454007
41,2006,29,93712595
41,2006,30,117949304
41,2006,31,117227813
41,2006,32,96195203
41,2006,33,66604804
41,2006,34,40024130
41,2006,35,21331945
41,2006,36,10568527
41,2006,37,5015126
41,2006,38,2471534
41,2006,39,1225011
41,2006,40,637391
41,2006,41,381556
41,2006,42,284750
41,2006,43,218458
41,2006,44,131438
41,2006,45,52523
41,2006,46,13643
41,2006,47,3123
41,2006,48,745
41,2006,49,62
41,2007,0,1560
41,2007,1,3381
41,2007,2,6501
41,2007,3,11392
41,2007,4,18603
41,2007,5,29377
41,2007,6,45515
41,2007,7,66260
41,2007,8,89654
41,2007,9,112724
41,2007,10,130959
41,2007,11,137087
41,2007,12,129952
41,2007,13,114959
41,2007,14,106142
41,2007,15,118055
41,2007,16,157920
41,2007,17,241390
41,2007,18,349464
41,2007,19,480234
41,2007,20,663759
41,2007,21,952121
41,2007,22,1419508
41,2007,23,2340987
41,2007,24,4590747
41,2007,25,9175944
41,2007,26,17557194
41,2007,27,33150748
41,2007,28,57044643
41,2007,29,89449631
41,2007,30,117974551
41,2007,31,120553581
41,2007,32,100218277
41,2007,33,70084632
41,2007,34,42316743
41,2007,35,22804715
41,2007,36,11496780
41,2007,37,5675366
41,2007,38,2827869
41,2007,39,1315022
41,2007,40,645471
41,2007,41,402330
41,2007,42,294978
41,2007,43,194465
41,2007,44,95440
41,2007,45,31851
41,2007,46,7832
41,2007,47,2885
41,2007,48,1457
41,2007,49,565
41,2008,0,4641
41,2008,1,9070
41,2008,2,15739
41,2008,3,24663
41,2008,4,36203
41,2008,5,50878
41,2008,6,68822
41,2008,7,87735
41,2008,8,104854
41,2008,9,117777
41,2008,10,123028
41,2008,11,117999
41,2008,12,111504
41,2008,13,116950
41,2008,14,145418
41,2008,15,197216
41,2008,16,266769
41,2008,17,341277
41,2008,18,407899
41,2008,19,492962
41,2008,20,647259
41,2008,21,943629
41,2008,22,1497223
41,2008,23,2577123
41,2008,24,4867802
41,2008,25,9309535
41,2008,26,18127320
41,2008,27,34308192
41,2008,28,59076169
41,2008,29,91765437
41,2008,30,118652619
41,2008,31,120800889
41,2008,32,100116084
41,2008,33,69721232
41,2008,34,41957803
41,2008,35,22366905
41,2008,36,10862974
41,2008,37,4923963
41,2008,38,2438539
41,2008,39,1298610
41,2008,40,786042
41,2008,41,511790
41,2008,42,320695
41,2008,43,168627
41,2008,44,63975
41,2008,45,14640
41,2008,46,2136
41,2008,47,710
41,2008,48,253
41,2008,49,69
41,2009,0,977
41,2009,1,1520
41,2009,2,2078
41,2009,3,2502
41,2009,4,3016
41,2009,5,4139
41,2009,6,7094
41,2009,7,13524
41,2009,8,24996
41,2009,9,42600
41,2009,10,69552
41,2009,11,106246
41,2009,12,143861
41,2009,13,172963
41,2009,14,189881
41,2009,15,200253
41,2009,16,216925
41,2009,17,268766
41,2009,18,362760
41,2009,19,482761
41,2009,20,648915
41,2009,21,952913
41,2009,22,1523283
41,2009,23,2576079
41,2009,24,4691220
41,2009,25,8773389
41,2009,26,17247632
41,2009,27,33455950
41,2009,28,58986689
41,2009,29,91033453
41,2009,30,119072431
41,2009,31,123457824
41,2009,32,103119958
41,2009,33,71663588
41,2009,34,42358771
41,2009,35,22108923
41,2009,36,11129410
41,2009,37,5254325
41,2009,38,2538044
41,2009,39,1264396
41,2009,40,701451
41,2009,41,434331
41,2009,42,295906
41,2009,43,188773
41,2009,44,90218
41,2009,45,26905
41,2009,46,3937
41,2009,47,395
41,2009,48,130
41,2009,49,40
41,2010,0,6944
41,2010,1,12888
41,2010,2,21327
41,2010,3,31837
41,2010,4,44809
41,2010,5,60563
41,2010,6,78826
41,2010,7,97243
41,2010,8,113222
41,2010,9,124586
41,2010,10,128403
41,2010,11,122704
41,2010,12,116918
41,2010,13,124342
41,2010,14,155107
41,2010,15,208685
41,2010,16,277165
41,2010,17,347730
41,2010,18,420852
41,2010,19,545151
41,2010,20,776891
41,2010,21,1166670
41,2010,22,1794429
41,2010,23,2894042
41,2010,24,5074932
41,2010,25,9253191
41,2010,26,17836019
41,2010,27,34617448
41,2010,28,60451014
41,2010,29,92236034
41,2010,30,118963321
41,2010,31,121784422
41,2010,32,101701062
41,2010,33,71000850
41,2010,34,43223930
41,2010,35,23250385
41,2010,36,11270702
41,2010,37,5267078
41,2010,38,2561702
41,2010,39,1220086
41,2010,40,624576
41,2010,41,330802
41,2010,42,152449
41,2010,43,54697
41,2010,44,16551
41,2010,45,7474
41,2010,46,4443
41,2010,47,2335
41,2010,48,1060
41,2010,49,378
41,2011,0,2875
41,2011,1,5842
41,2011,2,10534
41,2011,3,17287
41,2011,4,26631
41,2011,5,39545
41,2011,6,57263
41,2011,7,78251
41,2011,8,99942
41,2011,9,119440
41,2011,10,132230
41,2011,11,132312
41,2011,12,123278
41,2011,13,115910
41,2011,14,125954
41,2011,15,163892
41,2011,16,229454
41,2011,17,323128
41,2011,18,422284
41,2011,19,555993
41,2011,20,800603
41,2011,21,1225706
41,2011,22,1898978
41,2011,23,3035715
41,2011,24,5250751
41,2011,25,9409570
41,2011,26,18381052
41,2011,27,35775159
41,2011,28,61268228
41,2011,29,93062184
41,2011,30,118820393
41,2011,31,120571564
41,2011,32,101056283
41,2011,33,71111446
41,2011,34,43100794
41,2011,35,23382624
41,2011,36,11520918
41,2011,37,5464065
41,2011,38,2722779
41,2011,39,1325880
41,2011,40,704427
41,2011,41,399278
41,2011,42,202679
41,2011,43,78968
41,2011,44,21175
41,2011,45,5331
41,2011,46,3014
41,2011,47,1830
41,2011,48,1013
41,2011,49,440
41,2012,0,2323
41,2012,1,4661
41,2012,2,8381
41,2012,3,13826
41,2012,4,21565
41,2012,5,32805
41,2012,6,49284
41,2012,7,70239
41,2012,8,93771
41,2012,9,117228
41,2012,10,137204
41,2012,11,149238
41,2012,12,156635
41,2012,13,167975
41,2012,14,193658
41,2012,15,237838
41,2012,16,299081
41,2012,17,371817
41,2012,18,451981
41,2012,19,588958
41,2012,20,854205
41,2012,21,1305946
41,2012,22,1990867
41,2012,23,3156359
41,2012,24,5546882
41,2012,25,10204356
41,2012,26,19270466
41,2012,27,36763858
41,2012,28,62167438
41,2012,29,92329657
41,2012,30,118290446
41,2012,31,120858451
41,2012,32,101183091
41,2012,33,71166546
41,2012,34,43469091
41,2012,35,23544361
41,2012,36,11668403
41,2012,37,5438392
41,2012,38,2665337
41,2012,39,1347678
41,2012,40,746736
41,2012,41,416343
41,2012,42,206697
41,2012,43,80097
41,2012,44,20287
41,2012,45,3640
41,2012,46,1662
41,2012,47,963
41,2012,48,539
41,2012,49,243
41,2013,0,1720
41,2013,1,3683
41,2013,2,6991
41,2013,3,12094
41,2013,4,19527
41,2013,5,30504
41,2013,6,46783
41,2013,7,67591
41,2013,8,91011
41,2013,9,114278
41,2013,10,133277
41,2013,11,141726
41,2013,12,140613
41,2013,13,137897
41,2013,14,148410
41,2013,15,184426
41,2013,16,249808
41,2013,17,351201
41,2013,18,469797
41,2013,19,630821
41,2013,20,890004
41,2013,21,1301397
41,2013,22,1954371
41,2013,23,3132169
41,2013,24,5486111
41,2013,25,10036211
41,2013,26,19259554
41,2013,27,37064948
41,2013,28,62382199
41,2013,29,92603441
41,2013,30,118409941
41,2013,31,122613195
41,2013,32,102621200
41,2013,33,72004695
41,2013,34,43639683
41,2013,35,23540404
41,2013,36,11716625
41,2013,37,5585732
41,2013,38,2741878
41,2013,39,1326205
41,2013,40,716181
41,2013,41,424689
41,2013,42,236697
41,2013,43,106638
41,2013,44,33004
41,2013,45,6022
41,2013,46,1327
41,2013,47,574
41,2013,48,240
41,2013,49,93
41,2014,0,28672
41,2014,1,45681
41,2014,2,63671
41,2014,3,77011
41,2014,4,87088
41,2014,5,92649
41,2014,6,92330
41,2014,7,87742
41,2014,8,81984
41,2014,9,78742
41,2014,10,84570
41,2014,11,106255
41,2014,12,141169
41,2014,13,183603
41,2014,14,226901
41,2014,15,268481
41,2014,16,314019
41,2014,17,385435
41,2014,18,504167
41,2014,19,678479
41,2014,20,914010
41,2014,21,1271055
41,2014,22,1887206
41,2014,23,3079906
41,2014,24,5521654
41,2014,25,10023718
41,2014,26,19090375
41,2014,27,36544306
41,2014,28,61800756
41,2014,29,93105365
41,2014,30,120386505
41,2014,31,124146245
41,2014,32,102650658
41,2014,33,70484627
41,2014,34,43750964
41,2014,35,24588151
41,2014,36,12789416
41,2014,37,6294012
41,2014,38,2972229
41,2014,39,1432162
41,2014,40,790765
41,2014,41,436977
41,2014,42,211893
41,2014,43,79855
41,2014,44,21890
41,2014,45,6304
41,2014,46,3575
41,2014,47,2152
41,2014,48,1132
41,2014,49,451
41,2015,0,11372
41,2015,1,20234
41,2015,2,31999
41,2015,3,45353
41,2015,4,60634
41,2015,5,77367
41,2015,6,94193
41,2015,7,108246
41,2015,8,117525
41,2015,9,121136
41,2015,10,119061
41,2015,11,115558
41,2015,12,124019
41,2015,13,155953
41,2015,14,212839
41,2015,15,285928
41,2015,16,364649
41,2015,17,439079
41,2015,18,539457
41,2015,19,702833
41,2015,20,946086
41,2015,21,1309866
41,2015,22,1921498
41,2015,23,3060114
41,2015,24,5323573
41,2015,25,9462876
41,2015,26,17808382
41,2015,27,34419622
41,2015,28,59634930
41,2015,29,90589426
41,2015,30,119188836
41,2015,31,126573331
41,2015,32,105865470
41,2015,33,74036583
41,2015,34,46339708
41,2015,35,25977771
41,2015,36,13396915
41,2015,37,6669223
41,2015,38,3244414
41,2015,39,1549094
41,2015,40,836332
41,2015,41,473956
41,2015,42,243251
41,2015,43,95671
41,2015,44,25718
41,2015,45,5987
41,2015,46,2980
41,2015,47,1754
41,2015,48,929
41,2015,49,378
41,2016,0,8280
41,2016,1,15129
41,2016,2,24651
41,2016,3,36206
41,2016,4,50242
41,2016,5,66972
41,2016,6,85972
41,2016,7,104760
41,2016,8,120853
41,2016,9,132821
41,2016,10,138602
41,2016,11,138725
41,2016,12,142936
41,2016,13,161905
41,2016,14,199304
41,2016,15,248919
41,2016,16,304489
41,2016,17,360942
41,2016,18,450448
41,2016,19,609347
41,2016,20,844998
41,2016,21,1193704
41,2016,22,1770278
41,2016,23,2820112
41,2016,24,4950247
41,2016,25,8985501
41,2016,26,17166281
41,2016,27,33190975
41,2016,28,57048519
41,2016,29,86969035
41,2016,30,116704361
41,2016,31,126957379
41,2016,32,110511457
41,2016,33,78638069
41,2016,34,49443279
41,2016,35,28249036
41,2016,36,14635999
41,2016,37,7088386
41,2016,38,3538794
41,2016,39,1733461
41,2016,40,908962
41,2016,41,499807
41,2016,42,250735
41,2016,43,98460
41,2016,44,26096
41,2016,45,5760
41,2016,46,2525
41,2016,47,1248
41,2016,48,569
41,2016,49,213
41,2017,0,30343
41,2017,1,46791
41,2017,2,62667
41,2017,3,71696
41,2017,4,75995
41,2017,5,75270
41,2017,6,70330
41,2017,7,65105
41,2017,8,63914
41,2017,9,69692
41,2017,10,87666
41,2017,11,120350
41,2017,12,158255
41,2017,13,192161
41,2017,14,220092
41,2017,15,248500
41,2017,16,288357
41,2017,17,360798
41,2017,18,467347
41,2017,19,607523
41,2017,20,821822
41,2017,21,1196511
41,2017,22,1806508
41,2017,23,2817785
41,2017,24,4862191
41,2017,25,8975917
41,2017,26,17218271
41,2017,27,32849747
41,2017,28,56418662
41,2017,29,86131202
41,2017,30,115951580
41,2017,31,126167502
41,2017,32,111113659
41,2017,33,80816691
41,2017,34,51719299
41,2017,35,29605362
41,2017,36,15269913
41,2017,37,7478977
41,2017,38,3768152
41,2017,39,1782172
41,2017,40,886763
41,2017,41,477232
41,2017,42,238786
41,2017,43,92701
41,2017,44,23727
41,2017,45,4468
41,2017,46,1739
41,2017,47,823
41,2017,48,327
41,2017,49,101
41,2018,0,8786
41,2018,1,16008
41,2018,2,26010
41,2018,3,38091
41,2018,4,52731
41,2018,5,70151
41,2018,6,89940
41,2018,7,109451
41,2018,8,125846
41,2018,9,136891
41,2018,10,139108
41,2018,11,130706
41,2018,12,122217
41,2018,13,128278
41,2018,14,160340
41,2018,15,218623
41,2018,16,293930
41,2018,17,373240
41,2018,18,450999
41,2018,19,562143
41,2018,20,757346
41,2018,21,1104782
41,2018,22,1708660
41,2018,23,2733040
41,2018,24,4709732
41,2018,25,8718544
41,2018,26,16356049
41,2018,27,31339174
41,2018,28,54122337
41,2018,29,83700430
41,2018,30,115221595
41,2018,31,126952682
41,2018,32,113224592
41,2018,33,83728533
41,2018,34,54086391
41,2018,35,31223628
41,2018,36,16205483
41,2018,37,8125063
41,2018,38,4099356
41,2018,39,2077041
41,2018,40,1054924
41,2018,41,589431
41,2018,42,320076
41,2018,43,145159
41,2018,44,47335
41,2018,45,10175
41,2018,46,3028
41,2018,47,1636
41,2018,48,812
41,2018,49,319
41,2019,0,6999
41,2019,1,13021
41,2019,2,21605
41,2019,3,32403
41,2019,4,45902
41,2019,5,62563
41,2019,6,82381
41,2019,7,102755
41,2019,8,120650
41,2019,9,133560
41,2019,10,137581
41,2019,11,130403
41,2019,12,122359
41,2019,13,128453
41,2019,14,160567
41,2019,15,219101
41,2019,16,294809
41,2019,17,374147
41,2019,18,449046
41,2019,19,549082
41,2019,20,725644
41,2019,21,1060319
41,2019,22,1669665
41,2019,23,2705024
41,2019,24,4652884
41,2019,25,8581675
41,2019,26,16036325
41,2019,27,30424848
41,2019,28,53048117
41,2019,29,82922656
41,2019,30,114689306
41,2019,31,127665028
41,2019,32,114804885
41,2019,33,85178829
41,2019,34,55151640
41,2019,35,32201386
41,2019,36,17203818
41,2019,37,8670714
41,2019,38,4276952
41,2019,39,2124668
41,2019,40,1063262
41,2019,41,592945
41,2019,42,322019
41,2019,43,145948
41,2019,44,47583
41,2019,45,10241
41,2019,46,3050
41,2019,47,1644
41,2019,48,813
41,2019,49,318
42,1981,0,52349
42,1981,1,89178
42,1981,2,135593
42,1981,3,187676
42,1981,4,256494
42,1981,5,350810
42,1981,6,500067
42,1981,7,748655
42,1981,8,1162340
42,1981,9,1933772
42,1981,10,3759741
42,1981,11,8331991
42,1981,12,19012980
42,1981,13,42728574
42,1981,14,95094661
42,1981,15,178924109
42,1981,16,304937732
42,1981,17,413450951
42,1981,18,442936341
42,1981,19,425241251
42,1981,20,359111991
42,1981,21,275647586
42,1981,22,215761884
42,1981,23,182995354
42,1981,24,165217308
42,1981,25,151589214
42,1981,26,136908301
42,1981,27,117671265
42,1981,28,91038669
42,1981,29,62867452
42,1981,30,38920578
42,1981,31,21852989
42,1981,32,12330243
42,1981,33,6800826
42,1981,34,3839809
42,1981,35,2210700
42,1981,36,1324573
42,1981,37,810374
42,1981,38,500344
42,1981,39,303936
42,1981,40,152653
42,1981,41,70497
42,1981,42,34522
42,1981,43,18206
42,1981,44,10194
42,1981,45,5660
42,1981,46,3157
42,1981,47,1743
42,1981,48,915
42,1981,49,453
42,1982,0,52361
42,1982,1,89145
42,1982,2,135393
42,1982,3,187475
42,1982,4,256226
42,1982,5,350244
42,1982,6,494811
42,1982,7,739239
42,1982,8,1156340
42,1982,9,1890837
42,1982,10,3561172
42,1982,11,7772745
42,1982,12,17561963
42,1982,13,38421449
42,1982,14,84914984
42,1982,15,167309693
42,1982,16,289186467
42,1982,17,420119213
42,1982,18,472726833
42,1982,19,455813124
42,1982,20,380611128
42,1982,21,286814375
42,1982,22,222059523
42,1982,23,186565270
42,1982,24,168096651
42,1982,25,153526797
42,1982,26,137592878
42,1982,27,117362234
42,1982,28,90995721
42,1982,29,64286366
42,1982,30,40433755
42,1982,31,22981370
42,1982,32,12771374
42,1982,33,7028090
42,1982,34,4037244
42,1982,35,2365504
42,1982,36,1423877
42,1982,37,852348
42,1982,38,505743
42,1982,39,280402
42,1982,40,138198
42,1982,41,66651
42,1982,42,35770
42,1982,43,20496
42,1982,44,12204
42,1982,45,7230
42,1982,46,4227
42,1982,47,2480
42,1982,48,1361
42,1982,49,712
42,1983,0,54240
42,1983,1,92405
42,1983,2,140488
42,1983,3,194475
42,1983,4,265316
42,1983,5,364453
42,1983,6,515591
42,1983,7,766139
42,1983,8,1199386
42,1983,9,1940943
42,1983,10,3424635
42,1983,11,7043088
42,1983,12,15605999
42,1983,13,35066722
42,1983,14,75050660
42,1983,15,148860631
42,1983,16,266921100
42,1983,17,413683845
42,1983,18,499057879
42,1983,19,493719355
42,1983,20,413874310
42,1983,21,308301804
42,1983,22,230747207
42,1983,23,189981835
42,1983,24,169347916
42,1983,25,154066242
42,1983,26,138656116
42,1983,27,118545351
42,1983,28,92685860
42,1983,29,65949959
42,1983,30,41275598
42,1983,31,23510411
42,1983,32,13018559
42,1983,33,7054975
42,1983,34,4005949
42,1983,35,2330185
42,1983,36,1396913
42,1983,37,838925
42,1983,38,487287
42,1983,39,247896
42,1983,40,121470
42,1983,41,62900
42,1983,42,34252
42,1983,43,19872
42,1983,44,11638
42,1983,45,6788
42,1983,46,3935
42,1983,47,2225
42,1983,48,1201
42,1983,49,613
42,1984,0,55978
42,1984,1,95190
42,1984,2,144319
42,1984,3,199468
42,1984,4,271444
42,1984,5,371523
42,1984,6,522255
42,1984,7,764069
42,1984,8,1177258
42,1984,9,1886346
42,1984,10,3185119
42,1984,11,6158362
42,1984,12,13234151
42,1984,13,28873665
42,1984,14,61636131
42,1984,15,126609267
42,1984,16,235494466
42,1984,17,393839245
42,1984,18,520519806
42,1984,19,537871444
42,1984,20,453644513
42,1984,21,332519581
42,1984,22,244813351
42,1984,23,197487455
42,1984,24,173408335
42,1984,25,157295885
42,1984,26,141331869
42,1984,27,121267453
42,1984,28,95151536
42,1984,29,68349354
42,1984,30,43137736
42,1984,31,24653384
42,1984,32,13747994
42,1984,33,7514403
42,1984,34,4264441
42,1984,35,2466399
42,1984,36,1468563
42,1984,37,882486
42,1984,38,510869
42,1984,39,256899
42,1984,40,124854
42,1984,41,64822
42,1984,42,35571
42,1984,43,20317
42,1984,44,11811
42,1984,45,6751
42,1984,46,3845
42,1984,47,2108
42,1984,48,1099
42,1984,49,544
42,1985,0,56637
42,1985,1,96178
42,1985,2,145665
42,1985,3,200580
42,1985,4,271692
42,1985,5,369917
42,1985,6,516850
42,1985,7,752108
42,1985,8,1151940
42,1985,9,1833425
42,1985,10,3094643
42,1985,11,5932469
42,1985,12,12652671
42,1985,13,27419814
42,1985,14,58455724
42,1985,15,118423612
42,1985,16,218037441
42,1985,17,374893202
42,1985,18,517465907
42,1985,19,556072854
42,1985,20,484345441
42,1985,21,359565923
42,1985,22,261508827
42,1985,23,207767501
42,1985,24,179815522
42,1985,25,162203605
42,1985,26,145865247
42,1985,27,126315560
42,1985,28,99877083
42,1985,29,71325178
42,1985,30,45565248
42,1985,31,26033603
42,1985,32,14251597
42,1985,33,7952561
42,1985,34,4439807
42,1985,35,2574494
42,1985,36,1498725
42,1985,37,878880
42,1985,38,484061
42,1985,39,228006
42,1985,40,113893
42,1985,41,59499
42,1985,42,31935
42,1985,43,18069
42,1985,44,10133
42,1985,45,5695
42,1985,46,3214
42,1985,47,1787
42,1985,48,955
42,1985,49,490
42,1986,0,57132
42,1986,1,97267
42,1986,2,147910
42,1986,3,204071
42,1986,4,277700
42,1986,5,380239
42,1986,6,531914
42,1986,7,773583
42,1986,8,1194431
42,1986,9,1908048
42,1986,10,3194335
42,1986,11,6047606
42,1986,12,12764623
42,1986,13,27294356
42,1986,14,56772570
42,1986,15,112522975
42,1986,16,206971432
42,1986,17,362311688
42,1986,18,513313662
42,1986,19,566470052
42,1986,20,504569538
42,1986,21,377996821
42,1986,22,273264966
42,1986,23,214888413
42,1986,24,186005329
42,1986,25,166985382
42,1986,26,151295895
42,1986,27,132380577
42,1986,28,106068105
42,1986,29,76285111
42,1986,30,50205780
42,1986,31,29458371
42,1986,32,16558771
42,1986,33,9336770
42,1986,34,5238731
42,1986,35,3055706
42,1986,36,1808085
42,1986,37,1059491
42,1986,38,554954
42,1986,39,278496
42,1986,40,148653
42,1986,41,86046
42,1986,42,50153
42,1986,43,29336
42,1986,44,17603
42,1986,45,10980
42,1986,46,6722
42,1986,47,4156
42,1986,48,2472
42,1986,49,1407
42,1987,0,62722
42,1987,1,106899
42,1987,2,163054
42,1987,3,224761
42,1987,4,305915
42,1987,5,418069
42,1987,6,581585
42,1987,7,838881
42,1987,8,1267459
42,1987,9,1991290
42,1987,10,3297179
42,1987,11,6148237
42,1987,12,12740509
42,1987,13,27089570
42,1987,14,56020754
42,1987,15,109073139
42,1987,16,198728802
42,1987,17,350884879
42,1987,18,511017640
42,1987,19,580692162
42,1987,20,532429734
42,1987,21,407860026
42,1987,22,290372649
42,1987,23,224231443
42,1987,24,190284705
42,1987,25,168631801
42,1987,26,151324575
42,1987,27,132518811
42,1987,28,106412220
42,1987,29,77780764
42,1987,30,51048816
42,1987,31,30116624
42,1987,32,16713171
42,1987,33,9326620
42,1987,34,5206750
42,1987,35,3082360
42,1987,36,1818750
42,1987,37,1044702
42,1987,38,538188
42,1987,39,270927
42,1987,40,147064
42,1987,41,84895
42,1987,42,50012
42,1987,43,30674
42,1987,44,18702
42,1987,45,11529
42,1987,46,7171
42,1987,47,4450
42,1987,48,2605
42,1987,49,1450
42,1988,0,71034
42,1988,1,121332
42,1988,2,185514
42,1988,3,256679
42,1988,4,350714
42,1988,5,478911
42,1988,6,666201
42,1988,7,955129
42,1988,8,1417190
42,1988,9,2197748
42,1988,10,3532138
42,1988,11,6224279
42,1988,12,12160559
42,1988,13,25179212
42,1988,14,51313941
42,1988,15,99319914
42,1988,16,183806313
42,1988,17,325548819
42,1988,18,495777076
42,1988,19,592679126
42,1988,20,566486894
42,1988,21,447414355
42,1988,22,318651086
42,1988,23,240249693
42,1988,24,198616953
42,1988,25,172200797
42,1988,26,152272549
42,1988,27,133863678
42,1988,28,108402623
42,1988,29,79521965
42,1988,30,53421779
42,1988,31,31754537
42,1988,32,17644606
42,1988,33,9971160
42,1988,34,5578955
42,1988,35,3225833
42,1988,36,1860525
42,1988,37,1050011
42,1988,38,549020
42,1988,39,284781
42,1988,40,158989
42,1988,41,93605
42,1988,42,57274
42,1988,43,34477
42,1988,44,21070
42,1988,45,13210
42,1988,46,8248
42,1988,47,4997
42,1988,48,2904
42,1988,49,1587
42,1989,0,71634
42,1989,1,122102
42,1989,2,186253
42,1989,3,257356
42,1989,4,351717
42,1989,5,480012
42,1989,6,669489
42,1989,7,966292
42,1989,8,1432421
42,1989,9,2203483
42,1989,10,3532244
42,1989,11,6198825
42,1989,12,12142878
42,1989,13,25633199
42,1989,14,55186551
42,1989,15,116606008
42,1989,16,225986378
42,1989,17,387457744
42,1989,18,549559151
42,1989,19,588173957
42,1989,20,520077870
42,1989,21,401477151
42,1989,22,299465228
42,1989,23,236444926
42,1989,24,199957064
42,1989,25,174967643
42,1989,26,154118316
42,1989,27,134713629
42,1989,28,111755490
42,1989,29,82331507
42,1989,30,56271542
42,1989,31,34309455
42,1989,32,19145654
42,1989,33,10914049
42,1989,34,6012864
42,1989,35,3493704
42,1989,36,2038148
42,1989,37,1196983
42,1989,38,657920
42,1989,39,361103
42,1989,40,204640
42,1989,41,121990
42,1989,42,76302
42,1989,43,48801
42,1989,44,31245
42,1989,45,20543
42,1989,46,13452
42,1989,47,8560
42,1989,48,5191
42,1989,49,2963
42,1990,0,74104
42,1990,1,126803
42,1990,2,194323
42,1990,3,269838
42,1990,4,370846
42,1990,5,509221
42,1990,6,712021
42,1990,7,1027526
42,1990,8,1524681
42,1990,9,2341415
42,1990,10,3735696
42,1990,11,6448376
42,1990,12,12353189
42,1990,13,25760136
42,1990,14,54691910
42,1990,15,114643700
42,1990,16,218753125
42,1990,17,379855248
42,1990,18,551370966
42,1990,19,604481845
42,1990,20,541926730
42,1990,21,422423446
42,1990,22,316241096
42,1990,23,248807351
42,1990,24,208104519
42,1990,25,178665806
42,1990,26,155277021
42,1990,27,134211298
42,1990,28,108552740
42,1990,29,80376682
42,1990,30,55836148
42,1990,31,34392218
42,1990,32,19295853
42,1990,33,10716174
42,1990,34,5852184
42,1990,35,3395932
42,1990,36,2006243
42,1990,37,1195085
42,1990,38,650398
42,1990,39,328966
42,1990,40,173200
42,1990,41,98929
42,1990,42,61052
42,1990,43,37727
42,1990,44,23681
42,1990,45,15135
42,1990,46,9563
42,1990,47,5923
42,1990,48,3518
42,1990,49,1963
42,1991,0,80095
42,1991,1,137169
42,1991,2,210241
42,1991,3,292253
42,1991,4,402477
42,1991,5,550301
42,1991,6,772457
42,1991,7,1113809
42,1991,8,1644941
42,1991,9,2512358
42,1991,10,3991145
42,1991,11,6789605
42,1991,12,12788978
42,1991,13,26509580
42,1991,14,55496331
42,1991,15,116663916
42,1991,16,220995050
42,1991,17,382885670
42,1991,18,558448293
42,1991,19,614090964
42,1991,20,557486098
42,1991,21,437544581
42,1991,22,326540067
42,1991,23,257360616
42,1991,24,214628230
42,1991,25,183433341
42,1991,26,157756441
42,1991,27,131505997
42,1991,28,103149932
42,1991,29,77602487
42,1991,30,55419899
42,1991,31,34414408
42,1991,32,19637527
42,1991,33,10953965
42,1991,34,5924823
42,1991,35,3364647
42,1991,36,1938009
42,1991,37,1126395
42,1991,38,589709
42,1991,39,292592
42,1991,40,150904
42,1991,41,85613
42,1991,42,51769
42,1991,43,32234
42,1991,44,20105
42,1991,45,12646
42,1991,46,7875
42,1991,47,4865
42,1991,48,2871
42,1991,49,1599
42,1992,0,72288
42,1992,1,124650
42,1992,2,192168
42,1992,3,271287
42,1992,4,378715
42,1992,5,527599
42,1992,6,754719
42,1992,7,1110488
42,1992,8,1672415
42,1992,9,2592224
42,1992,10,4192949
42,1992,11,7177784
42,1992,12,13385903
42,1992,13,26892448
42,1992,14,54843940
42,1992,15,113116587
42,1992,16,212998771
42,1992,17,370969979
42,1992,18,554810011
42,1992,19,621456743
42,1992,20,580108145
42,1992,21,465236838
42,1992,22,353865265
42,1992,23,277017835
42,1992,24,227069130
42,1992,25,188225250
42,1992,26,155990625
42,1992,27,127200176
42,1992,28,98514844
42,1992,29,74124856
42,1992,30,53390312
42,1992,31,33922985
42,1992,32,19227931
42,1992,33,10634493
42,1992,34,5758049
42,1992,35,3245098
42,1992,36,1835549
42,1992,37,1029023
42,1992,38,516928
42,1992,39,244856
42,1992,40,119659
42,1992,41,65499
42,1992,42,39113
42,1992,43,23493
42,1992,44,14558
42,1992,45,8763
42,1992,46,5258
42,1992,47,3135
42,1992,48,1796
42,1992,49,967
42,1993,0,58861
42,1993,1,102574
42,1993,2,159962
42,1993,3,229778
42,1993,4,328551
42,1993,5,468843
42,1993,6,688514
42,1993,7,1043192
42,1993,8,1603848
42,1993,9,2555611
42,1993,10,4251964
42,1993,11,7300730
42,1993,12,13550324
42,1993,13,26715706
42,1993,14,55725001
42,1993,15,110827389
42,1993,16,207635323
42,1993,17,363164698
42,1993,18,563431661
42,1993,19,629664003
42,1993,20,590390285
42,1993,21,489667459
42,1993,22,380532771
42,1993,23,295259929
42,1993,24,236577333
42,1993,25,191507684
42,1993,26,152406753
42,1993,27,119477413
42,1993,28,92569031
42,1993,29,71310603
42,1993,30,52812689
42,1993,31,34362493
42,1993,32,19803589
42,1993,33,11202578
42,1993,34,6234992
42,1993,35,3533730
42,1993,36,2026309
42,1993,37,1153455
42,1993,38,591252
42,1993,39,299775
42,1993,40,157519
42,1993,41,89923
42,1993,42,54745
42,1993,43,34374
42,1993,44,21504
42,1993,45,13424
42,1993,46,8482
42,1993,47,5334
42,1993,48,3173
42,1993,49,1788
42,1994,0,56968
42,1994,1,98915
42,1994,2,154052
42,1994,3,219924
42,1994,4,313473
42,1994,5,446832
42,1994,6,661272
42,1994,7,1016018
42,1994,8,1588796
42,1994,9,2586593
42,1994,10,4388190
42,1994,11,7589718
42,1994,12,13876517
42,1994,13,26360553
42,1994,14,52006260
42,1994,15,101728286
42,1994,16,193550966
42,1994,17,340676712
42,1994,18,542795077
42,1994,19,650118925
42,1994,20,623321882
42,1994,21,521166999
42,1994,22,407302623
42,1994,23,312540678
42,1994,24,241769904
42,1994,25,192458792
42,1994,26,152105738
42,1994,27,119767311
42,1994,28,93671605
42,1994,29,73256551
42,1994,30,54922576
42,1994,31,36495439
42,1994,32,21204127
42,1994,33,12061518
42,1994,34,6823711
42,1994,35,3860775
42,1994,36,2229123
42,1994,37,1260327
42,1994,38,649324
42,1994,39,331552
42,1994,40,177138
42,1994,41,102323
42,1994,42,62584
42,1994,43,39717
42,1994,44,24830
42,1994,45,15573
42,1994,46,9841
42,1994,47,6208
42,1994,48,3678
42,1994,49,2067
42,1995,0,51825
42,1995,1,90665
42,1995,2,142349
42,1995,3,205406
42,1995,4,296167
42,1995,5,426621
42,1995,6,638477
42,1995,7,990330
42,1995,8,1553644
42,1995,9,2533384
42,1995,10,4319554
42,1995,11,7501492
42,1995,12,13511598
42,1995,13,25488184
42,1995,14,49682627
42,1995,15,97098916
42,1995,16,181329170
42,1995,17,321012734
42,1995,18,519053724
42,1995,19,657909945
42,1995,20,643827885
42,1995,21,544001796
42,1995,22,425004351
42,1995,23,325332161
42,1995,24,253567795
42,1995,25,203819953
42,1995,26,161774886
42,1995,27,126655815
42,1995,28,98207515
42,1995,29,77285940
42,1995,30,58262476
42,1995,31,39359200
42,1995,32,22850118
42,1995,33,13000904
42,1995,34,7359590
42,1995,35,4111586
42,1995,36,2371761
42,1995,37,1352503
42,1995,38,705257
42,1995,39,362429
42,1995,40,188985
42,1995,41,106471
42,1995,42,63645
42,1995,43,39283
42,1995,44,23988
42,1995,45,15111
42,1995,46,9253
42,1995,47,5684
42,1995,48,3302
42,1995,49,1835
42,1996,0,45506
42,1996,1,80095
42,1996,2,126722
42,1996,3,184646
42,1996,4,269648
42,1996,5,392952
42,1996,6,597608
42,1996,7,942163
42,1996,8,1510131
42,1996,9,2504455
42,1996,10,4352036
42,1996,11,7598353
42,1996,12,13413246
42,1996,13,24542218
42,1996,14,46789846
42,1996,15,91903263
42,1996,16,177944490
42,1996,17,305659947
42,1996,18,499080364
42,1996,19,653145738
42,1996,20,668437654
42,1996,21,574677947
42,1996,22,455922076
42,1996,23,349508183
42,1996,24,266880982
42,1996,25,207315730
42,1996,26,159569510
42,1996,27,124497693
42,1996,28,97845674
42,1996,29,78083521
42,1996,30,59599251
42,1996,31,40663496
42,1996,32,24033717
42,1996,33,13355428
42,1996,34,7552651
42,1996,35,4255000
42,1996,36,2482433
42,1996,37,1419123
42,1996,38,747083
42,1996,39,387890
42,1996,40,206700
42,1996,41,117579
42,1996,42,72087
42,1996,43,45120
42,1996,44,28964
42,1996,45,18069
42,1996,46,11350
42,1996,47,7106
42,1996,48,4226
42,1996,49,2348
42,1997,0,43445
42,1997,1,76518
42,1997,2,121181
42,1997,3,176577
42,1997,4,257145
42,1997,5,377799
42,1997,6,575769
42,1997,7,906588
42,1997,8,1476144
42,1997,9,2476258
42,1997,10,4327260
42,1997,11,7605951
42,1997,12,13627540
42,1997,13,25097813
42,1997,14,47845493
42,1997,15,94087981
42,1997,16,179744340
42,1997,17,309688525
42,1997,18,502461493
42,1997,19,652915935
42,1997,20,666847347
42,1997,21,574916988
42,1997,22,463610554
42,1997,23,361736235
42,1997,24,279549266
42,1997,25,216966557
42,1997,26,167012018
42,1997,27,129831725
42,1997,28,101188569
42,1997,29,80179203
42,1997,30,61223531
42,1997,31,41664569
42,1997,32,24417022
42,1997,33,13777712
42,1997,34,7677231
42,1997,35,4260961
42,1997,36,2450966
42,1997,37,1410844
42,1997,38,741016
42,1997,39,374055
42,1997,40,195245
42,1997,41,111879
42,1997,42,68522
42,1997,43,42948
42,1997,44,26786
42,1997,45,17053
42,1997,46,10586
42,1997,47,6477
42,1997,48,3767
42,1997,49,2095
42,1998,0,42636
42,1998,1,74947
42,1998,2,118396
42,1998,3,171958
42,1998,4,249639
42,1998,5,365210
42,1998,6,553916
42,1998,7,871828
42,1998,8,1422933
42,1998,9,2386614
42,1998,10,4189335
42,1998,11,7457847
42,1998,12,13514970
42,1998,13,25100737
42,1998,14,48312757
42,1998,15,96478579
42,1998,16,186513245
42,1998,17,325027148
42,1998,18,514565647
42,1998,19,655950006
42,1998,20,661444753
42,1998,21,572190023
42,1998,22,468449134
42,1998,23,371135779
42,1998,24,287973403
42,1998,25,223076041
42,1998,26,172417611
42,1998,27,133791768
42,1998,28,104422939
42,1998,29,82061494
42,1998,30,61475228
42,1998,31,41847754
42,1998,32,24449777
42,1998,33,13577173
42,1998,34,7584120
42,1998,35,4253295
42,1998,36,2460593
42,1998,37,1408955
42,1998,38,734762
42,1998,39,379305
42,1998,40,198847
42,1998,41,113253
42,1998,42,68574
42,1998,43,42341
42,1998,44,26132
42,1998,45,16466
42,1998,46,10111
42,1998,47,6173
42,1998,48,3585
42,1998,49,1989
42,1999,0,42443
42,1999,1,75306
42,1999,2,120326
42,1999,3,177024
42,1999,4,261172
42,1999,5,388163
42,1999,6,595937
42,1999,7,942113
42,1999,8,1533532
42,1999,9,2545380
42,1999,10,4348318
42,1999,11,7710396
42,1999,12,13779957
42,1999,13,25246110
42,1999,14,47734317
42,1999,15,94351872
42,1999,16,178322024
42,1999,17,309317695
42,1999,18,501760425
42,1999,19,663737195
42,1999,20,688345906
42,1999,21,603158204
42,1999,22,494717798
42,1999,23,392685345
42,1999,24,297215981
42,1999,25,223847399
42,1999,26,169121021
42,1999,27,128663290
42,1999,28,100902435
42,1999,29,80288379
42,1999,30,61988319
42,1999,31,42394019
42,1999,32,24763707
42,1999,33,13911906
42,1999,34,7745945
42,1999,35,4281884
42,1999,36,2481361
42,1999,37,1424763
42,1999,38,726671
42,1999,39,366223
42,1999,40,187561
42,1999,41,105284
42,1999,42,63483
42,1999,43,39035
42,1999,44,24173
42,1999,45,15207
42,1999,46,9346
42,1999,47,5686
42,1999,48,3310
42,1999,49,1822
42,2000,0,38277
42,2000,1,68285
42,2000,2,109200
42,2000,3,163041
42,2000,4,244061
42,2000,5,367667
42,2000,6,572018
42,2000,7,916580
42,2000,8,1519699
42,2000,9,2574301
42,2000,10,4447470
42,2000,11,7873408
42,2000,12,13731233
42,2000,13,24546876
42,2000,14,45623091
42,2000,15,89916142
42,2000,16,174040637
42,2000,17,301339814
42,2000,18,491244302
42,2000,19,657185633
42,2000,20,688922120
42,2000,21,608049074
42,2000,22,502566114
42,2000,23,410198605
42,2000,24,318512991
42,2000,25,240887770
42,2000,26,181092897
42,2000,27,136746360
42,2000,28,105301374
42,2000,29,84125861
42,2000,30,65834537
42,2000,31,45444569
42,2000,32,27174652
42,2000,33,15020148
42,2000,34,8365753
42,2000,35,4695829
42,2000,36,2735813
42,2000,37,1604067
42,2000,38,847183
42,2000,39,423896
42,2000,40,213544
42,2000,41,117580
42,2000,42,68545
42,2000,43,41470
42,2000,44,25157
42,2000,45,15830
42,2000,46,9612
42,2000,47,5817
42,2000,48,3366
42,2000,49,1868
42,2001,0,36883
42,2001,1,65723
42,2001,2,104854
42,2001,3,155841
42,2001,4,232118
42,2001,5,350177
42,2001,6,548531
42,2001,7,880039
42,2001,8,1462333
42,2001,9,2492152
42,2001,10,4363952
42,2001,11,7798217
42,2001,12,13581410
42,2001,13,24003491
42,2001,14,43864163
42,2001,15,85516104
42,2001,16,165636959
42,2001,17,296853105
42,2001,18,485391976
42,2001,19,652614595
42,2001,20,692757563
42,2001,21,618550566
42,2001,22,515314376
42,2001,23,424412114
42,2001,24,336239879
42,2001,25,254684564
42,2001,26,189199652
42,2001,27,142697979
42,2001,28,109886192
42,2001,29,87268597
42,2001,30,68426913
42,2001,31,47299593
42,2001,32,28484237
42,2001,33,15653048
42,2001,34,8503941
42,2001,35,4742411
42,2001,36,2831287
42,2001,37,1793010
42,2001,38,1135169
42,2001,39,642265
42,2001,40,279786
42,2001,41,119390
42,2001,42,62911
42,2001,43,36013
42,2001,44,21375
42,2001,45,12661
42,2001,46,7606
42,2001,47,4381
42,2001,48,2422
42,2001,49,1267
42,2002,0,30463
42,2002,1,54205
42,2002,2,86310
42,2002,3,128284
42,2002,4,191360
42,2002,5,291689
42,2002,6,460006
42,2002,7,746849
42,2002,8,1261381
42,2002,9,2184902
42,2002,10,3874953
42,2002,11,7028761
42,2002,12,12268804
42,2002,13,21705032
42,2002,14,40657211
42,2002,15,80265560
42,2002,16,159381644
42,2002,17,289424361
42,2002,18,475464791
42,2002,19,641619766
42,2002,20,690846925
42,2002,21,628232566
42,2002,22,531133803
42,2002,23,442961872
42,2002,24,357564208
42,2002,25,273184274
42,2002,26,200547332
42,2002,27,150751954
42,2002,28,115459337
42,2002,29,90964570
42,2002,30,71574547
42,2002,31,49838292
42,2002,32,29740198
42,2002,33,16720818
42,2002,34,9050711
42,2002,35,5070036
42,2002,36,3021322
42,2002,37,1907629
42,2002,38,1206440
42,2002,39,686930
42,2002,40,302686
42,2002,41,129724
42,2002,42,67568
42,2002,43,37990
42,2002,44,22286
42,2002,45,13114
42,2002,46,7936
42,2002,47,4631
42,2002,48,2620
42,2002,49,1413
42,2003,0,31257
42,2003,1,55935
42,2003,2,89725
42,2003,3,134407
42,2003,4,201317
42,2003,5,305652
42,2003,6,475110
42,2003,7,755533
42,2003,8,1253157
42,2003,9,2137726
42,2003,10,3729923
42,2003,11,6723692
42,2003,12,11758134
42,2003,13,20554413
42,2003,14,37391633
42,2003,15,73735785
42,2003,16,145948370
42,2003,17,278410193
42,2003,18,469396747
42,2003,19,641516669
42,2003,20,701500743
42,2003,21,643686557
42,2003,22,547545053
42,2003,23,458242762
42,2003,24,370033385
42,2003,25,284444420
42,2003,26,209217375
42,2003,27,156241263
42,2003,28,120867629
42,2003,29,96092529
42,2003,30,75342676
42,2003,31,51981867
42,2003,32,31000903
42,2003,33,17097419
42,2003,34,9199563
42,2003,35,5071543
42,2003,36,3015663
42,2003,37,1899500
42,2003,38,1197313
42,2003,39,661177
42,2003,40,303164
42,2003,41,138374
42,2003,42,74324
42,2003,43,43670
42,2003,44,26111
42,2003,45,15991
42,2003,46,9369
42,2003,47,5416
42,2003,48,2998
42,2003,49,1587
42,2004,0,26431
42,2004,1,47241
42,2004,2,75559
42,2004,3,113556
42,2004,4,170609
42,2004,5,261039
42,2004,6,409414
42,2004,7,659103
42,2004,8,1116200
42,2004,9,1947134
42,2004,10,3393670
42,2004,11,6192772
42,2004,12,11024742
42,2004,13,19105011
42,2004,14,34224362
42,2004,15,65784113
42,2004,16,129248578
42,2004,17,256179021
42,2004,18,449440484
42,2004,19,626209577
42,2004,20,702625010
42,2004,21,660619238
42,2004,22,567607330
42,2004,23,477552884
42,2004,24,390682195
42,2004,25,305917661
42,2004,26,228751521
42,2004,27,170809934
42,2004,28,131005580
42,2004,29,102322560
42,2004,30,78983906
42,2004,31,54625762
42,2004,32,32463953
42,2004,33,18053240
42,2004,34,9964617
42,2004,35,5492509
42,2004,36,3193143
42,2004,37,1990852
42,2004,38,1270054
42,2004,39,721492
42,2004,40,330749
42,2004,41,147363
42,2004,42,79738
42,2004,43,47624
42,2004,44,29081
42,2004,45,17847
42,2004,46,10877
42,2004,47,6453
42,2004,48,3649
42,2004,49,1962
42,2005,0,25722
42,2005,1,45973
42,2005,2,73661
42,2005,3,110811
42,2005,4,166990
42,2005,5,256807
42,2005,6,404148
42,2005,7,650050
42,2005,8,1101031
42,2005,9,1918444
42,2005,10,3305983
42,2005,11,6001525
42,2005,12,10654699
42,2005,13,18360859
42,2005,14,31941736
42,2005,15,58979124
42,2005,16,112955368
42,2005,17,225974323
42,2005,18,416190191
42,2005,19,605376586
42,2005,20,700329353
42,2005,21,679146835
42,2005,22,591159065
42,2005,23,498736208
42,2005,24,413657101
42,2005,25,331277453
42,2005,26,251340826
42,2005,27,186309976
42,2005,28,141904607
42,2005,29,110023828
42,2005,30,84598858
42,2005,31,58879310
42,2005,32,35559199
42,2005,33,19972705
42,2005,34,10879708
42,2005,35,6016013
42,2005,36,3523313
42,2005,37,2187079
42,2005,38,1371100
42,2005,39,722693
42,2005,40,335515
42,2005,41,168860
42,2005,42,97078
42,2005,43,59714
42,2005,44,37118
42,2005,45,22677
42,2005,46,14033
42,2005,47,8242
42,2005,48,4619
42,2005,49,2453
42,2006,0,22459
42,2006,1,40024
42,2006,2,64604
42,2006,3,95939
42,2006,4,144148
42,2006,5,221153
42,2006,6,349916
42,2006,7,567218
42,2006,8,958256
42,2006,9,1670448
42,2006,10,2965193
42,2006,11,5370730
42,2006,12,9855646
42,2006,13,17498582
42,2006,14,31065636
42,2006,15,58445617
42,2006,16,113339663
42,2006,17,220804143
42,2006,18,407558181
42,2006,19,600782443
42,2006,20,694554137
42,2006,21,674334528
42,2006,22,593362706
42,2006,23,504593226
42,2006,24,426314344
42,2006,25,349100955
42,2006,26,271192740
42,2006,27,200754558
42,2006,28,151689425
42,2006,29,116855129
42,2006,30,90165324
42,2006,31,63354742
42,2006,32,38249923
42,2006,33,21389989
42,2006,34,11874673
42,2006,35,6580877
42,2006,36,3865863
42,2006,37,2383834
42,2006,38,1490152
42,2006,39,764941
42,2006,40,337395
42,2006,41,159445
42,2006,42,86882
42,2006,43,53913
42,2006,44,33593
42,2006,45,20890
42,2006,46,12838
42,2006,47,7884
42,2006,48,4530
42,2006,49,2442
42,2007,0,21755
42,2007,1,38300
42,2007,2,60895
42,2007,3,88854
42,2007,4,131722
42,2007,5,195490
42,2007,6,305320
42,2007,7,500373
42,2007,8,830437
42,2007,9,1444952
42,2007,10,2575246
42,2007,11,4695066
42,2007,12,8842465
42,2007,13,16327547
42,2007,14,29934267
42,2007,15,55832478
42,2007,16,107763121
42,2007,17,208172571
42,2007,18,386770258
42,2007,19,582594454
42,2007,20,686528833
42,2007,21,674398886
42,2007,22,601613527
42,2007,23,518632748
42,2007,24,443780799
42,2007,25,370884838
42,2007,26,292322673
42,2007,27,218173140
42,2007,28,164899969
42,2007,29,125991316
42,2007,30,96889704
42,2007,31,69190375
42,2007,32,42840431
42,2007,33,24235094
42,2007,34,13491732
42,2007,35,7462207
42,2007,36,4344365
42,2007,37,2609182
42,2007,38,1590950
42,2007,39,779902
42,2007,40,339082
42,2007,41,157210
42,2007,42,84977
42,2007,43,51604
42,2007,44,32386
42,2007,45,20027
42,2007,46,12337
42,2007,47,7379
42,2007,48,4224
42,2007,49,2261
42,2008,0,18271
42,2008,1,32585
42,2008,2,52582
42,2008,3,78119
42,2008,4,117987
42,2008,5,177996
42,2008,6,278859
42,2008,7,456716
42,2008,8,761023
42,2008,9,1329555
42,2008,10,2373189
42,2008,11,4313234
42,2008,12,8140981
42,2008,13,15467173
42,2008,14,29051560
42,2008,15,55690159
42,2008,16,107711568
42,2008,17,203487596
42,2008,18,377568273
42,2008,19,575146524
42,2008,20,684747872
42,2008,21,677216816
42,2008,22,607948004
42,2008,23,525670049
42,2008,24,452972841
42,2008,25,384825868
42,2008,26,310906936
42,2008,27,236903936
42,2008,28,176614741
42,2008,29,134629519
42,2008,30,102317614
42,2008,31,72074481
42,2008,32,44280820
42,2008,33,24990014
42,2008,34,14193596
42,2008,35,7962924
42,2008,36,4637172
42,2008,37,2767518
42,2008,38,1658256
42,2008,39,792355
42,2008,40,341615
42,2008,41,158449
42,2008,42,86178
42,2008,43,52489
42,2008,44,33158
42,2008,45,20710
42,2008,46,12888
42,2008,47,7786
42,2008,48,4534
42,2008,49,2453
42,2009,0,17595
42,2009,1,31280
42,2009,2,50376
42,2009,3,74808
42,2009,4,113414
42,2009,5,171623
42,2009,6,271825
42,2009,7,451276
42,2009,8,757368
42,2009,9,1331705
42,2009,10,2389015
42,2009,11,4364601
42,2009,12,8210799
42,2009,13,15435949
42,2009,14,28842856
42,2009,15,55002740
42,2009,16,105107868
42,2009,17,196343913
42,2009,18,363563324
42,2009,19,561929621
42,2009,20,681374249
42,2009,21,682737282
42,2009,22,620678348
42,2009,23,541621923
42,2009,24,470850891
42,2009,25,402680841
42,2009,26,325874965
42,2009,27,246432428
42,2009,28,182510885
42,2009,29,139615099
42,2009,30,106223233
42,2009,31,74475969
42,2009,32,46747581
42,2009,33,26731751
42,2009,34,15065929
42,2009,35,8306634
42,2009,36,4605920
42,2009,37,2351518
42,2009,38,1142292
42,2009,39,568488
42,2009,40,285252
42,2009,41,148460
42,2009,42,82216
42,2009,43,49875
42,2009,44,31602
42,2009,45,20283
42,2009,46,12838
42,2009,47,7965
42,2009,48,4695
42,2009,49,2607
42,2010,0,14659
42,2010,1,26238
42,2010,2,42632
42,2010,3,63732
42,2010,4,97625
42,2010,5,149363
42,2010,6,238271
42,2010,7,402151
42,2010,8,683193
42,2010,9,1173395
42,2010,10,2103095
42,2010,11,3884643
42,2010,12,7263159
42,2010,13,13835671
42,2010,14,26244652
42,2010,15,49737278
42,2010,16,94326703
42,2010,17,180975228
42,2010,18,333559770
42,2010,19,535352222
42,2010,20,667936820
42,2010,21,683598765
42,2010,22,633639277
42,2010,23,564003049
42,2010,24,495884136
42,2010,25,429310491
42,2010,26,349653112
42,2010,27,265970619
42,2010,28,197913958
42,2010,29,151128146
42,2010,30,114569145
42,2010,31,79583870
42,2010,32,51734056
42,2010,33,30318220
42,2010,34,16766649
42,2010,35,8855175
42,2010,36,4453789
42,2010,37,2133057
42,2010,38,1085300
42,2010,39,614143
42,2010,40,348949
42,2010,41,183109
42,2010,42,93926
42,2010,43,53008
42,2010,44,32825
42,2010,45,20767
42,2010,46,13061
42,2010,47,7981
42,2010,48,4624
42,2010,49,2529
42,2011,0,14464
42,2011,1,25818
42,2011,2,41772
42,2011,3,62117
42,2011,4,94016
42,2011,5,142903
42,2011,6,225177
42,2011,7,374935
42,2011,8,632121
42,2011,9,1088735
42,2011,10,1957282
42,2011,11,3605224
42,2011,12,6679481
42,2011,13,12610588
42,2011,14,23997880
42,2011,15,44967398
42,2011,16,84827447
42,2011,17,157353450
42,2011,18,290996064
42,2011,19,492649464
42,2011,20,658763271
42,2011,21,702585604
42,2011,22,666559567
42,2011,23,596187444
42,2011,24,525363523
42,2011,25,455950482
42,2011,26,375636813
42,2011,27,288697464
42,2011,28,213397846
42,2011,29,159092953
42,2011,30,119632718
42,2011,31,83207509
42,2011,32,52953062
42,2011,33,31012906
42,2011,34,17150444
42,2011,35,9205849
42,2011,36,4724628
42,2011,37,2245144
42,2011,38,1118353
42,2011,39,611708
42,2011,40,345328
42,2011,41,183792
42,2011,42,95521
42,2011,43,53845
42,2011,44,33258
42,2011,45,20821
42,2011,46,12974
42,2011,47,7824
42,2011,48,4470
42,2011,49,2406
42,2012,0,9741
42,2012,1,17747
42,2012,2,29278
42,2012,3,44738
42,2012,4,70087
42,2012,5,109593
42,2012,6,177322
42,2012,7,304445
42,2012,8,529200
42,2012,9,930277
42,2012,10,1707537
42,2012,11,3193151
42,2012,12,6024998
42,2012,13,11434619
42,2012,14,21861514
42,2012,15,41120800
42,2012,16,77916829
42,2012,17,146264462
42,2012,18,274678885
42,2012,19,470857144
42,2012,20,645418124
42,2012,21,704841929
42,2012,22,678375679
42,2012,23,610348984
42,2012,24,542288858
42,2012,25,475945105
42,2012,26,398472435
42,2012,27,310512668
42,2012,28,230173496
42,2012,29,170338542
42,2012,30,127221242
42,2012,31,87557779
42,2012,32,54640677
42,2012,33,31644593
42,2012,34,17801857
42,2012,35,9511722
42,2012,36,4862304
42,2012,37,2371241
42,2012,38,1203589
42,2012,39,655023
42,2012,40,364251
42,2012,41,192645
42,2012,42,100292
42,2012,43,56221
42,2012,44,34235
42,2012,45,21114
42,2012,46,13046
42,2012,47,7739
42,2012,48,4343
42,2012,49,2298
42,2013,0,9572
42,2013,1,17454
42,2013,2,28858
42,2013,3,44175
42,2013,4,69324
42,2013,5,109084
42,2013,6,173999
42,2013,7,298855
42,2013,8,522723
42,2013,9,898671
42,2013,10,1647247
42,2013,11,3115529
42,2013,12,5891237
42,2013,13,11016220
42,2013,14,20751520
42,2013,15,38426633
42,2013,16,71819384
42,2013,17,132457352
42,2013,18,244107001
42,2013,19,423848128
42,2013,20,614531316
42,2013,21,703496072
42,2013,22,695130493
42,2013,23,643515995
42,2013,24,573507816
42,2013,25,506300020
42,2013,26,427620240
42,2013,27,336158560
42,2013,28,246657524
42,2013,29,182979448
42,2013,30,135371313
42,2013,31,90949951
42,2013,32,55648249
42,2013,33,31661407
42,2013,34,18156399
42,2013,35,10115626
42,2013,36,5226418
42,2013,37,2554445
42,2013,38,1304836
42,2013,39,739002
42,2013,40,440374
42,2013,41,249112
42,2013,42,129023
42,2013,43,65036
42,2013,44,35370
42,2013,45,20965
42,2013,46,12435
42,2013,47,7250
42,2013,48,4030
42,2013,49,2132
42,2014,0,10421
42,2014,1,18761
42,2014,2,30593
42,2014,3,46018
42,2014,4,70807
42,2014,5,109334
42,2014,6,171593
42,2014,7,291078
42,2014,8,506077
42,2014,9,872450
42,2014,10,1589092
42,2014,11,2977465
42,2014,12,5617779
42,2014,13,10534881
42,2014,14,19892592
42,2014,15,37052439
42,2014,16,69217662
42,2014,17,126521079
42,2014,18,231809505
42,2014,19,404342722
42,2014,20,598641766
42,2014,21,698569900
42,2014,22,698865911
42,2014,23,658867961
42,2014,24,595323924
42,2014,25,526994176
42,2014,26,449004411
42,2014,27,356566574
42,2014,28,262782327
42,2014,29,191702087
42,2014,30,140588552
42,2014,31,93774956
42,2014,32,57270377
42,2014,33,33242182
42,2014,34,18974823
42,2014,35,10438837
42,2014,36,5414570
42,2014,37,2562540
42,2014,38,1242271
42,2014,39,679568
42,2014,40,404030
42,2014,41,226817
42,2014,42,117982
42,2014,43,60400
42,2014,44,33720
42,2014,45,20412
42,2014,46,12514
42,2014,47,7458
42,2014,48,4203
42,2014,49,2241
42,2015,0,10679
42,2015,1,19264
42,2015,2,31491
42,2015,3,47430
42,2015,4,72965
42,2015,5,112251
42,2015,6,175579
42,2015,7,294620
42,2015,8,509886
42,2015,9,874519
42,2015,10,1594405
42,2015,11,2996899
42,2015,12,5681266
42,2015,13,10634357
42,2015,14,19811159
42,2015,15,36611752
42,2015,16,67637348
42,2015,17,122870202
42,2015,18,220198076
42,2015,19,383893909
42,2015,20,577199558
42,2015,21,691737008
42,2015,22,705188588
42,2015,23,668221941
42,2015,24,613074038
42,2015,25,548371810
42,2015,26,467998634
42,2015,27,372584054
42,2015,28,272558202
42,2015,29,198234677
42,2015,30,145329403
42,2015,31,96572691
42,2015,32,57873874
42,2015,33,32974170
42,2015,34,18414647
42,2015,35,9798971
42,2015,36,5056433
42,2015,37,2501536
42,2015,38,1299673
42,2015,39,742418
42,2015,40,442708
42,2015,41,248939
42,2015,42,130785
42,2015,43,66484
42,2015,44,36396
42,2015,45,21508
42,2015,46,13077
42,2015,47,7689
42,2015,48,4322
42,2015,49,2303
42,2016,0,11501
42,2016,1,20709
42,2016,2,33718
42,2016,3,50476
42,2016,4,76950
42,2016,5,117140
42,2016,6,181987
42,2016,7,303461
42,2016,8,519897
42,2016,9,896966
42,2016,10,1642258
42,2016,11,3103682
42,2016,12,5881200
42,2016,13,10954652
42,2016,14,20256890
42,2016,15,37091020
42,2016,16,68005357
42,2016,17,121667855
42,2016,18,211358386
42,2016,19,365660939
42,2016,20,555990805
42,2016,21,686466411
42,2016,22,708910865
42,2016,23,680312725
42,2016,24,628548079
42,2016,25,567707415
42,2016,26,486050066
42,2016,27,388059480
42,2016,28,288008774
42,2016,29,209777970
42,2016,30,154331002
42,2016,31,102188665
42,2016,32,60462058
42,2016,33,34450205
42,2016,34,19080725
42,2016,35,9965132
42,2016,36,5044414
42,2016,37,2451649
42,2016,38,1275696
42,2016,39,714566
42,2016,40,419243
42,2016,41,232290
42,2016,42,119510
42,2016,43,61710
42,2016,44,34483
42,2016,45,20855
42,2016,46,12695
42,2016,47,7675
42,2016,48,4322
42,2016,49,2293
42,2017,0,11029
42,2017,1,19945
42,2017,2,32616
42,2017,3,49150
42,2017,4,75415
42,2017,5,115626
42,2017,6,181224
42,2017,7,305314
42,2017,8,526942
42,2017,9,906411
42,2017,10,1656017
42,2017,11,3138777
42,2017,12,5939809
42,2017,13,11062966
42,2017,14,20379471
42,2017,15,37276426
42,2017,16,67566733
42,2017,17,118524708
42,2017,18,205673643
42,2017,19,347069494
42,2017,20,534398706
42,2017,21,677711173
42,2017,22,708083711
42,2017,23,679717317
42,2017,24,633327884
42,2017,25,581364641
42,2017,26,507694134
42,2017,27,414779484
42,2017,28,313891646
42,2017,29,228021786
42,2017,30,165667602
42,2017,31,109179440
42,2017,32,64762927
42,2017,33,35907407
42,2017,34,20141936
42,2017,35,10677419
42,2017,36,5395082
42,2017,37,2595133
42,2017,38,1325367
42,2017,39,740946
42,2017,40,431166
42,2017,41,244377
42,2017,42,127473
42,2017,43,65633
42,2017,44,37167
42,2017,45,22296
42,2017,46,13625
42,2017,47,8267
42,2017,48,4736
42,2017,49,2491
42,2018,0,10498
42,2018,1,19065
42,2018,2,31343
42,2018,3,47515
42,2018,4,73470
42,2018,5,113221
42,2018,6,178163
42,2018,7,300580
42,2018,8,519866
42,2018,9,891919
42,2018,10,1628894
42,2018,11,3092754
42,2018,12,5853347
42,2018,13,10835329
42,2018,14,19766554
42,2018,15,35555763
42,2018,16,61779009
42,2018,17,101516842
42,2018,18,152950117
42,2018,19,218674833
42,2018,20,306121346
42,2018,21,400436085
42,2018,22,464536702
42,2018,23,503073736
42,2018,24,527920107
42,2018,25,528085300
42,2018,26,488908742
42,2018,27,415737749
42,2018,28,321586210
42,2018,29,235098076
42,2018,30,171699351
42,2018,31,114237840
42,2018,32,68283525
42,2018,33,38072679
42,2018,34,21203135
42,2018,35,11140289
42,2018,36,5636821
42,2018,37,2706465
42,2018,38,1384709
42,2018,39,769190
42,2018,40,441624
42,2018,41,249905
42,2018,42,130034
42,2018,43,65437
42,2018,44,35445
42,2018,45,20006
42,2018,46,11430
42,2018,47,6518
42,2018,48,3550
42,2018,49,1747
42,2019,0,10592
42,2019,1,19220
42,2019,2,31562
42,2019,3,47835
42,2019,4,73915
42,2019,5,113832
42,2019,6,179765
42,2019,7,304507
42,2019,8,527350
42,2019,9,904354
42,2019,10,1651540
42,2019,11,3129276
42,2019,12,5896930
42,2019,13,10874064
42,2019,14,19975040
42,2019,15,35736879
42,2019,16,62086509
42,2019,17,101568325
42,2019,18,153184503
42,2019,19,218518196
42,2019,20,307573293
42,2019,21,399472828
42,2019,22,462238023
42,2019,23,497688739
42,2019,24,522936061
42,2019,25,528754607
42,2019,26,495570260
42,2019,27,429053748
42,2019,28,337260883
42,2019,29,247714340
42,2019,30,177662703
42,2019,31,121870514
42,2019,32,73069011
42,2019,33,40855423
42,2019,34,22695587
42,2019,35,11968145
42,2019,36,6103140
42,2019,37,2964141
42,2019,38,1484780
42,2019,39,797246
42,2019,40,440063
42,2019,41,236118
42,2019,42,118445
42,2019,43,59894
42,2019,44,33087
42,2019,45,18962
42,2019,46,11060
42,2019,47,6463
42,2019,48,3571
42,2019,49,1807
