west_and_rest,year,income_mountain_50bracket_shape_for_log
41,1981,"21486,33303,44872,51738,55312,55150,51001,44701,38577,35052,39159,53812,82141,126607,184696,254136,326972,390985,472526,647886,988364,1596075,2829304,5339558,10348882,19317210,36551973,60506922,84776463,97406939,93322574,75532805,51231098,30035366,15229788,6885652,3049572,1277231,549826,248878,103887,38651,15274,7580,3897,1466,437,145,31,1"
41,1982,"21395,33181,44748,51713,55447,55673,52134,46607,41278,38312,42441,56599,83977,127180,183983,252175,327170,400829,495486,674350,1010029,1633578,2907534,5484258,10418418,19497280,36334248,60804031,85597232,98655913,93917064,75875993,51133537,29982617,15022479,6838734,3007802,1296742,563468,254502,106652,41026,17080,8547,4323,1589,455,145,31,1"
41,1983,"21636,33593,45376,52644,56716,57379,54307,49296,44524,41821,44842,57421,82620,123745,180414,251176,330620,407928,500036,670256,994610,1609409,2884177,5409637,10385710,19056714,35501710,59005940,83213282,97269263,93619996,76844006,53604342,32743534,16841099,8119189,3565873,1537509,641412,293001,127703,49248,18505,7826,3513,1320,378,131,28,1"
41,1984,"21548,33487,45295,52691,56982,58036,55510,51122,46908,44280,46612,57771,81059,120415,176198,247103,329660,409645,498082,663530,998228,1644743,2951780,5434985,10276030,18843716,34946942,57608340,81969726,96685464,94883167,77989387,54821965,33944408,17895987,8550876,3759711,1700137,730643,325534,139201,53895,20334,8278,3537,1276,343,117,25,1"
41,1985,"22562,35100,47553,55457,60202,61612,59304,54881,50178,46199,45624,52645,71586,107861,163007,238009,329048,417927,506595,657207,968705,1582253,2834187,5260101,10112480,18588839,34134464,56257564,80844661,96366465,95871821,79071168,56493718,35385863,18965690,9253709,4094267,1845444,773720,337843,142174,53692,18755,7242,3025,993,185,32,5,0"
41,1986,"23544,36633,49645,57936,62959,64533,62307,57852,52875,48246,46049,50415,65999,99310,153209,227777,321474,414819,503913,635694,907645,1479165,2700638,5151393,9865787,18296571,33170429,54566028,78965727,96755334,96934916,80787450,58657235,36868782,19967294,9865222,4318211,2004555,880470,390188,157501,51978,15744,5940,2514,829,157,27,5,0"
41,1987,"26754,42514,59187,71818,81892,89217,93003,93924,92939,90485,87698,88465,98273,124508,171423,238339,321453,402830,481112,605584,870585,1421909,2554634,4795468,9137635,17090796,30962205,52030971,77392226,96551650,98937891,84410822,61315282,38902573,21235504,10369153,4447313,2051164,902305,399778,161067,51999,14489,4907,2049,669,129,22,4,0"
41,1988,"24226,38794,54504,66900,77261,85118,89471,90378,88311,83663,76854,71253,72902,89958,128142,188691,270261,354133,434262,555979,803343,1284049,2227872,4217595,8187594,15973071,29435594,50019895,76288431,96931083,101093070,87642460,64242951,40394252,22051400,10808627,4777613,2219834,1001779,458011,188215,58606,14205,3911,1574,508,103,18,3,0"
41,1989,"21971,35470,50307,62409,72893,80777,84865,84701,80501,72787,61913,50725,45810,56159,89167,147200,230119,319955,407666,531173,754629,1169320,1981436,3869787,7740239,15145825,28419089,48728364,74741112,96388693,101817067,90258971,66800692,42586181,23656669,11675105,5240754,2394619,1059000,491103,211911,68552,15399,3049,1306,533,174,52,13,0"
41,1990,"19743,32471,47028,60017,72104,82732,90079,93139,91618,85956,75978,63819,56029,61770,89237,141694,217492,305800,392834,508494,726500,1153990,1989607,3831608,7522851,14579878,27440894,46774236,73377094,95785502,103842157,93399991,69571436,44183230,24624483,11804384,5350433,2465057,1099642,505315,223262,77525,17583,3047,1084,424,166,69,18,1"
41,1991,"17654,29631,43927,57721,71464,84670,95392,101913,103407,99891,91152,78787,69790,72785,95806,141064,210151,292474,380865,513841,765868,1224957,2063366,3894843,7855308,15162350,28095996,46876154,73634909,97136753,105025551,94393180,70104689,44239160,23827072,11801724,5348492,2465732,1116257,535504,237665,78641,17521,3022,862,248,83,34,8,0"
41,1992,"19215,32022,47073,61091,74757,87027,96128,100772,100680,96523,89979,83770,85557,102929,139681,193001,260028,339308,434691,580518,839125,1320444,2244490,4220280,8151468,15380381,28250165,47318571,72940497,97554868,106141018,95149345,71015916,44174846,24512039,12092320,5480469,2496714,1114063,520289,232837,81178,18150,2706,585,68,0,0,0,0"
41,1993,"7010,11060,15291,18256,20594,21821,22451,23229,25240,29728,40946,61550,93696,138343,191977,246936,297688,347778,432109,609949,922328,1444587,2389695,4407446,8467581,16567411,29991474,49241809,74793187,98161076,105886544,93129639,69261164,44323417,24981796,12344415,5437214,2521577,1164124,570027,334702,249515,196070,119955,47205,10832,1677,391,0,0"
41,1994,"3323,5305,7431,9123,10619,12086,13869,16908,22568,32338,51807,84597,130232,183073,230947,263895,276959,297378,392521,606446,940658,1446034,2326652,4206578,8014595,15375539,28509958,47765812,74124603,98008898,108007468,96939048,71473510,45240888,25357966,12879563,5800210,2611216,1186733,586806,346648,255505,198196,120430,47252,10840,1678,392,0,0"
41,1995,"2295,4083,6467,9270,12593,16921,22860,31614,44638,63242,92315,134915,185726,233990,266531,276743,268086,282866,381611,578469,879891,1380500,2341259,4402780,8364622,15503176,27951927,47192978,73852412,97855361,109493366,98151942,72366049,45961660,25777143,13004442,6002474,2876088,1329288,612917,327384,226305,172377,103773,40866,9984,1702,397,0,0"
41,1996,"3289,5581,8469,11702,15727,21566,30720,44641,64233,89692,123111,162321,199097,224978,236528,236778,238478,280271,390627,564604,821308,1266878,2142162,4008435,7809601,14944536,27707346,46981828,73622907,98053674,109871024,99132093,73440725,47994600,27573688,13578387,6154487,2870713,1279018,565818,292802,214198,190840,140017,69764,23901,6533,1814,108,0"
41,1997,"4973,8650,13583,19525,27294,38021,53746,74557,99576,126666,153883,174936,186326,188537,190605,201626,234494,302812,405578,557701,805566,1233917,2042367,3777547,7530043,14460186,26041384,44263014,72138501,98921243,110880327,101295586,76217934,49513015,28200459,14364024,6898571,3293134,1530052,745814,400706,261726,204832,143006,70758,24180,6591,1830,109,0"
41,1998,"8649,15053,23425,32856,44216,57783,74329,91997,108652,122219,131190,134484,141247,161603,200027,251234,299560,329025,368767,496800,767888,1195591,1898595,3419452,6826263,13214270,24912299,42932597,69298617,97344395,111301205,103012700,79867778,53255804,30416381,15266648,7575405,3591281,1616412,778958,425794,278443,214068,148279,73967,25978,7477,2198,214,18"
41,1999,"5646,9603,14670,20304,27351,36438,49361,66039,85635,106484,126363,141053,149222,152088,156223,170129,194140,246020,333964,482854,730818,1123109,1791448,3190168,6312677,12388735,23861649,42262255,68081876,96472859,111603786,104697553,82943569,55363231,32123805,16358981,8009848,3649544,1750248,814879,431236,297751,242967,175784,89186,27594,4427,733,246,56"
41,2000,"8634,15589,25113,36448,50212,66438,85115,103675,119248,129768,130666,119333,102643,91407,97435,125870,172935,243602,342638,495922,733185,1097822,1707117,2932312,5744305,11311538,21949150,39987806,66931137,96182705,113679782,108450462,85640814,57126112,32966489,16874312,8400634,3950838,1853830,812430,391726,265745,247281,211639,131414,55204,16240,4003,882,69"
41,2001,"24736,37868,50221,56658,58984,56901,50987,44184,39813,40533,51820,78351,116880,159567,194483,212127,213052,217817,287967,448445,693659,1049456,1620410,2726453,5259085,10244845,20485361,38360871,65053373,96767415,114685265,111491672,88386165,59152274,34359315,17326219,8775189,4012951,1799014,819970,452546,318812,269991,215825,131866,55248,16188,4034,963,125"
41,2002,"27765,43482,59380,69890,76649,78741,75385,68100,59285,51302,48661,56399,77562,114024,162824,214490,262493,296432,340175,460929,710319,1109713,1718029,2849768,5340095,10276471,20385132,38031053,64536033,95931298,115293732,111934821,89672236,60421164,35310798,18158187,8751666,4152470,2081138,971083,492463,323898,248536,170571,83933,26175,4732,1070,483,173"
41,2003,"532,1046,1961,3509,6080,10768,19532,33620,53609,79229,110504,144210,172015,188465,196789,207642,238737,314094,421571,547192,722274,1040677,1637821,2813324,5353028,10148536,19920434,36961050,64109811,95710896,116122815,112635147,89306114,60920359,37035806,19686380,9740457,4674714,2245690,1068045,601718,400120,266858,149178,58391,13700,2462,1114,575,232"
41,2004,"1324,3013,5971,10686,17640,27984,43375,63072,85287,107347,125614,133976,132865,128732,134272,160023,207686,283912,372025,491571,695628,1045388,1635253,2764161,5198800,9731303,19011179,35673463,61507750,94059600,117681791,116242179,94141539,64100076,36980557,19086954,9570391,4605809,2214112,1010743,518048,341648,259604,177105,87326,27301,5029,1148,550,222"
41,2005,"1769,2925,4430,6273,8998,13679,22249,35905,55058,79153,107617,136418,159115,173234,184146,202221,234807,290663,358779,458658,653387,1016524,1637351,2811283,5291776,9831753,18930416,35735206,61498570,94554325,117411419,117413821,94498546,64202487,38258106,19722234,9913085,4670352,2317421,1172471,669352,432899,294550,182826,85729,25710,4013,597,266,98"
41,2006,"1754,3628,6722,11424,18279,28434,43568,62912,84561,105689,121947,127180,122972,117768,125606,156228,210275,288281,365574,451238,599373,910833,1516568,2683560,5026952,9300258,18433560,35298063,60454007,93712595,117949304,117227813,96195203,66604804,40024130,21331945,10568527,5015126,2471534,1225011,637391,381556,284750,218458,131438,52523,13643,3123,745,62"
41,2007,"1560,3381,6501,11392,18603,29377,45515,66260,89654,112724,130959,137087,129952,114959,106142,118055,157920,241390,349464,480234,663759,952121,1419508,2340987,4590747,9175944,17557194,33150748,57044643,89449631,117974551,120553581,100218277,70084632,42316743,22804715,11496780,5675366,2827869,1315022,645471,402330,294978,194465,95440,31851,7832,2885,1457,565"
41,2008,"4641,9070,15739,24663,36203,50878,68822,87735,104854,117777,123028,117999,111504,116950,145418,197216,266769,341277,407899,492962,647259,943629,1497223,2577123,4867802,9309535,18127320,34308192,59076169,91765437,118652619,120800889,100116084,69721232,41957803,22366905,10862974,4923963,2438539,1298610,786042,511790,320695,168627,63975,14640,2136,710,253,69"
41,2009,"977,1520,2078,2502,3016,4139,7094,13524,24996,42600,69552,106246,143861,172963,189881,200253,216925,268766,362760,482761,648915,952913,1523283,2576079,4691220,8773389,17247632,33455950,58986689,91033453,119072431,123457824,103119958,71663588,42358771,22108923,11129410,5254325,2538044,1264396,701451,434331,295906,188773,90218,26905,3937,395,130,40"
41,2010,"6944,12888,21327,31837,44809,60563,78826,97243,113222,124586,128403,122704,116918,124342,155107,208685,277165,347730,420852,545151,776891,1166670,1794429,2894042,5074932,9253191,17836019,34617448,60451014,92236034,118963321,121784422,101701062,71000850,43223930,23250385,11270702,5267078,2561702,1220086,624576,330802,152449,54697,16551,7474,4443,2335,1060,378"
41,2011,"2875,5842,10534,17287,26631,39545,57263,78251,99942,119440,132230,132312,123278,115910,125954,163892,229454,323128,422284,555993,800603,1225706,1898978,3035715,5250751,9409570,18381052,35775159,61268228,93062184,118820393,120571564,101056283,71111446,43100794,23382624,11520918,5464065,2722779,1325880,704427,399278,202679,78968,21175,5331,3014,1830,1013,440"
41,2012,"2323,4661,8381,13826,21565,32805,49284,70239,93771,117228,137204,149238,156635,167975,193658,237838,299081,371817,451981,588958,854205,1305946,1990867,3156359,5546882,10204356,19270466,36763858,62167438,92329657,118290446,120858451,101183091,71166546,43469091,23544361,11668403,5438392,2665337,1347678,746736,416343,206697,80097,20287,3640,1662,963,539,243"
41,2013,"1720,3683,6991,12094,19527,30504,46783,67591,91011,114278,133277,141726,140613,137897,148410,184426,249808,351201,469797,630821,890004,1301397,1954371,3132169,5486111,10036211,19259554,37064948,62382199,92603441,118409941,122613195,102621200,72004695,43639683,23540404,11716625,5585732,2741878,1326205,716181,424689,236697,106638,33004,6022,1327,574,240,93"
41,2014,"28672,45681,63671,77011,87088,92649,92330,87742,81984,78742,84570,106255,141169,183603,226901,268481,314019,385435,504167,678479,914010,1271055,1887206,3079906,5521654,10023718,19090375,36544306,61800756,93105365,120386505,124146245,102650658,70484627,43750964,24588151,12789416,6294012,2972229,1432162,790765,436977,211893,79855,21890,6304,3575,2152,1132,451"
41,2015,"11372,20234,31999,45353,60634,77367,94193,108246,117525,121136,119061,115558,124019,155953,212839,285928,364649,439079,539457,702833,946086,1309866,1921498,3060114,5323573,9462876,17808382,34419622,59634930,90589426,119188836,126573331,105865470,74036583,46339708,25977771,13396915,6669223,3244414,1549094,836332,473956,243251,95671,25718,5987,2980,1754,929,378"
41,2016,"8280,15129,24651,36206,50242,66972,85972,104760,120853,132821,138602,138725,142936,161905,199304,248919,304489,360942,450448,609347,844998,1193704,1770278,2820112,4950247,8985501,17166281,33190975,57048519,86969035,116704361,126957379,110511457,78638069,49443279,28249036,14635999,7088386,3538794,1733461,908962,499807,250735,98460,26096,5760,2525,1248,569,213"
41,2017,"30343,46791,62667,71696,75995,75270,70330,65105,63914,69692,87666,120350,158255,192161,220092,248500,288357,360798,467347,607523,821822,1196511,1806508,2817785,4862191,8975917,17218271,32849747,56418662,86131202,115951580,126167502,111113659,80816691,51719299,29605362,15269913,7478977,3768152,1782172,886763,477232,238786,92701,23727,4468,1739,823,327,101"
41,2018,"8786,16008,26010,38091,52731,70151,89940,109451,125846,136891,139108,130706,122217,128278,160340,218623,293930,373240,450999,562143,757346,1104782,1708660,2733040,4709732,8718544,16356049,31339174,54122337,83700430,115221595,126952682,113224592,83728533,54086391,31223628,16205483,8125063,4099356,2077041,1054924,589431,320076,145159,47335,10175,3028,1636,812,319"
41,2019,"6999,13021,21605,32403,45902,62563,82381,102755,120650,133560,137581,130403,122359,128453,160567,219101,294809,374147,449046,549082,725644,1060319,1669665,2705024,4652884,8581675,16036325,30424848,53048117,82922656,114689306,127665028,114804885,85178829,55151640,32201386,17203818,8670714,4276952,2124668,1063262,592945,322019,145948,47583,10241,3050,1644,813,318"
42,1981,"52349,89178,135593,187676,256494,350810,500067,748655,1162340,1933772,3759741,8331991,19012980,42728574,95094661,178924109,304937732,413450951,442936341,425241251,359111991,275647586,215761884,182995354,165217308,151589214,136908301,117671265,91038669,62867452,38920578,21852989,12330243,6800826,3839809,2210700,1324573,810374,500344,303936,152653,70497,34522,18206,10194,5660,3157,1743,915,453"
42,1982,"52361,89145,135393,187475,256226,350244,494811,739239,1156340,1890837,3561172,7772745,17561963,38421449,84914984,167309693,289186467,420119213,472726833,455813124,380611128,286814375,222059523,186565270,168096651,153526797,137592878,117362234,90995721,64286366,40433755,22981370,12771374,7028090,4037244,2365504,1423877,852348,505743,280402,138198,66651,35770,20496,12204,7230,4227,2480,1361,712"
42,1983,"54240,92405,140488,194475,265316,364453,515591,766139,1199386,1940943,3424635,7043088,15605999,35066722,75050660,148860631,266921100,413683845,499057879,493719355,413874310,308301804,230747207,189981835,169347916,154066242,138656116,118545351,92685860,65949959,41275598,23510411,13018559,7054975,4005949,2330185,1396913,838925,487287,247896,121470,62900,34252,19872,11638,6788,3935,2225,1201,613"
42,1984,"55978,95190,144319,199468,271444,371523,522255,764069,1177258,1886346,3185119,6158362,13234151,28873665,61636131,126609267,235494466,393839245,520519806,537871444,453644513,332519581,244813351,197487455,173408335,157295885,141331869,121267453,95151536,68349354,43137736,24653384,13747994,7514403,4264441,2466399,1468563,882486,510869,256899,124854,64822,35571,20317,11811,6751,3845,2108,1099,544"
42,1985,"56637,96178,145665,200580,271692,369917,516850,752108,1151940,1833425,3094643,5932469,12652671,27419814,58455724,118423612,218037441,374893202,517465907,556072854,484345441,359565923,261508827,207767501,179815522,162203605,145865247,126315560,99877083,71325178,45565248,26033603,14251597,7952561,4439807,2574494,1498725,878880,484061,228006,113893,59499,31935,18069,10133,5695,3214,1787,955,490"
42,1986,"57132,97267,147910,204071,277700,380239,531914,773583,1194431,1908048,3194335,6047606,12764623,27294356,56772570,112522975,206971432,362311688,513313662,566470052,504569538,377996821,273264966,214888413,186005329,166985382,151295895,132380577,106068105,76285111,50205780,29458371,16558771,9336770,5238731,3055706,1808085,1059491,554954,278496,148653,86046,50153,29336,17603,10980,6722,4156,2472,1407"
42,1987,"62722,106899,163054,224761,305915,418069,581585,838881,1267459,1991290,3297179,6148237,12740509,27089570,56020754,109073139,198728802,350884879,511017640,580692162,532429734,407860026,290372649,224231443,190284705,168631801,151324575,132518811,106412220,77780764,51048816,30116624,16713171,9326620,5206750,3082360,1818750,1044702,538188,270927,147064,84895,50012,30674,18702,11529,7171,4450,2605,1450"
42,1988,"71034,121332,185514,256679,350714,478911,666201,955129,1417190,2197748,3532138,6224279,12160559,25179212,51313941,99319914,183806313,325548819,495777076,592679126,566486894,447414355,318651086,240249693,198616953,172200797,152272549,133863678,108402623,79521965,53421779,31754537,17644606,9971160,5578955,3225833,1860525,1050011,549020,284781,158989,93605,57274,34477,21070,13210,8248,4997,2904,1587"
42,1989,"71634,122102,186253,257356,351717,480012,669489,966292,1432421,2203483,3532244,6198825,12142878,25633199,55186551,116606008,225986378,387457744,549559151,588173957,520077870,401477151,299465228,236444926,199957064,174967643,154118316,134713629,111755490,82331507,56271542,34309455,19145654,10914049,6012864,3493704,2038148,1196983,657920,361103,204640,121990,76302,48801,31245,20543,13452,8560,5191,2963"
42,1990,"74104,126803,194323,269838,370846,509221,712021,1027526,1524681,2341415,3735696,6448376,12353189,25760136,54691910,114643700,218753125,379855248,551370966,604481845,541926730,422423446,316241096,248807351,208104519,178665806,155277021,134211298,108552740,80376682,55836148,34392218,19295853,10716174,5852184,3395932,2006243,1195085,650398,328966,173200,98929,61052,37727,23681,15135,9563,5923,3518,1963"
42,1991,"80095,137169,210241,292253,402477,550301,772457,1113809,1644941,2512358,3991145,6789605,12788978,26509580,55496331,116663916,220995050,382885670,558448293,614090964,557486098,437544581,326540067,257360616,214628230,183433341,157756441,131505997,103149932,77602487,55419899,34414408,19637527,10953965,5924823,3364647,1938009,1126395,589709,292592,150904,85613,51769,32234,20105,12646,7875,4865,2871,1599"
42,1992,"72288,124650,192168,271287,378715,527599,754719,1110488,1672415,2592224,4192949,7177784,13385903,26892448,54843940,113116587,212998771,370969979,554810011,621456743,580108145,465236838,353865265,277017835,227069130,188225250,155990625,127200176,98514844,74124856,53390312,33922985,19227931,10634493,5758049,3245098,1835549,1029023,516928,244856,119659,65499,39113,23493,14558,8763,5258,3135,1796,967"
42,1993,"58861,102574,159962,229778,328551,468843,688514,1043192,1603848,2555611,4251964,7300730,13550324,26715706,55725001,110827389,207635323,363164698,563431661,629664003,590390285,489667459,380532771,295259929,236577333,191507684,152406753,119477413,92569031,71310603,52812689,34362493,19803589,11202578,6234992,3533730,2026309,1153455,591252,299775,157519,89923,54745,34374,21504,13424,8482,5334,3173,1788"
42,1994,"56968,98915,154052,219924,313473,446832,661272,1016018,1588796,2586593,4388190,7589718,13876517,26360553,52006260,101728286,193550966,340676712,542795077,650118925,623321882,521166999,407302623,312540678,241769904,192458792,152105738,119767311,93671605,73256551,54922576,36495439,21204127,12061518,6823711,3860775,2229123,1260327,649324,331552,177138,102323,62584,39717,24830,15573,9841,6208,3678,2067"
42,1995,"51825,90665,142349,205406,296167,426621,638477,990330,1553644,2533384,4319554,7501492,13511598,25488184,49682627,97098916,181329170,321012734,519053724,657909945,643827885,544001796,425004351,325332161,253567795,203819953,161774886,126655815,98207515,77285940,58262476,39359200,22850118,13000904,7359590,4111586,2371761,1352503,705257,362429,188985,106471,63645,39283,23988,15111,9253,5684,3302,1835"
42,1996,"45506,80095,126722,184646,269648,392952,597608,942163,1510131,2504455,4352036,7598353,13413246,24542218,46789846,91903263,177944490,305659947,499080364,653145738,668437654,574677947,455922076,349508183,266880982,207315730,159569510,124497693,97845674,78083521,59599251,40663496,24033717,13355428,7552651,4255000,2482433,1419123,747083,387890,206700,117579,72087,45120,28964,18069,11350,7106,4226,2348"
42,1997,"43445,76518,121181,176577,257145,377799,575769,906588,1476144,2476258,4327260,7605951,13627540,25097813,47845493,94087981,179744340,309688525,502461493,652915935,666847347,574916988,463610554,361736235,279549266,216966557,167012018,129831725,101188569,80179203,61223531,41664569,24417022,13777712,7677231,4260961,2450966,1410844,741016,374055,195245,111879,68522,42948,26786,17053,10586,6477,3767,2095"
42,1998,"42636,74947,118396,171958,249639,365210,553916,871828,1422933,2386614,4189335,7457847,13514970,25100737,48312757,96478579,186513245,325027148,514565647,655950006,661444753,572190023,468449134,371135779,287973403,223076041,172417611,133791768,104422939,82061494,61475228,41847754,24449777,13577173,7584120,4253295,2460593,1408955,734762,379305,198847,113253,68574,42341,26132,16466,10111,6173,3585,1989"
42,1999,"42443,75306,120326,177024,261172,388163,595937,942113,1533532,2545380,4348318,7710396,13779957,25246110,47734317,94351872,178322024,309317695,501760425,663737195,688345906,603158204,494717798,392685345,297215981,223847399,169121021,128663290,100902435,80288379,61988319,42394019,24763707,13911906,7745945,4281884,2481361,1424763,726671,366223,187561,105284,63483,39035,24173,15207,9346,5686,3310,1822"
42,2000,"38277,68285,109200,163041,244061,367667,572018,916580,1519699,2574301,4447470,7873408,13731233,24546876,45623091,89916142,174040637,301339814,491244302,657185633,688922120,608049074,502566114,410198605,318512991,240887770,181092897,136746360,105301374,84125861,65834537,45444569,27174652,15020148,8365753,4695829,2735813,1604067,847183,423896,213544,117580,68545,41470,25157,15830,9612,5817,3366,1868"
42,2001,"36883,65723,104854,155841,232118,350177,548531,880039,1462333,2492152,4363952,7798217,13581410,24003491,43864163,85516104,165636959,296853105,485391976,652614595,692757563,618550566,515314376,424412114,336239879,254684564,189199652,142697979,109886192,87268597,68426913,47299593,28484237,15653048,8503941,4742411,2831287,1793010,1135169,642265,279786,119390,62911,36013,21375,12661,7606,4381,2422,1267"
42,2002,"30463,54205,86310,128284,191360,291689,460006,746849,1261381,2184902,3874953,7028761,12268804,21705032,40657211,80265560,159381644,289424361,475464791,641619766,690846925,628232566,531133803,442961872,357564208,273184274,200547332,150751954,115459337,90964570,71574547,49838292,29740198,16720818,9050711,5070036,3021322,1907629,1206440,686930,302686,129724,67568,37990,22286,13114,7936,4631,2620,1413"
42,2003,"31257,55935,89725,134407,201317,305652,475110,755533,1253157,2137726,3729923,6723692,11758134,20554413,37391633,73735785,145948370,278410193,469396747,641516669,701500743,643686557,547545053,458242762,370033385,284444420,209217375,156241263,120867629,96092529,75342676,51981867,31000903,17097419,9199563,5071543,3015663,1899500,1197313,661177,303164,138374,74324,43670,26111,15991,9369,5416,2998,1587"
42,2004,"26431,47241,75559,113556,170609,261039,409414,659103,1116200,1947134,3393670,6192772,11024742,19105011,34224362,65784113,129248578,256179021,449440484,626209577,702625010,660619238,567607330,477552884,390682195,305917661,228751521,170809934,131005580,102322560,78983906,54625762,32463953,18053240,9964617,5492509,3193143,1990852,1270054,721492,330749,147363,79738,47624,29081,17847,10877,6453,3649,1962"
42,2005,"25722,45973,73661,110811,166990,256807,404148,650050,1101031,1918444,3305983,6001525,10654699,18360859,31941736,58979124,112955368,225974323,416190191,605376586,700329353,679146835,591159065,498736208,413657101,331277453,251340826,186309976,141904607,110023828,84598858,58879310,35559199,19972705,10879708,6016013,3523313,2187079,1371100,722693,335515,168860,97078,59714,37118,22677,14033,8242,4619,2453"
42,2006,"22459,40024,64604,95939,144148,221153,349916,567218,958256,1670448,2965193,5370730,9855646,17498582,31065636,58445617,113339663,220804143,407558181,600782443,694554137,674334528,593362706,504593226,426314344,349100955,271192740,200754558,151689425,116855129,90165324,63354742,38249923,21389989,11874673,6580877,3865863,2383834,1490152,764941,337395,159445,86882,53913,33593,20890,12838,7884,4530,2442"
42,2007,"21755,38300,60895,88854,131722,195490,305320,500373,830437,1444952,2575246,4695066,8842465,16327547,29934267,55832478,107763121,208172571,386770258,582594454,686528833,674398886,601613527,518632748,443780799,370884838,292322673,218173140,164899969,125991316,96889704,69190375,42840431,24235094,13491732,7462207,4344365,2609182,1590950,779902,339082,157210,84977,51604,32386,20027,12337,7379,4224,2261"
42,2008,"18271,32585,52582,78119,117987,177996,278859,456716,761023,1329555,2373189,4313234,8140981,15467173,29051560,55690159,107711568,203487596,377568273,575146524,684747872,677216816,607948004,525670049,452972841,384825868,310906936,236903936,176614741,134629519,102317614,72074481,44280820,24990014,14193596,7962924,4637172,2767518,1658256,792355,341615,158449,86178,52489,33158,20710,12888,7786,4534,2453"
42,2009,"17595,31280,50376,74808,113414,171623,271825,451276,757368,1331705,2389015,4364601,8210799,15435949,28842856,55002740,105107868,196343913,363563324,561929621,681374249,682737282,620678348,541621923,470850891,402680841,325874965,246432428,182510885,139615099,106223233,74475969,46747581,26731751,15065929,8306634,4605920,2351518,1142292,568488,285252,148460,82216,49875,31602,20283,12838,7965,4695,2607"
42,2010,"14659,26238,42632,63732,97625,149363,238271,402151,683193,1173395,2103095,3884643,7263159,13835671,26244652,49737278,94326703,180975228,333559770,535352222,667936820,683598765,633639277,564003049,495884136,429310491,349653112,265970619,197913958,151128146,114569145,79583870,51734056,30318220,16766649,8855175,4453789,2133057,1085300,614143,348949,183109,93926,53008,32825,20767,13061,7981,4624,2529"
42,2011,"14464,25818,41772,62117,94016,142903,225177,374935,632121,1088735,1957282,3605224,6679481,12610588,23997880,44967398,84827447,157353450,290996064,492649464,658763271,702585604,666559567,596187444,525363523,455950482,375636813,288697464,213397846,159092953,119632718,83207509,52953062,31012906,17150444,9205849,4724628,2245144,1118353,611708,345328,183792,95521,53845,33258,20821,12974,7824,4470,2406"
42,2012,"9741,17747,29278,44738,70087,109593,177322,304445,529200,930277,1707537,3193151,6024998,11434619,21861514,41120800,77916829,146264462,274678885,470857144,645418124,704841929,678375679,610348984,542288858,475945105,398472435,310512668,230173496,170338542,127221242,87557779,54640677,31644593,17801857,9511722,4862304,2371241,1203589,655023,364251,192645,100292,56221,34235,21114,13046,7739,4343,2298"
42,2013,"9572,17454,28858,44175,69324,109084,173999,298855,522723,898671,1647247,3115529,5891237,11016220,20751520,38426633,71819384,132457352,244107001,423848128,614531316,703496072,695130493,643515995,573507816,506300020,427620240,336158560,246657524,182979448,135371313,90949951,55648249,31661407,18156399,10115626,5226418,2554445,1304836,739002,440374,249112,129023,65036,35370,20965,12435,7250,4030,2132"
42,2014,"10421,18761,30593,46018,70807,109334,171593,291078,506077,872450,1589092,2977465,5617779,10534881,19892592,37052439,69217662,126521079,231809505,404342722,598641766,698569900,698865911,658867961,595323924,526994176,449004411,356566574,262782327,191702087,140588552,93774956,57270377,33242182,18974823,10438837,5414570,2562540,1242271,679568,404030,226817,117982,60400,33720,20412,12514,7458,4203,2241"
42,2015,"10679,19264,31491,47430,72965,112251,175579,294620,509886,874519,1594405,2996899,5681266,10634357,19811159,36611752,67637348,122870202,220198076,383893909,577199558,691737008,705188588,668221941,613074038,548371810,467998634,372584054,272558202,198234677,145329403,96572691,57873874,32974170,18414647,9798971,5056433,2501536,1299673,742418,442708,248939,130785,66484,36396,21508,13077,7689,4322,2303"
42,2016,"11501,20709,33718,50476,76950,117140,181987,303461,519897,896966,1642258,3103682,5881200,10954652,20256890,37091020,68005357,121667855,211358386,365660939,555990805,686466411,708910865,680312725,628548079,567707415,486050066,388059480,288008774,209777970,154331002,102188665,60462058,34450205,19080725,9965132,5044414,2451649,1275696,714566,419243,232290,119510,61710,34483,20855,12695,7675,4322,2293"
42,2017,"11029,19945,32616,49150,75415,115626,181224,305314,526942,906411,1656017,3138777,5939809,11062966,20379471,37276426,67566733,118524708,205673643,347069494,534398706,677711173,708083711,679717317,633327884,581364641,507694134,414779484,313891646,228021786,165667602,109179440,64762927,35907407,20141936,10677419,5395082,2595133,1325367,740946,431166,244377,127473,65633,37167,22296,13625,8267,4736,2491"
42,2018,"10498,19065,31343,47515,73470,113221,178163,300580,519866,891919,1628894,3092754,5853347,10835329,19766554,35555763,61779009,101516842,152950117,218674833,306121346,400436085,464536702,503073736,527920107,528085300,488908742,415737749,321586210,235098076,171699351,114237840,68283525,38072679,21203135,11140289,5636821,2706465,1384709,769190,441624,249905,130034,65437,35445,20006,11430,6518,3550,1747"
42,2019,"10592,19220,31562,47835,73915,113832,179765,304507,527350,904354,1651540,3129276,5896930,10874064,19975040,35736879,62086509,101568325,153184503,218518196,307573293,399472828,462238023,497688739,522936061,528754607,495570260,429053748,337260883,247714340,177662703,121870514,73069011,40855423,22695587,11968145,6103140,2964141,1484780,797246,440063,236118,118445,59894,33087,18962,11060,6463,3571,1807"
