world_4regions,year,income_mountain_50bracket_shape_for_log
11,1981,"33943,57246,85761,116681,154631,204400,276336,382663,548934,821351,1290527,2137704,3705562,6430196,10986341,17883541,27287232,38040307,48587271,55268791,56976595,53114901,44422457,33825152,24296675,16581409,10734133,6694264,4187479,2671303,1711187,1105757,727617,475232,309929,203899,133604,85872,55429,35639,22442,14205,8954,5360,3151,1760,960,504,254,125"
11,1982,"35186,59342,88832,121087,160977,212888,289529,405380,587534,890804,1402779,2325753,4026262,6955049,11902903,19735337,28918207,40347915,50637817,56975371,58227670,53631922,44511426,33912477,24458225,16559652,10623934,6592543,4134461,2642492,1703236,1105101,727914,474555,309310,203023,132988,85221,54886,35230,22142,14035,8778,5221,3049,1701,927,489,249,123"
11,1983,"38096,64400,96709,132238,176210,236117,324231,455805,667826,1011938,1569515,2616311,4548312,7944227,13536437,21277477,30171695,42180806,52265484,58127636,58823722,53801726,44900895,34492098,24928249,16799118,10709224,6636832,4179051,2657868,1705877,1106338,728863,478791,317545,209765,137838,90784,59933,38953,25446,16600,10350,6308,3666,2067,1115,582,291,140"
11,1984,"39571,66907,100396,137621,183917,246840,339956,479187,707834,1083497,1705397,2858662,4984125,8679256,14410279,22380952,31758055,44185161,53693060,58931199,59276524,54339029,45832017,35338710,25597917,17366728,11077233,6870628,4336538,2765708,1771993,1140910,750239,488036,315473,205154,133272,85129,54639,35009,21978,13888,8685,5162,3026,1687,925,491,252,126"
11,1985,"40539,68402,102513,139891,186066,248499,340430,478650,704701,1071337,1691018,2823831,4922630,8680651,14814809,23495585,33830018,46720535,55613466,59894790,59956546,55322251,46688007,36349080,26408956,18004283,11485603,7111976,4463371,2831665,1813488,1174724,770679,503106,331715,218303,143012,93915,61698,39821,25842,16679,10296,6202,3562,1975,1046,535,261,123"
11,1986,"43582,73656,110704,151313,202153,271087,371878,521995,772419,1170641,1825222,3014543,5153978,8980492,15210865,23678207,34468142,47411441,56855422,61243693,61375304,57033633,48482664,38012862,27797692,18840671,11873430,7329422,4584159,2900711,1841095,1186275,771829,498878,325463,213223,139050,91235,60147,39058,25458,16488,10220,6184,3561,1987,1062,549,273,131"
11,1987,"46620,79003,119420,163328,219171,294669,402557,564376,820011,1223309,1892716,3139791,5347710,9226097,15397002,23956317,34829661,47761313,58147754,63517451,64153312,59798452,50971796,39728016,28458965,18855338,11688518,7224046,4516044,2881114,1836005,1186575,774590,501147,326374,215119,140194,92104,61088,39806,26095,16959,10569,6427,3728,2101,1136,596,300,147"
11,1988,"49548,84050,127331,174301,234788,315247,429619,603244,870632,1285564,1976697,3214105,5400032,9166466,15355421,24266771,35691364,49180256,59989091,65587430,65946387,61897540,52982507,41130722,29255528,19392775,11877458,7329923,4604613,2919311,1858810,1202258,788505,514121,336941,222264,145000,95685,63700,41614,27332,17770,11059,6725,3887,2181,1170,609,303,145"
11,1989,"52753,89538,135856,186099,251556,338818,463025,654129,943281,1385474,2117326,3415603,5721160,9581669,16197680,25401238,37086776,50976351,61387836,66209532,66444947,62580747,53947312,42200919,30474823,20597786,12686123,7845225,4918934,3125798,1971392,1260606,818236,528565,345005,227446,148899,98493,65688,43011,28300,18413,11456,6958,4013,2243,1198,619,306,147"
11,1990,"54848,93464,142536,196329,267396,363072,498495,706498,1024438,1511554,2312319,3700738,6130077,10207747,16912976,26220084,38590950,52869852,63477746,68072011,67650850,63775622,55186358,43202985,31026990,20873159,12883216,7970908,4975820,3154930,1979765,1253610,805614,518530,336766,221656,145281,96600,64368,42076,27656,17940,11120,6732,3879,2167,1162,606,303,148"
11,1991,"57812,98796,151020,208943,286626,388776,539729,769876,1117541,1648958,2528910,4060659,6655629,11160971,18496491,28657183,42032563,56130909,65705131,68926602,67563694,63509948,55435446,43267240,30947912,20880008,13224553,8039206,5069535,3238701,2037076,1283139,821474,527855,345832,225244,145855,95560,62960,40884,26609,17120,10548,6345,3633,2020,1080,562,283,138"
11,1992,"45669,79080,122358,174254,246091,345752,498755,742499,1119868,1712369,2744315,4539677,7606410,12832013,20954369,31621478,45686126,59396294,67787751,69448731,68108073,63599812,55365115,42987107,30580842,20506742,12925899,7983575,5033068,3183237,1990526,1255932,803258,521399,347663,230184,152660,103764,69212,46375,30717,19507,12107,7149,4067,2203,1145,573,275,129"
11,1993,"30779,54664,86923,128931,192080,283860,431639,679253,1063593,1697629,2834941,4796232,8257505,13912016,22450810,33599821,47769783,62081216,70589253,72152923,70681087,65683121,55956378,42603600,29774076,19703316,12280991,7653671,4834420,3062245,1931946,1235266,800916,527288,356723,240282,161270,111410,75114,50546,33625,21472,13365,7922,4526,2463,1287,647,313,148"
11,1994,"27291,48588,77856,116065,175287,263320,413110,672565,1087175,1800261,3111059,5383522,9331674,15574289,24639097,35934932,49836286,63426917,70963922,72637538,71695427,66554949,56719598,43292658,30067045,19951781,12711739,7928511,5009427,3210909,2030890,1289623,822298,529243,353191,233779,155620,104360,69297,46113,30327,19281,11992,7160,4131,2311,1243,650,330,163"
11,1995,"25193,45179,72842,109470,166694,251486,398355,655540,1066989,1777371,3106603,5470729,9548701,15891519,25075319,36672586,50716407,64602081,72682511,75009389,74588939,69028074,58409097,44419510,30676339,20164399,12845557,8097387,5151705,3321516,2105899,1332758,846410,542481,361129,238892,159675,107614,71884,48064,31769,20277,12682,7627,4462,2527,1393,750,387,194"
11,1996,"20978,37871,61578,93605,144787,220295,354980,597218,992992,1692702,3035381,5419345,9492779,15837511,24835546,36576994,50381683,64605184,73897569,77863833,77624714,71868151,60919966,46489492,32057278,21156235,13507809,8604950,5487964,3535851,2237303,1414456,894898,568157,371405,243663,159991,106267,71169,47264,31244,20449,12980,8051,4819,2810,1586,868,454,227"
11,1997,"18377,33450,54938,84419,131619,205906,337433,571259,983085,1713285,3100477,5570765,9820430,16153203,24915555,36742880,50918212,65447345,75706894,80179136,80438870,74471343,63282412,48483710,33184975,21540491,13602949,8575957,5458486,3508665,2216906,1399923,895448,572841,374332,247733,162554,108286,72834,48328,32035,20951,13244,8164,4834,2779,1539,824,421,206"
11,1998,"16521,30175,49768,76976,121287,191804,317890,546335,955526,1679773,3065709,5569822,9819490,16224405,25117000,37451122,52603642,68057133,78685185,82184865,81502274,75846857,64655221,50208183,34625973,22381259,13950466,8702732,5453627,3449285,2158749,1357234,853545,537358,345355,225070,144919,94716,62933,41256,27087,17554,11010,6730,3960,2263,1248,666,340,167"
11,1999,"18856,34437,56793,87652,137429,215804,355824,603870,1041801,1808416,3209027,5849554,10174639,16496069,25185705,37742443,53351433,69173646,80485858,84968115,83655339,77662858,66532398,51851329,36090168,23017479,14310380,8873946,5505315,3440869,2136623,1338763,839873,530042,342335,222209,143057,93004,61212,39650,25650,16367,10084,6033,3455,1919,1024,530,265,128"
11,2000,"18371,33819,55565,87685,139225,221043,367255,625920,1095579,1942975,3477339,6309912,10782893,17121046,25686441,38580437,54551069,69504603,81104793,86618709,85827263,79513842,68268312,53743163,37737481,24019108,14853997,9154546,5657124,3514544,2172108,1352021,842793,528079,339309,218548,138932,89313,58196,37232,23851,15088,9207,5461,3095,1705,902,461,227,107"
11,2001,"15646,28895,47538,75223,120439,194957,333365,580441,1033976,1864376,3414503,6284171,10673797,16770246,25045091,37651396,54478188,70123661,82711803,89356318,89977922,83858132,71543854,55596752,38927920,24736407,15291703,9425584,5827343,3618710,2233075,1383861,858616,537811,344941,221596,140787,89926,58088,36869,23412,14706,8926,5275,2983,1646,876,454,227,110"
11,2002,"12983,24060,39760,63175,102042,168414,289533,509656,921082,1682136,3109525,5807384,9991921,15748345,23683436,35868755,53610069,72086994,86896424,94014296,94909676,87593822,74102552,57194872,39912912,25431710,15652466,9656694,5966982,3757103,2342581,1457674,914104,578816,373919,242189,155026,99980,65307,41976,27039,17320,10719,6493,3787,2164,1200,647,335,165"
11,2003,"13786,25524,42192,67180,107559,174363,291931,498873,885362,1600795,2929591,5470588,9508429,15211195,23142716,35279017,54021120,75690273,91862291,98336918,98267588,89514653,75952920,58163483,40259838,25711303,15776492,9733131,6024695,3819825,2412165,1526751,978430,638744,427633,290235,196148,133556,91400,61858,41984,28180,18204,11471,6896,3993,2205,1162,578,269"
11,2004,"12575,23316,38533,61566,98678,160667,268935,460300,826683,1512067,2725480,5113128,9084029,14684582,22438437,34075497,51267200,72719711,91876203,101414192,104835106,97281639,80897990,61062585,41805659,26919921,16368443,10115104,6299006,4032960,2583257,1659848,1074339,706187,475439,323425,219066,149699,102764,69681,47509,32113,20907,13340,8150,4837,2756,1511,785,384"
11,2005,"11484,21332,35352,56690,91382,149911,252592,434371,785490,1448183,2594417,4889316,8741724,14369173,22241193,33958198,51081129,72036395,92163111,103567886,107871128,102011628,85068038,64393328,44069163,28252965,17088128,10572590,6591883,4258051,2782494,1828693,1205067,800345,536897,365089,248835,167774,114119,78089,52568,35585,23947,15525,9883,6044,3604,2058,1111,564"
11,2006,"10510,19498,32975,51714,82996,135809,230021,396792,708959,1296565,2389457,4449974,8211264,13931273,22025977,34002230,51534515,72653128,93443463,105992246,110096234,104609137,88175363,67525080,46971838,30317004,18393119,11279581,7012736,4547924,2984947,1985598,1320186,887599,596022,398416,269006,181687,121029,81460,54757,36120,23994,15809,10002,6235,3721,2150,1165,596"
11,2007,"8094,14949,25218,39569,64945,104714,181341,328639,586531,1086614,2029683,3831400,7318685,13038979,21638397,34039464,52086938,74314891,95639432,108975224,112565100,107392770,91119977,70423095,49610604,32522528,19695379,12044245,7470344,4828969,3156581,2089664,1384672,920784,611987,403257,265751,178738,116578,75528,49505,32614,21002,13605,8775,5420,3290,1905,1039,535"
11,2008,"7576,14044,23806,37540,61808,99793,169580,302806,539295,1000994,1869656,3510332,6729902,12378369,21102756,34197752,52712134,75243839,98618768,113522927,116909734,111300385,94817762,73654009,52881051,35127667,21626660,13148491,8058824,5150671,3376795,2231959,1471636,974207,646155,425163,279443,187662,122810,79275,52089,34261,22051,14327,9247,5716,3484,2014,1103,564"
11,2009,"7581,14121,24090,38312,63714,103614,177982,319842,569914,1054474,1959273,3669484,6977566,12753306,21836341,35355142,54366696,77426841,100182804,115397861,117970014,111935313,97012844,76453011,55380466,37300163,23005801,13984433,8550296,5439141,3542533,2329255,1527334,1007746,665708,436272,285814,191430,124806,80330,52622,34517,22140,14344,9232,5676,3443,1975,1074,543"
11,2010,"6260,11727,20202,32190,54046,88885,153665,281833,509909,917636,1711761,3267987,6216455,11669515,20777488,34417174,53725902,77593070,101547651,118646830,122489108,116057670,101063372,80126505,58448831,39792432,24832276,14988364,9166859,5796100,3762914,2488246,1652087,1092655,716232,462003,297869,196850,126017,79550,51231,33189,20999,13418,8492,5125,3035,1689,889,432"
11,2011,"5917,10992,18734,29478,48758,79522,135828,248019,449690,822231,1555912,2986586,5680919,10702584,19438522,33099604,52728071,77628259,103903901,123186770,128705696,122192362,107297972,86110799,63110021,43218907,27201769,16350561,9891400,6174277,3972356,2594914,1697717,1108240,723021,463834,297297,196422,125524,79382,51404,33460,21329,13759,8789,5371,3225,1826,979,486"
11,2012,"6579,12186,20496,32084,52248,83664,139167,248064,443497,793480,1484612,2822680,5376656,10085601,18426908,31714509,51222804,77067550,104363970,125578887,133046326,127553768,112261862,90829873,66977843,45945907,29178669,17605761,10599776,6500953,4158909,2694515,1739895,1119030,723106,461753,295091,194945,124820,79083,51370,33575,21456,13880,8895,5449,3281,1863,1001,498"
11,2013,"6666,12332,20739,32448,52682,84825,138504,246929,445375,778990,1459132,2814389,5378179,9979470,18233912,31647642,51703028,78651512,106847700,128485220,136163153,131761399,115790008,93812958,69052062,47803198,30655754,18592181,11152144,6857400,4359905,2793699,1783292,1141407,733196,467035,298225,196523,125821,79689,51593,33586,21414,13794,8812,5392,3239,1839,987,491"
11,2014,"7151,13113,21848,33736,53885,85451,137475,241904,433622,760635,1412151,2690947,5129860,9564622,17484002,30654215,51144180,78557388,108270152,131415552,139981741,136953084,120277817,98175533,72439569,50210644,32527742,19725915,11814782,7221984,4564178,2909323,1839347,1166349,748169,479801,308659,204261,131797,84200,54853,35888,23083,14972,9637,5958,3627,2089,1137,574"
11,2015,"7989,14591,24213,37116,58689,91992,146520,252724,447664,776778,1437494,2738620,5231096,9739462,17658398,30960141,51856252,80391044,111014663,134604723,143780225,141727102,123925344,100653099,74143847,51857287,33651846,20268256,12182295,7438329,4658137,2955246,1863438,1175118,750114,479193,307006,202811,130954,83786,54614,35768,23081,14986,9662,5985,3645,2097,1140,572"
11,2016,"8132,14830,24552,37545,59226,92563,147825,255547,450853,790778,1471295,2816933,5377642,9987571,18108271,31816467,53433796,82718673,113767474,137811316,147945517,146858622,127463284,101886990,75502266,52939790,34542127,20831879,12498175,7608525,4780782,3023471,1902069,1196478,760857,482991,308256,203314,130727,83570,54597,35792,23049,14992,9666,5991,3659,2115,1156,587"
11,2017,"8271,15053,24850,37933,59748,93399,149631,260064,460706,803392,1489135,2858411,5444576,10119744,18275845,32145814,54031418,83814852,115526157,140556924,152269194,152574753,133129245,104549338,77095858,54275231,35513797,21567343,12930462,7850328,4887470,3094058,1954236,1236416,783495,493341,312968,206134,132329,84281,55005,36050,23258,15183,9822,6105,3743,2175,1195,612"
11,2018,"8356,15230,25183,38473,60625,94667,151488,262553,465156,808243,1492888,2856008,5414807,9998476,18086260,32023722,54084116,84537740,117325885,143908575,158389837,159850941,138852460,106821258,77953176,55467765,36402827,22232218,13292261,8098583,5062725,3200703,2014178,1265199,795919,498676,315042,207204,132954,84442,55029,36078,23290,15184,9816,6092,3729,2163,1188,607"
11,2019,"8429,15337,25319,38648,60863,94968,152624,265680,471772,819782,1514720,2891714,5457216,10039945,18308872,32252005,54595175,85158439,118516685,146377891,163454612,165238860,144979699,110115745,80172919,57016092,37489558,22961487,13751166,8373918,5213635,3282174,2059638,1291711,810231,505718,318737,209367,134174,85377,55715,36504,23595,15360,9926,6156,3765,2183,1198,612"
12,1981,"24215,38162,52782,63358,72704,81744,91125,105314,135030,190739,289488,456048,748178,1275880,2117650,3379497,5249000,8276602,12696199,18473085,25077448,31453714,36026759,37946871,38192700,37680909,37153193,37346512,40941224,47513891,50582806,46488284,36189826,23332664,12640675,5998007,2800353,1185769,513690,237850,101689,39167,17515,9956,5691,3241,1859,1053,559,276"
12,1982,"24202,38085,52607,62942,72166,80876,89754,104640,136267,196308,303182,485094,815027,1394585,2309381,3672830,5712908,8966488,13694907,19666922,26142689,32576262,36844075,38738990,38944805,38179595,37585579,37873498,41915561,47922015,50405694,46303445,35936325,23261056,12474629,5983411,2757090,1190555,521150,241492,104350,42501,20372,12387,7749,4842,2947,1796,1006,535"
12,1983,"25164,39715,55128,66471,77217,88192,100162,119781,158878,230345,351155,554376,937604,1613499,2701202,4407573,7170089,11207011,16328599,22461596,29204123,34808846,37610908,38169845,37874919,36597901,35463241,35746071,39132356,45629595,49205139,46397419,37497328,25515390,14035491,7122884,3243112,1397972,576450,269278,121094,47178,19510,10890,6734,4076,2481,1449,804,419"
12,1984,"26011,41040,56960,68716,79913,91582,104715,126472,169257,246362,374313,584943,968696,1625404,2655782,4250725,6926695,11094394,16714995,23102953,29949966,35767220,38578542,39321875,38859994,37337668,35967798,35792891,38682181,45270468,49316486,46876164,38316898,26651791,15066003,7557626,3450190,1568023,669454,306600,136123,53314,22138,12042,7314,4297,2520,1392,726,356"
12,1985,"26461,41789,58090,70228,81990,94473,108746,132179,177322,257031,386450,595409,959790,1570030,2531431,4038477,6431706,10323892,15702701,22094880,29121655,35589015,39185704,40643470,40921473,39715299,38102328,37507849,39782659,45297922,49570279,47058653,39012698,27598562,15847646,8107814,3705718,1677812,694330,309247,134170,49694,17416,8667,5115,3001,1813,1066,599,321"
12,1986,"23884,37449,51531,61509,70594,80025,90886,109328,144984,207605,309599,479403,741401,1157461,1808213,2836526,4513008,7211443,11575883,17894011,25234315,32588406,38412131,42090704,44103790,43892011,42903128,42231441,42948786,47793038,51589191,48781937,40896794,29109852,17162003,8993490,4150688,1987024,895857,422629,192014,79927,35084,19700,12520,8277,5320,3444,2121,1239"
12,1987,"25339,40497,57091,70496,83961,98860,116830,142527,188005,264785,391641,595400,923641,1476791,2373040,3761666,5934815,9276567,14064085,20495796,27675048,34450035,39651547,42592863,43834817,43225340,41633329,40894738,41948885,46871858,50742139,48570436,40568949,29202222,17405695,9073785,4145583,1978037,895328,430252,201306,84143,36623,21200,13631,8816,5759,3732,2251,1282"
12,1988,"29330,48217,70255,91119,114543,142502,177939,222632,290190,394271,551334,785844,1161861,1811459,2851379,4393002,6571931,9876344,14564725,20750701,27862580,34878248,40323667,43400644,44773203,43951068,42073861,40784839,41935316,46174455,50431218,49107540,41300158,29638019,17843119,9359850,4396316,2133966,990602,484210,229741,97730,44551,24510,15610,10262,6694,4199,2508,1398"
12,1989,"26328,43546,63883,83495,105649,131675,164281,205720,269198,371287,530228,768856,1146694,1782329,2788008,4276122,6417061,9649373,14155847,20071721,27131655,34753177,41031667,44734480,46225885,45357894,43199664,41439285,42225666,46056688,50384765,50245360,42331874,31000772,19185685,10160071,4903787,2382663,1099270,554789,286855,135947,64960,37020,24394,16727,11364,7450,4622,2685"
12,1990,"24749,41732,62561,83945,109061,139571,177969,225910,297714,409596,579365,833810,1230902,1920951,3077132,4879439,7531247,11336417,16094919,22175287,29585156,36872997,42819926,46389332,47077476,45262898,42556747,40596998,41514810,45086582,49869906,50060952,42277713,30504095,18953154,9732702,4700986,2257972,1014355,485842,244129,113361,50139,25837,16582,11065,7273,4653,2846,1621"
12,1991,"25804,44155,67272,92001,121560,157804,202961,256753,332624,444956,610269,848065,1224954,1882645,2970292,4619648,7034035,10596524,15509707,22040866,29945477,37967922,44764931,48945077,49818922,47627339,44266536,41689705,42754159,46205004,50663107,50370869,41678841,29676143,17614298,9399586,4533586,2186388,981738,477160,235801,102374,41249,20393,12962,8555,5548,3567,2174,1242"
12,1992,"29146,49784,75727,103349,136372,177226,228666,289998,378989,511654,706908,978662,1400020,2120420,3239225,4854816,7217247,10712928,15804511,22674547,30591629,39153275,46711970,51266105,51917105,48406012,44651399,42331957,42433984,46644294,50614209,49985473,41859045,29152472,17837396,9379674,4492062,2126847,925648,423085,201078,83344,28182,11045,6879,4315,2719,1708,1030,572"
12,1993,"15434,26620,41172,57789,79799,110689,155286,214438,306317,448759,663507,966702,1417064,2136026,3231949,4805668,7120183,10736222,15952460,22949927,31254197,39999518,47189540,51505031,51910992,48894128,45543644,43554019,44434393,48127371,50988574,49184244,41602550,30434968,18980030,9989196,4644459,2274810,1064314,532912,339777,272433,219306,138060,59907,19409,7418,4191,2341,1354"
12,1994,"15616,26940,41609,58238,79824,109203,150623,204695,287695,415826,610515,888878,1314581,2011464,3048911,4497253,6597770,9945652,14925284,21930835,30579404,39588461,47529906,52238014,52797733,49879759,46427639,44170008,45616302,49413786,53111637,52267373,43544177,31496610,19376428,10565115,5056139,2427183,1126832,568571,361094,284868,226374,142415,62352,20836,8240,4666,2590,1486"
12,1995,"13034,22857,36001,51639,72894,103295,147608,208039,298730,436791,643463,939248,1354745,2000167,3025892,4550912,6795977,10145128,15359034,22731711,31242912,40336272,47935594,52398658,53384942,50066478,46623840,44229245,45488534,49987874,54777032,53178862,44749261,32474568,19906303,10700954,5292232,2730510,1299534,621539,362096,267275,202032,122807,53042,18167,6809,3587,1892,1078"
12,1996,"12089,21591,34828,51515,75694,112914,170212,250001,375741,566102,844598,1226639,1742637,2516039,3696079,5433617,7956616,11618893,16930893,23949305,32574041,40932340,47623656,51891441,52001413,49052314,46238070,44713898,46394506,50200222,54705805,53177428,44682141,33404460,21232440,11198674,5429272,2710649,1248469,575464,327459,254298,222724,161639,84823,33746,12939,5928,2640,1448"
12,1997,"13314,24070,39276,58791,86493,127749,189092,271750,390164,560642,802009,1128077,1572332,2279349,3440473,5203154,7772345,11386256,16476807,23399274,31937096,40722527,47963775,52505643,53564424,51023924,47153465,44700777,47156253,51317614,55214228,54744021,46564644,34117064,21532806,11890391,6117963,3106540,1486195,745010,425094,296477,234683,164558,85427,34333,13141,5969,2589,1423"
12,1998,"17388,31379,50799,74876,107197,151702,212785,288828,388784,523956,710699,969271,1341034,2003692,3182755,5023198,7641181,11208131,16217022,22949184,31356881,40592690,48796374,54034640,55178129,52060552,47968726,45139878,46317728,50363741,55239340,55722225,48770962,36898146,23230260,12624887,6745415,3406649,1586887,787512,451296,311678,242591,168705,87476,35121,13389,6060,2612,1426"
12,1999,"15406,27770,45143,67078,97986,143422,208293,294691,414218,576789,795396,1082387,1469708,2099865,3185744,4942471,7574545,11329314,16664052,23828548,32494015,41946727,50012192,55330214,56163003,52434028,47919781,45104143,45994707,50045339,54809099,55682516,49892762,37690651,24323244,13429880,6998366,3369946,1660718,785615,434969,316960,261913,189250,97920,33503,8346,3426,2030,1139"
12,2000,"18045,32492,52564,77099,110282,156123,217723,297132,402184,544270,736053,992453,1337233,1904342,2881711,4468522,6848542,10347786,15505240,22613331,31221785,41002929,50073177,55781916,57410717,54971047,50284260,46611852,47478567,51330483,56229564,58104463,51157011,38648131,24801529,13727082,7270370,3631937,1769176,809743,416439,282905,243824,200580,123981,53275,17117,6203,2909,1427"
12,2001,"37839,61100,87324,110583,136458,168698,211095,269487,358639,498284,714418,1033918,1489579,2197600,3292150,4958512,7348088,10781479,15741255,22779183,31670749,41287628,50212681,56052722,57957344,55751088,51010329,47793227,48192372,52459971,56345130,58538629,51849746,39003772,24937263,13570411,7308207,3606831,1707722,784849,433346,303741,253193,198484,120264,49927,14848,4588,1868,780"
12,2002,"38890,62999,90097,113984,138934,167491,201708,245830,313406,423124,599397,867612,1253415,1871412,2930966,4633056,7136587,10681617,16017533,23347025,32686309,42719336,51537122,57722665,59765801,57097133,52042069,48249317,48011998,51168817,55524988,57890262,52355557,40224312,25961984,14450956,7371812,3765759,1958408,907299,460618,315459,254268,178551,89721,29503,6960,2589,1544,880"
12,2003,"13496,23782,37714,54472,77750,111867,161131,230245,329887,472897,678365,960444,1337470,1923407,2898273,4482954,6890489,10364919,15483868,22862836,32661987,42949374,52543606,59386689,61127953,58260543,53249075,49356025,49023254,52155550,56010040,56716263,50967272,39984896,27216873,15795651,8191059,4199801,2102066,993934,551444,373826,259282,152201,63315,17673,4881,2680,1568,887"
12,2004,"11149,20116,32641,48588,70616,102545,148495,210422,294799,413694,581885,811549,1126527,1640711,2542338,4030952,6298710,9683685,14643586,21775102,31282497,42298415,52766573,60369260,62769528,60387742,55505198,50878042,49543040,52703555,58071860,59608966,54111797,41794622,26441933,14732222,7721510,3959833,1988035,902606,460417,318698,258410,182842,92666,31239,7925,3251,1959,1124"
12,2005,"10804,19008,30167,43974,63421,92952,137303,200304,293203,427206,620511,886739,1234645,1754211,2633136,4037133,6132206,9161510,13617739,20267761,29061120,39938028,50894796,59368851,63671392,63154016,58801668,53961142,52459882,54489516,58784995,60482053,54255803,42150153,27729056,15531750,8190552,4117090,2148422,1091612,618517,407946,295198,194803,97631,33798,9408,3981,2305,1277"
12,2006,"8782,16129,26667,40558,60124,88720,130180,186181,261691,363088,503672,694991,955542,1385483,2142418,3351944,5135011,7743528,11628363,17345671,25987539,37212618,48851356,59174296,65567579,66447648,63073784,58182370,56008964,57479160,60245051,60563798,55176202,43454634,29078723,16823797,8686922,4399396,2298766,1157425,607153,374129,290164,227087,137705,56676,16539,5440,2366,1044"
12,2007,"12039,21402,34148,49848,70852,100372,142076,198239,271813,370439,507593,698188,962496,1366025,2071273,3194156,4855659,7285334,10911602,16387044,24589124,35576463,47408621,57923709,65263707,68168270,66279138,61824670,58739505,58906197,61433568,61834305,56098703,44084547,29577972,17414410,9154192,4763017,2458404,1120932,532988,346714,277148,192383,96179,31737,7417,2666,1545,828"
12,2008,"12720,23151,37695,55824,79605,111441,153270,205772,271035,355650,472612,638915,880065,1268769,1952166,3037409,4661409,7026035,10518849,15740713,23571754,34156414,45890192,57248359,65812196,69581698,69011689,65439126,62152110,62082565,63962837,62888300,56065981,44010825,29527936,17182672,8600284,4023230,2067524,1105356,672875,454116,301872,168070,68326,18685,5144,2754,1627,878"
12,2009,"8359,14328,21949,30533,41756,57676,81185,116864,169010,248414,373880,563739,823930,1197165,1845183,2895610,4490162,6839296,10213230,15218384,23082815,34237826,46909967,58527130,66925154,70182281,69101401,65370693,63331542,63893942,65191647,64332017,57494547,44733331,29804699,16854200,8841387,4321738,2173888,1102928,631481,411280,292380,191086,93928,30606,6619,2240,1314,736"
12,2010,"12735,22987,37091,54333,76449,105192,142183,188332,244023,315076,412599,549441,749445,1090162,1706526,2691671,4202951,6353079,9414078,13948611,21419979,32591810,45965400,58779955,68339817,72267280,71967278,69273268,66227898,65485741,65940079,64052671,57010668,44830132,30633274,17960636,8967477,4358722,2201822,1070382,574668,320645,152266,54003,15476,6834,4163,2512,1459,815"
12,2011,"8514,15629,25725,38875,56597,81541,116498,162839,221046,295854,397586,534532,725626,1020575,1568408,2489504,3890413,5905916,8796322,13104674,20231080,31177520,44601250,57839938,68326677,73304306,74045297,72411489,69550115,68171508,67488721,64667175,57469991,45206228,30802396,18305764,9355173,4637746,2405251,1181507,647408,385735,206812,85449,25061,7404,4063,2409,1365,739"
12,2012,"2559,5289,9763,16528,26409,41657,64527,94889,133158,182801,247541,335910,470238,695603,1120112,1905492,3215766,5249589,8330178,12841669,19975102,30438917,43471515,56556057,67926899,74264497,75902768,74862252,72308630,70207124,68724037,66022162,58873373,46372727,31676391,18874118,9773999,4798907,2463103,1266752,722346,415696,214047,87579,26101,7700,4145,2330,1250,650"
12,2013,"2428,5000,9206,15533,24766,38811,59810,87536,121508,164334,217627,286372,388785,563713,904837,1572075,2770233,4740477,7759778,12227875,19260461,29946517,43482954,56850110,68130295,74874371,76867607,76510425,74745003,72196757,70296365,67375365,59810622,46928353,31875125,18967004,9935164,4976885,2557125,1253315,683429,407741,230653,106642,34886,8148,2902,1636,889,477"
12,2014,"28694,45887,64286,78386,89705,97477,100622,101149,103218,114650,147286,217683,336632,528205,867832,1494861,2613722,4484807,7468043,11933635,18940355,29407792,42924600,57551548,69692290,76368975,77980499,77066303,75691043,74505783,73440738,68580097,57926343,44535150,31503360,19796489,11048516,5784742,2856034,1380209,752063,410468,201246,78357,22525,6762,3673,2125,1174,634"
12,2015,"11187,20007,31825,45447,61371,79624,99121,117453,134054,151959,175869,219244,308000,479867,803328,1403432,2470862,4246022,7050535,11183463,17489217,27251814,40308433,54457884,66346161,73241053,75181025,74822339,73336024,72373522,71936628,68852037,59404265,46513642,33357554,20820248,11401598,5974407,3063807,1475569,775428,423805,215678,86767,24448,6245,3157,1807,989,529"
12,2016,"7150,13414,22426,33850,48183,66205,87862,111443,135958,165505,205501,269378,384034,586949,945068,1579025,2647260,4348740,6985959,10926238,16859386,26442454,39492231,53507968,66028246,74020123,76470233,76071879,73552442,71211958,70719641,69050258,62109487,49663286,35468575,22262908,12263260,6219053,3267950,1596406,812577,431622,213831,86184,24799,6992,3853,2377,1345,711"
12,2017,"29029,44818,60140,69102,73799,74594,72682,72733,80184,103646,154672,248020,391903,602441,948625,1580937,2685526,4449516,7040869,10795676,16366337,25799613,39051258,53543163,66471210,75067723,77650187,77190916,75163858,72413303,70564059,68197397,62237860,50894842,36899345,23412963,12817528,6539288,3444844,1627442,791728,427835,220211,91741,28410,9129,5197,3267,1879,964"
12,2018,"6904,13039,21935,33347,47716,65945,88034,112062,136610,164982,200523,254533,355490,544934,904514,1577566,2726741,4463945,6964413,10610538,16084100,25155621,38512828,53670859,67453283,76400749,78567558,77249352,74070795,71011496,69898215,68687713,63864723,53096705,38835721,24729388,13632766,7200014,3835623,1972400,989625,556275,308416,145889,51592,13917,5645,3427,1905,957"
12,2019,"5162,10143,17693,27933,41299,58978,81370,106690,132995,163501,201061,256987,361332,553161,918831,1599701,2744614,4500884,7074765,10834672,16304983,25386973,38822613,53867443,67701200,76545809,78962160,77784193,74430660,71493806,70265192,69037125,64340028,53755265,39542100,25463667,14510684,7701187,4008585,2022787,996856,556702,306852,143839,50020,13044,5280,3331,1927,991"
13,1981,"14081,24371,37869,53932,77519,111048,172660,291695,499549,933253,2184912,5741411,14565876,35037702,82008980,157645824,272221822,366388656,379483468,346293743,266601737,173940980,109886920,75454139,56618983,45080001,37487059,34075894,32407805,26800424,17868375,10139939,5705767,2883305,1432363,733302,446654,307026,211377,136288,57120,17947,5003,1601,878,491,278,165,90,47"
13,1982,"12693,22027,34330,49167,70762,102167,155002,259899,453658,815440,1860618,4965575,12728709,30090305,70727533,143897409,254394401,370094083,406286712,374082067,285925530,183664924,115480004,78204280,57917500,45831633,37542457,33835572,32221598,28042039,19275170,11125419,6138905,3114151,1618798,879235,535504,342811,211735,110658,40568,10938,3534,1582,926,516,294,174,95,49"
13,1983,"10814,18757,29217,41737,59840,86137,130998,221599,394223,711090,1509406,3875409,10126941,25526245,58839433,123179821,229439567,359620996,428404930,408130673,315818916,203107459,123552413,82411104,60334460,47311566,39145291,34624493,33043736,29421245,20132742,11823950,6588371,3351622,1714992,915538,546886,343919,204807,86654,26672,8312,2868,1508,849,500,285,172,96,49"
13,1984,"10032,17371,27019,38442,54780,78277,116669,188976,321513,568923,1110773,2717440,7287833,18586930,44600878,99995207,196694908,337934700,448160946,450995950,354645015,226031696,135941378,88003002,62683258,48779014,40694196,36234508,34117336,30560615,21258285,12451177,7040754,3645565,1889538,993677,580341,365078,217659,90370,28035,9293,3574,1929,1071,617,344,201,110,56"
13,1985,"9154,15881,24718,35192,50039,71254,105928,171204,290894,517311,1022262,2515291,6775777,17186208,41140503,90909896,177670748,317252783,444263653,469344408,385591914,252297102,151018037,95727410,66083575,50593075,41617038,36977306,35349126,31565108,22630597,13193044,7256672,3968847,2019746,1096705,621092,374363,204656,72544,23787,8652,3655,1964,1042,570,301,166,87,42"
13,1986,"8975,15601,24495,34611,49361,70731,104095,168561,294426,539071,1062793,2555390,6875711,17175585,39788756,86039291,167914682,307165325,443101430,482841027,408567976,272209902,161869268,99794468,68416620,51394224,42502592,37938381,35823669,31968999,24068557,14387930,7958372,4258090,2130404,1153272,648781,375982,165015,56513,17648,7228,3873,2029,1034,538,276,138,67,31"
13,1987,"8715,15189,23914,33936,48574,69754,103085,165940,285162,520146,1021658,2416587,6472723,16398130,38275021,81376599,157892026,293365341,437155932,492482174,431769019,298151382,176036641,107675731,72253329,52989611,42941466,38380018,36198335,33413149,25277825,15568543,8619100,4611486,2305070,1264559,717125,403103,169715,55866,16727,6694,3530,1822,913,452,219,100,43,17"
13,1988,"8910,15434,24143,34203,48862,70257,105716,171128,290699,542946,1019160,2230806,5601427,14208150,33123660,70671094,141459104,265997335,419554802,502102163,463776687,335163218,201725879,121725138,79498952,56385286,44574884,38862656,36310103,33799175,26905759,16932343,9398177,5129630,2595724,1374441,732822,383306,156190,49583,15336,6692,3778,2070,1127,606,327,167,82,39"
13,1989,"8159,14085,21801,31037,44254,63294,96436,157317,263882,480432,905540,2021596,5272392,14264283,36199911,86916981,182371293,326305242,472293909,497572201,417529204,288679641,180942801,115797328,78177428,56160983,44610625,39222878,37903517,34575945,28341013,18694400,10380172,5718273,2822680,1506963,803583,443105,197650,77037,26829,11059,6546,3954,2383,1411,832,468,250,126"
13,1990,"8942,15316,23462,32918,45959,64282,95767,153294,253978,460555,869237,1922117,4986976,13620553,34692309,83522995,172499636,315066525,469947339,509663684,435352978,305735609,193693992,123771460,82916995,58326058,45814372,40141861,38226341,35730133,30191206,20336080,11517473,6174439,3101401,1703877,961854,563392,269152,97888,31665,12254,7167,4526,2845,1764,1080,642,360,189"
13,1991,"9637,16421,25002,34778,48037,66437,98222,156288,258523,470440,885720,1891787,4898332,13442437,33997001,83323547,171704200,315342854,474887309,517651669,449065458,317985103,198984831,126275464,83775052,58842922,46177374,40921402,39553572,37072103,31515882,21007073,12057834,6621873,3289908,1778976,991454,568726,260864,94883,30914,12672,7597,4836,3076,1926,1198,720,407,215"
13,1992,"10561,17800,26728,36384,48751,65408,93022,143722,233572,416770,773342,1670717,4373766,11923786,30618104,76530342,159637422,299384062,467435398,521438579,467505905,340820919,219902604,138811313,90653393,62655611,48095537,42658769,41022140,38442511,32779837,22294423,12750329,6912979,3535888,1936391,1065899,584828,259857,94581,31340,13256,8144,5189,3342,2154,1359,839,485,261"
13,1993,"11491,19272,28738,38697,50919,66871,92282,138077,219988,392339,734133,1518449,3861171,10658743,30019911,72279956,152111727,288360859,472025433,524903284,472027017,357688725,237907541,149495729,96648074,66822501,50426064,43688890,42095126,39470922,33659591,22949160,13060847,7091234,3693871,1974591,1071060,574872,243961,91581,31023,13385,8347,5315,3406,2187,1400,872,514,282"
13,1994,"11575,19190,28304,37240,47735,61238,81922,120822,193830,348970,646029,1302574,3225260,8772401,24273544,61031967,136118283,264528758,450655625,543478996,500531602,383395390,259406977,164904186,104376552,71604094,52876843,44833697,43035666,40774658,34736800,24010944,13710688,7448726,3916261,2053834,1126070,601311,255097,93981,31900,13782,8658,5586,3602,2321,1489,932,550,303"
13,1995,"11218,18489,27058,35234,44401,55847,72631,104249,164998,299227,558493,1095768,2624510,7602670,21510741,55531898,122713893,243499205,425142889,549409494,520512147,408317249,281978874,181622962,114899588,78073014,56788425,46734520,44285244,42418785,36282278,25607583,14574017,7838259,4133743,2149746,1184638,639397,286349,116382,42786,16935,9803,6499,4211,2706,1718,1069,620,339"
13,1996,"10744,17710,25892,33665,42136,52328,66899,95116,151312,269324,513365,1010992,2241217,6228468,18211975,49565770,118507431,226698840,402534257,540785375,539730866,432289633,305716388,198867662,126385495,84268468,59552092,48549158,45362760,43338951,37610228,27087534,15849697,8302219,4373458,2288061,1277532,692639,309735,126410,48119,20200,11945,7794,5141,3297,2075,1272,739,399"
13,1997,"10635,17525,25632,33317,41776,52070,66558,94467,149871,265035,498350,977987,2281005,6653798,19366673,51798576,120240402,231059159,406511598,541560338,539385172,433586838,311965234,206581357,132363841,87770991,62638415,50565101,46712683,44530140,38824291,28045795,16094512,8726535,4586259,2379765,1321297,733452,338449,136117,52460,22848,13744,9086,5990,3873,2455,1497,859,463"
13,1998,"10360,17067,24953,32407,40605,50595,64254,90306,142276,250668,474380,959428,2364914,6842899,19908771,53715759,125507035,243944200,415665358,542730472,532749099,428708224,314024879,213588784,139445042,93040480,67062673,54247937,49010037,45044308,37795247,27144327,15739794,8405498,4451947,2349751,1308428,708161,312666,128759,49529,20922,12474,8186,5326,3387,2100,1261,715,378"
13,1999,"7690,12726,18751,24581,31480,40443,52991,77920,126744,222781,413188,840249,2168309,6611670,19171809,51140381,116136811,225989684,398694802,542818780,549660627,447339333,329308845,229715433,149540963,99560153,70385710,55229722,49675304,46405861,40026505,28885261,16614639,9042687,4797952,2493425,1395630,768946,336286,136096,51604,22754,13925,9358,6256,4119,2661,1669,985,542"
13,2000,"5106,8539,12778,17030,22465,29844,39885,59409,97173,165171,302917,613662,1613489,5467273,16907345,46508785,111763700,219452411,390191927,539007214,554669660,457286980,339479586,245029064,164330144,108399474,75341578,57532825,50727728,47771889,42019379,30409389,18055618,9526436,5125928,2744130,1551532,880466,407468,159206,56815,23329,13474,8532,5323,3262,1952,1137,628,323"
13,2001,"4661,7777,11590,15359,20007,26136,34385,49598,79408,132255,236653,490005,1441177,5063774,15519839,42751608,103232267,214372690,383255364,532924339,556367012,466773850,351459997,257646352,178951038,118823605,80503035,60877963,52608625,49050412,43537002,31845749,19274375,10160262,5312218,2831546,1689655,1103555,728941,411060,149716,45044,18445,10036,6336,3873,2313,1335,729,369"
13,2002,"4290,7140,10597,13968,17945,22963,29400,40589,61968,100049,174520,358259,1035086,4113550,14079855,39746402,98358665,205659486,369872151,518300813,551087818,474690366,367213112,274677450,196251451,133544622,89391162,65727353,55241017,50749188,45670183,33795506,20402601,11140822,5716691,3042327,1804685,1176089,783901,448686,167989,51960,21024,11089,6858,4085,2391,1349,722,358"
13,2003,"3721,6221,9313,12398,16289,21544,28669,41361,65628,108811,188291,382372,1018686,3526710,11426071,33935046,84675967,191263519,359450623,514651662,559205707,489849522,383071729,288886054,208889381,144120248,96127472,70062163,58069344,52677153,46704116,34431875,21073694,11428821,5920718,3130626,1866843,1208081,792250,424812,161693,49503,20817,11704,7286,4455,2626,1500,808,404"
13,2004,"3005,5042,7601,10208,13725,18770,25864,38759,63233,106803,182869,363425,895819,2838356,9272668,27649909,71465798,173017339,340913497,498428477,557341793,503829648,404026983,309878416,227919587,159900461,107666892,76882135,61960757,54766969,48394540,35911828,21802307,11967420,6482831,3497333,2067187,1318550,870423,484733,186928,57889,23617,13000,8024,4895,2877,1642,882,443"
13,2005,"3371,5521,8101,10550,13791,18477,25211,37383,60299,101067,171804,326539,788991,2340476,7137753,20976052,55531012,144077678,308631360,477578591,555543059,522672359,429646393,333953003,249765872,179091930,122698721,85822116,67758071,58870197,51160054,38336310,23619921,13111001,6996554,3781458,2269541,1436021,916533,445998,163926,60148,26624,15779,9984,6169,3752,2177,1193,607"
13,2006,"2769,4577,6796,8972,11938,16245,22550,33797,55169,94672,165841,316878,765661,2238982,6935818,21097785,56552542,139924785,301157472,474429630,552254915,520409768,434315134,341198896,262457867,191798052,132461499,90483136,70121073,60474565,53129215,40352622,24897116,13808893,7525772,4078486,2468073,1573554,1007600,481744,169722,58167,23969,14021,9135,5993,3849,2417,1424,791"
13,2007,"2224,3712,5576,7479,10116,14013,19816,29767,48720,83953,147653,275783,657731,1994673,6271803,18624116,50785017,126319190,279347041,455007822,544459688,521620008,444952906,358603400,281067025,210717642,147990944,101411692,77210818,64876327,56056096,42380796,26758957,15232842,8358801,4560072,2734932,1737207,1099902,496337,176080,61029,26201,15589,10207,6772,4393,2756,1617,888"
13,2008,"1607,2735,4190,5794,7977,11337,16501,24901,41260,72318,130141,250868,600849,1878859,6056014,18518825,50385200,121143584,267950486,444420704,540712587,524459627,453495893,369755344,292675925,223582627,159588194,108491532,80264572,67568751,57559913,43075679,27063359,15321645,8584440,4782046,2900428,1858702,1159185,505499,174167,58810,25051,14885,9973,6818,4568,2956,1784,1006"
13,2009,"1179,2027,3135,4382,6090,8724,12814,19405,32077,56081,103228,204876,505206,1588723,5250793,16807321,46238311,111911654,252612855,429857351,536955028,529524092,462765643,380525178,305125804,236403086,170868069,116965885,86259892,72399677,61551547,45694724,29695218,17247315,9626205,5257810,2932896,1456503,651189,292785,127856,57436,28564,17542,11889,8239,5621,3721,2292,1320"
13,2010,"1037,1803,2817,3978,5565,7955,11518,17211,27507,46398,82073,155222,364800,1128694,3810401,12678405,36416447,96894809,222040260,401321603,520904079,528487537,473909468,401667357,328865395,259666165,190971529,132206381,94743053,78810336,67298581,49939754,34314194,20497941,11184446,5738830,2717142,1191192,572874,329329,184812,87346,37213,19438,12656,8577,5730,3705,2237,1264"
13,2011,"907,1667,2789,4252,6535,10339,16246,25065,39943,63504,102216,172439,337533,922903,3004134,9381522,28196574,73725312,177891976,355165567,506972505,543205184,503169034,430225816,355733650,283738506,211895828,147425420,104724011,83617655,70429274,52038305,34548068,20685209,11346036,5964243,2917233,1261683,586359,323508,179383,87215,39452,20587,13144,8609,5628,3565,2114,1175"
13,2012,"733,1239,1870,2542,3486,5085,7838,12853,22757,41661,74537,133928,268286,731519,2383631,7562065,23509769,63856110,161531613,331190659,489597551,541079471,511531333,441942623,370829117,301568628,231602411,164695946,116072016,90002834,75106978,55420605,35815449,20922835,11554800,5876999,2762474,1215730,574814,311908,169482,85085,41355,22377,13737,8634,5556,3517,2077,1144"
13,2013,"844,1531,2518,3780,5673,8774,13466,20568,32108,50302,76719,117395,208240,530029,1647394,5230776,17359052,49019563,129198875,282191437,456783079,536652972,525567314,472992438,401557446,330379594,257635276,186255521,128240789,98930513,81253939,57651980,36375047,20449426,11487851,6201502,2971338,1313996,623277,366361,233387,140709,73620,34641,17435,10299,6196,3746,2146,1160"
13,2014,"815,1411,2204,3126,4462,6645,10061,15522,25090,41481,67378,110155,201800,499882,1591123,4916933,15381870,43217896,115459040,259708886,437069655,526833529,525535413,484472215,419692430,349213507,276709327,204007809,140817713,104425864,84686998,60431760,38171112,22085144,12289593,6405544,3042552,1273047,555386,309656,198399,119427,62407,28619,13849,8042,5021,3146,1842,1007"
13,2015,"596,1019,1578,2235,3184,4801,7383,11527,19100,32929,55354,93932,181814,452104,1391079,4281735,13293951,38064088,101620952,236898024,413297346,517289792,530449837,492967045,436664961,368817652,295606776,221513841,153439669,113633694,90307407,63375080,39004484,22286625,12286857,6226023,2966951,1336419,648575,379505,239021,142110,76007,35756,17463,9846,6136,3743,2181,1195"
13,2016,"700,1353,2329,3600,5380,7913,11262,15850,23188,35747,56781,96418,186928,445816,1277692,3773186,11973509,34538505,90294185,216096537,389123840,508381874,531787180,504809019,451215563,386508910,311323164,234668282,166882692,122491914,97177407,67569692,40754559,23146133,12698317,6334741,2952247,1297300,638641,376680,234795,137360,71188,33389,15888,8682,5127,3162,1814,991"
13,2017,"682,1318,2268,3505,5231,7679,10906,15398,22747,35160,56485,96368,187745,435350,1244182,3614871,10860101,30158509,82761082,194875547,363829926,495009552,526996453,504132947,457019430,400724258,330753489,257462073,187116975,136202393,105956115,73269716,44873386,24834717,13739549,6955883,3241620,1424968,685875,395172,240824,137953,69318,30491,14198,7546,4496,2744,1631,902"
13,2018,"455,918,1646,2650,4094,6166,8811,12060,16521,23490,36598,67158,148255,345778,834935,2027910,5040346,12516755,28430714,63443570,129959598,211609046,278896845,325526255,351624314,346267045,309887817,254749304,193083281,141535232,110651229,77132726,47157234,26313735,14514814,7270018,3363707,1442461,682307,387123,231567,129930,63084,25182,9823,4023,1729,734,345,127"
13,2019,"443,891,1590,2551,3928,5899,8425,11568,15825,22544,35422,65588,144819,337571,811605,1965161,4820354,11894565,27318397,60505913,125956157,204786473,270144413,317781306,346665951,348440272,316804287,266457535,205340317,150550489,113454230,83133102,51346643,28781383,15922120,8100960,3854999,1705962,774927,407208,226579,116259,52871,21101,8454,3449,1519,698,331,157"
14,1981,"1593,2699,4052,5440,6950,8766,10946,13682,17401,23478,33971,50638,75502,111402,166384,269381,506647,1136367,2641927,5853516,11444573,18734062,28255048,41108748,56457830,71564103,88085884,100061515,98278621,83288773,62080782,39651813,20938130,10144990,4686628,2161144,993533,508937,269673,143036,75287,37827,18322,8867,4369,1633,495,164,39,4"
14,1982,"1671,2870,4370,5991,7766,9985,12658,15926,20156,26594,37034,52922,75939,108689,159148,256290,488118,1111553,2602881,5763111,11325268,18574843,28131550,41193779,57194538,72453196,88175154,99864651,98321332,84335731,62966717,40323396,21101765,10160943,4656983,2138568,1006094,530501,281438,147522,77788,40200,20163,9851,4801,1758,513,165,39,4"
14,1983,"1801,3124,4809,6672,8764,11384,14504,18246,22980,29386,39400,54411,75759,106493,154000,246935,470368,1082957,2558900,5669704,11022157,18193179,27567165,40318423,56595997,72414368,88840068,100543892,99543996,85510511,63851835,41026707,21808337,10452704,4779018,2201185,1034947,543758,287507,146010,75959,40057,20027,8990,3899,1461,429,152,36,4"
14,1984,"1910,3356,5237,7378,9814,12858,16422,20555,25559,31841,41245,55085,74555,102487,145389,229484,444468,1034632,2448884,5504871,10771234,18026377,27413192,40258851,56543195,72656189,88539583,99977764,99985205,86438025,65674135,42174517,22462065,10673416,4889412,2260816,1064469,564391,299758,150451,77918,42219,21506,9460,3936,1425,397,138,34,4"
14,1985,"3043,5204,7894,10724,13798,17301,21047,24955,29200,33941,40535,50582,66057,90784,131987,217661,434014,1013917,2392680,5395983,10644028,17939807,27451263,40307640,56513997,72479785,88794741,100975991,101126587,87996945,67422701,43678346,23705263,11267907,5206388,2405380,1123168,578232,297095,144235,72267,38164,19322,8477,3436,1138,238,51,13,2"
14,1986,"4233,7190,10823,14571,18549,22926,27360,31550,35475,38974,42767,48684,59529,80126,117944,196726,397071,938294,2284838,5127011,10299587,17644043,27201540,40141772,55553013,71155046,87187172,99447359,101677213,90377695,69641851,45889677,25589008,12338730,5588152,2560941,1187774,609802,314404,150481,71033,34379,16718,7363,3000,1004,219,49,13,2"
14,1987,"8799,14723,21815,28818,36099,44002,52113,59960,67217,73535,78859,84923,94706,113057,147112,216892,393751,884488,2130979,4802324,9702936,16882064,26267297,39030299,54875226,70652306,86023464,98050977,101141180,91166291,72130736,49201892,28065812,13914337,6405113,2898049,1263158,622619,314359,144780,64000,29097,13777,6129,2478,826,185,43,12,3"
14,1988,"7470,12424,18287,23955,29781,36021,42396,48501,53977,58628,61798,64775,70140,83093,111622,177737,354175,849014,2102718,4794808,9704582,16759395,25846904,38210782,53276862,68444737,83181939,96906152,101841020,93560104,75319059,52154854,30400715,15083640,6854570,3077903,1363999,656885,340305,167384,74795,30016,12088,5082,2017,666,157,38,12,2"
14,1989,"6363,10403,15016,19132,23149,27000,30609,33825,36559,39075,41062,43495,48440,61074,90117,158865,341366,846731,2129222,4851675,9726691,16632905,25524883,37581984,52819163,67996801,82040991,94934604,101448484,94961766,77391438,54368059,32416062,16252619,7316162,3274328,1422631,667337,354310,177366,74566,25121,8737,3917,1758,692,230,73,21,3"
14,1990,"5306,8761,12789,16660,20532,25027,29867,34961,40167,45662,50750,55529,61262,72654,98728,162873,348783,888252,2243794,5079356,10064246,17193206,26530426,39275182,54605907,68783567,81463580,92275765,97212862,92190536,77637427,56141564,34266487,17702340,8085344,3542078,1548552,742175,402163,208472,93011,32897,10208,3676,1457,561,213,88,25,4"
14,1991,"4493,7427,10874,14248,17715,21951,26935,32803,39659,47892,57396,67879,79850,96309,128350,204598,434402,1107855,2727009,5985666,11677334,19306562,29418223,42767676,57941651,71245420,82183972,87731835,89407571,88223430,76229382,56146504,35184065,18367252,8501854,3762564,1615602,741451,400403,215166,95242,32084,9895,3680,1294,390,130,49,15,3"
14,1992,"6127,10007,14426,18390,22256,26236,30404,35039,40664,47952,58361,72497,91262,119157,171921,302950,718001,1816001,4217040,8475402,14741661,22983274,34130065,48173588,62069255,72037264,78567954,81544443,82966147,83409679,74146756,55536501,34831215,18222487,8549138,3791167,1605395,710295,376270,201102,89358,30568,8827,2814,854,157,32,11,4,1"
14,1993,"8166,13076,18417,22615,26344,29242,31756,34651,39188,46609,60325,80896,108278,147262,214307,388880,931315,2334177,5296620,10267817,17350310,27740680,41869004,56063011,66711770,72655148,74147524,73822641,75998277,78811137,72119119,54123459,33600439,17472502,8186160,3674073,1586732,713937,371985,194761,87795,32146,9794,3031,866,194,52,12,3,0"
14,1994,"5807,9500,13713,17501,21243,25155,29483,34840,42661,53871,72391,99339,135232,185469,275653,528029,1275584,3072761,6642766,12678000,21456104,33074231,45972791,56312394,62543166,66398695,68599473,70600906,74134810,77866093,73050715,55866545,34600471,17827825,8535795,3887607,1691503,738686,384827,209691,100463,39895,13754,4986,1995,944,546,348,205,113"
14,1995,"4672,8222,12914,18332,24770,32911,42742,54114,67563,83236,103307,130660,169366,227816,337204,620259,1370977,3049184,6250901,11337816,18363775,27700698,39022044,51293809,62971547,71019236,73468989,74787640,77134442,79413124,74590631,57391937,35046477,18107255,8735555,4026434,1737689,751070,376777,189359,79717,28287,11503,6123,3137,1692,1032,674,399,221"
14,1996,"4983,8503,12891,17561,22755,28979,36235,44467,54317,66017,81801,103697,135707,185175,282770,563658,1337234,3017299,6108271,11111826,19329337,30854698,43804227,56268020,64246395,67783248,67978883,69611513,74223348,79062168,74916937,58116169,36047703,19075189,9149035,4102987,1770123,780279,396726,204568,92677,36829,15275,7652,3943,2114,1281,849,499,271"
14,1997,"6091,10120,14916,19574,24549,30091,36430,43666,52598,63960,80305,104057,140097,199997,313395,544995,1047874,2098575,4171770,8334885,15891773,27370194,42441500,57943071,67966068,71091335,69658572,70252902,73999645,79744026,75848430,58770415,37080351,19874285,9384291,4107096,1747720,755699,373590,190412,86360,33328,11682,4145,1289,246,40,15,4,1"
14,1998,"7014,11377,16300,20554,24762,28889,33314,38354,44996,54435,69736,93807,130778,191341,304257,539731,1060945,2146707,4366847,8582284,16604385,28237841,42871254,56723623,65550521,68808017,68348042,68633817,72940163,80548552,77583094,60636665,38953251,20991972,9972937,4320234,1837236,790708,388686,200734,96728,41539,16567,6996,3335,1670,851,382,130,35"
14,1999,"6135,9973,14307,18017,21625,24929,28188,31670,36403,43877,57068,79256,116520,190591,347281,696704,1453373,3071069,6249676,12604602,23266741,37332394,50655808,58978536,61734520,61224471,60366795,61717730,67808985,76869168,76619877,61185030,40360001,22011756,10406218,4495349,1954154,842411,418700,219739,106572,46953,20527,10175,5727,3259,1739,792,275,67"
14,2000,"5386,9022,13405,17673,22299,27092,32268,37792,44009,51652,61825,76714,100258,145619,245026,484267,1050261,2278614,4784977,9442299,17936596,31343143,46452153,58576773,64778950,64809677,62562210,63434941,68369088,77691649,79093264,64029158,42760041,23443610,11065473,4880378,2175610,953187,466170,230142,108163,62000,49320,38534,24170,12789,5879,2018,481,77"
14,2001,"3470,5816,8622,11334,14195,17285,20673,24696,30121,37768,50196,68472,93734,131435,201564,366713,791465,1793090,3971518,8003197,15435538,27680411,43718251,57842739,65662659,65618307,62879943,62962073,68311224,78906918,80996969,67023022,44887663,25103476,12268833,5445074,2467823,1005647,439427,229454,125855,74708,52337,38041,23657,12459,5755,2037,560,133"
14,2002,"2064,3486,5235,7046,9086,11560,14747,18871,24206,30892,40168,51904,65943,85748,125778,231835,538814,1292694,3018857,6418560,12873438,24338754,39999043,56216652,66974136,67387280,63846766,65149641,70775371,81220757,83330525,68629669,45740169,25198028,12308912,5492748,2441464,1018268,479960,260051,139501,68881,30091,12425,5850,3536,2116,1112,500,179"
14,2003,"784,1451,2466,3865,5796,8644,12909,18671,25889,34450,44179,54495,65561,81566,121361,246408,599530,1405572,3021536,6212443,12087733,22413683,37614616,54619860,65109240,66500859,63984769,64050993,71860144,83150895,86339168,71942123,47287620,25965316,12670143,5541409,2502069,1032773,457286,248618,149758,86983,42876,17469,7004,3568,2117,1185,617,256"
14,2004,"1024,1778,2755,3878,5228,7039,9492,12691,16769,21915,29048,38644,51231,70092,105189,187777,424554,1042196,2379221,5083375,9861241,18254923,31551036,49006783,63386219,68440837,68222165,68608114,74710525,84878674,87616038,73687299,49617045,27685085,13544968,6026482,2755769,1168577,522943,275214,153941,80309,36406,15545,7566,4175,2347,1194,572,232"
14,2005,"1830,3035,4468,5869,7391,9144,11290,13895,17095,21140,26866,35347,48451,70233,113800,209959,445827,989401,2136758,4421004,8507431,15541341,27187188,43832308,61442447,70610292,71682723,71689333,76593339,86960387,89282732,75646072,50976951,28113692,13875304,6059949,2727468,1136543,509446,279463,169854,98076,45857,16430,5347,2375,1280,622,275,102"
14,2006,"2149,3447,4887,6116,7366,8811,10729,13357,16997,21809,28167,36067,46150,60608,87026,149882,327869,770979,1694455,3466132,6814820,13013834,23537419,39378514,56344010,69838507,75697896,76107531,79000657,88066073,91755413,77680535,53051620,29843666,14698285,6612122,3010386,1244321,534289,269322,143151,72584,33504,15452,8187,4506,2371,998,317,70"
14,2007,"956,1619,2451,3349,4409,5765,7600,9986,13025,16669,21275,26781,33503,42827,58935,92796,193425,494544,1221645,2704595,5578678,10761764,19551527,34023529,52430208,68652340,75914404,76043276,78523942,86829454,94218009,83439189,58816374,34081551,17259713,7889179,3686266,1605584,743932,402125,225977,119180,55602,24490,12662,7947,5067,2935,1478,573"
14,2008,"1006,1722,2628,3621,4799,6301,8329,10969,14285,18369,23807,31116,41667,58123,86041,133386,219590,415412,888066,1955142,4201054,8244018,15241377,27589457,46471470,65843410,78807712,84132977,85215403,91592969,96070687,84679431,59795924,34404568,17392866,7939947,3719989,1621885,747275,400833,228523,123052,57897,23831,9584,4129,1826,771,269,72"
14,2009,"1450,2322,3278,4080,4867,5747,6936,8687,11361,15335,22183,32746,47954,69715,100418,144918,229623,434885,917192,1938785,4015303,7992963,15513175,28692681,48110685,67568697,80147324,83567366,83355843,88915790,95009936,85577795,61150438,35406946,17328085,7867273,3675232,1636169,730450,356840,174742,79556,35036,15675,6768,2664,1091,423,143,45"
14,2010,"1568,2607,3846,5067,6372,7892,9731,12014,14975,18870,25063,34694,49374,71639,105342,158710,258568,481999,978632,1980327,3900543,7628417,14495463,26323272,45305023,66837803,79718045,84120051,88227161,93272000,96530890,84887620,60458166,34898339,17456626,7944089,3742002,1653370,746287,354966,162812,72731,35895,20846,12750,7706,4575,2407,1099,395"
14,2011,"1998,3371,5057,6798,8756,11044,13866,17264,21382,26584,33796,43976,58678,80435,112767,160659,241841,417089,826147,1748444,3654590,7236242,13390288,25046604,43443925,65098331,80874967,88285151,90500547,94191694,96562758,84478679,60293569,35124672,17379783,7854629,3675843,1613354,723997,353191,171557,76659,30605,13017,7437,4766,3070,1851,1021,443"
14,2012,"2191,3692,5527,7407,9506,11991,15072,18876,23557,29563,38049,49869,66452,89868,124520,176570,267568,463029,905103,1834886,3653348,7075716,13101834,24176788,42101878,64370428,81059052,90112566,93360509,95957286,97521763,84278947,59395050,34396545,17316648,7843210,3699141,1600051,706186,344957,167785,74630,30128,12479,5787,2968,1724,991,552,248"
14,2013,"1354,2273,3383,4505,5729,7175,9000,11411,14739,19322,27045,39095,56643,80903,113786,160566,236876,397001,770444,1574414,3214625,6436579,12244587,22992656,40254121,63279066,81721154,91865378,94901786,97598217,97871043,85742102,60300487,35146915,17699907,8020487,3738314,1652773,740490,365839,188146,91762,40031,16597,7239,3146,1422,601,246,94"
14,2014,"2431,4029,5923,7779,9840,12408,15764,20243,26129,34425,46844,64932,90653,125773,176533,254909,391906,646422,1116436,1963125,3564024,6646549,12015286,21748570,39021288,61224765,80877215,92310851,96259545,98653818,98283141,86000019,61984230,35940164,18184663,8345153,3804257,1594500,671282,337664,189480,98008,43137,18305,9597,5952,3766,2249,1181,475"
14,2015,"2276,3878,5872,7982,10355,13198,16744,21160,26592,33989,44745,60658,84373,118877,171190,252370,380929,608127,1051382,1910529,3578853,6778163,12426469,23204025,41242641,63918691,81367367,90399238,93235141,95378558,97616065,87963657,63467155,37035365,18359827,8251276,3777791,1657120,700749,352650,209976,121211,59268,24644,10538,5417,3117,1795,940,381"
14,2016,"3799,6238,9061,11684,14401,17430,21008,25378,30750,37754,47283,59677,75533,96218,125160,171259,255280,422875,761213,1436192,2907058,5977162,11938445,22928859,40752248,63224091,80880820,89678414,92123982,95434608,98357530,89502621,66207398,39082376,19596253,9133526,4156649,1820366,777169,391369,226234,127320,62174,25603,10222,4947,2579,1266,573,214"
14,2017,"3388,5546,8024,10304,12631,15222,18334,22221,27218,33902,43390,56326,73839,97591,130909,183301,278043,462627,812880,1448868,2755069,5523764,10713261,20309653,37603575,60273344,80994930,91408898,95099011,97686961,100211536,90785768,66811104,39758120,20438842,9420592,4292877,1903718,830468,416220,230369,119768,53470,20918,8462,3981,1926,900,356,112"
14,2018,"3566,5884,8588,11134,13763,16592,19767,23353,27422,32093,37990,45758,57010,74417,101182,145185,221732,371641,680102,1274289,2445155,4925258,9983226,19788402,35599064,58668283,80406586,92846046,95262207,98153193,101308775,92169379,68471978,41125570,21143070,9865834,4530786,1981846,833179,402265,220325,117049,55318,24340,11549,6147,3352,1828,923,372"
14,2019,"3557,5867,8563,11102,13725,16550,19726,23322,27407,32085,37916,45388,55920,71838,96296,139110,221173,388583,723699,1348800,2583183,5120838,9960960,18629266,33048873,55334108,78350578,92275380,96786855,100218781,103418952,94083139,70127586,42205891,21572773,10099184,4622537,2018338,844045,406539,224173,119595,57145,25538,12268,6553,3543,1891,926,363"
