country,year,coverage_type,bracket,HeadCount
NRU,2004,N,0,0.0
NRU,2004,N,1,0.0
NRU,2004,N,2,0.0
NRU,2004,N,3,0.0
NRU,2004,N,4,0.0
NRU,2004,N,5,0.0
NRU,2004,N,6,0.0
NRU,2004,N,7,0.0
NRU,2004,N,8,0.0
NRU,2004,N,9,0.0
NRU,2004,N,10,0.0
NRU,2004,N,11,0.0
NRU,2004,N,12,0.0
NRU,2004,N,13,0.0
NRU,2004,N,14,0.0
NRU,2004,N,15,0.0
NRU,2004,N,16,0.0
NRU,2004,N,17,0.0
NRU,2004,N,18,0.0
NRU,2004,N,19,0.0
NRU,2004,N,20,0.0
NRU,2004,N,21,0.0
NRU,2004,N,22,0.0
NRU,2004,N,23,0.0
NRU,2004,N,24,0.0
NRU,2004,N,25,0.0
NRU,2004,N,26,0.0
NRU,2004,N,27,0.0
NRU,2004,N,28,0.0
NRU,2004,N,29,0.0
NRU,2004,N,30,0.0
NRU,2004,N,31,0.0
NRU,2004,N,32,0.0
NRU,2004,N,33,0.0
NRU,2004,N,34,0.0
NRU,2004,N,35,0.0
NRU,2004,N,36,0.0
NRU,2004,N,37,0.0
NRU,2004,N,38,0.0
NRU,2004,N,39,0.0
NRU,2004,N,40,0.0
NRU,2004,N,41,0.0
NRU,2004,N,42,0.0
NRU,2004,N,43,0.0
NRU,2004,N,44,0.0
NRU,2004,N,45,0.0
NRU,2004,N,46,0.0
NRU,2004,N,47,0.0
NRU,2004,N,48,0.0
NRU,2004,N,49,0.0
NRU,2004,N,50,0.0
NRU,2004,N,51,0.0
NRU,2004,N,52,0.0
NRU,2004,N,53,0.0
NRU,2004,N,54,0.0
NRU,2004,N,55,0.0
NRU,2004,N,56,0.0
NRU,2004,N,57,0.0
NRU,2004,N,58,0.0
NRU,2004,N,59,0.0
NRU,2004,N,60,0.0
NRU,2004,N,61,0.0
NRU,2004,N,62,0.0
NRU,2004,N,63,0.0
NRU,2004,N,64,0.0
NRU,2004,N,65,0.0
NRU,2004,N,66,0.0
NRU,2004,N,67,0.0
NRU,2004,N,68,0.00478615
NRU,2004,N,69,0.0017812109999999996
NRU,2004,N,70,0.0
NRU,2004,N,71,0.004790339
NRU,2004,N,72,0.01126478
NRU,2004,N,73,0.017547720000000003
NRU,2004,N,74,0.024914939999999997
NRU,2004,N,75,0.00993128
NRU,2004,N,76,0.005658339999999998
NRU,2004,N,77,0.030379240000000002
NRU,2004,N,78,0.02139909999999999
NRU,2004,N,79,0.010891200000000018
NRU,2004,N,80,0.0334807
NRU,2004,N,81,0.0365683
NRU,2004,N,82,0.038398299999999996
NRU,2004,N,83,0.04001959999999999
NRU,2004,N,84,0.05292420000000003
NRU,2004,N,85,0.052076299999999964
NRU,2004,N,86,0.0403558
NRU,2004,N,87,0.052642500000000036
NRU,2004,N,88,0.0341031
NRU,2004,N,89,0.06118809999999997
NRU,2004,N,90,0.04146479999999997
NRU,2004,N,91,0.04120030000000008
NRU,2004,N,92,0.042478000000000016
NRU,2004,N,93,0.03910199999999997
NRU,2004,N,94,0.028057600000000016
NRU,2004,N,95,0.028600199999999965
NRU,2004,N,96,0.019704799999999967
NRU,2004,N,97,0.03947070000000008
NRU,2004,N,98,0.015734899999999996
NRU,2004,N,99,0.019556699999999982
NRU,2004,N,100,0.024398599999999937
NRU,2004,N,101,0.006479500000000082
NRU,2004,N,102,0.006447499999999939
NRU,2004,N,103,0.010914199999999985
NRU,2004,N,104,0.006375400000000031
NRU,2004,N,105,0.00501969999999996
NRU,2004,N,106,0.010244800000000054
NRU,2004,N,107,0.0047215999999999925
NRU,2004,N,108,0.002924399999999938
NRU,2004,N,109,0.0
NRU,2004,N,110,0.011812900000000015
NRU,2004,N,111,0.0
NRU,2004,N,112,0.003174800000000033
NRU,2004,N,113,0.0
NRU,2004,N,114,0.0
NRU,2004,N,115,0.0053018999999999705
NRU,2004,N,116,0.0
NRU,2004,N,117,0.0017135000000000344
NRU,2004,N,118,0.0
NRU,2004,N,119,0.0
NRU,2004,N,120,0.0
NRU,2004,N,121,0.0
NRU,2004,N,122,0.0
NRU,2004,N,123,0.0
NRU,2004,N,124,0.0
NRU,2004,N,125,0.0
NRU,2004,N,126,0.0
NRU,2004,N,127,0.0
NRU,2004,N,128,0.0
NRU,2004,N,129,0.0
NRU,2004,N,130,0.0
NRU,2004,N,131,0.0
NRU,2004,N,132,0.0
NRU,2004,N,133,0.0
NRU,2004,N,134,0.0
NRU,2004,N,135,0.0
NRU,2004,N,136,0.0
NRU,2004,N,137,0.0
NRU,2004,N,138,0.0
NRU,2004,N,139,0.0
NRU,2004,N,140,0.0
NRU,2004,N,141,0.0
NRU,2004,N,142,0.0
NRU,2004,N,143,0.0
NRU,2004,N,144,0.0
NRU,2004,N,145,0.0
NRU,2004,N,146,0.0
NRU,2004,N,147,0.0
NRU,2004,N,148,0.0
NRU,2004,N,149,0.0
NRU,2004,N,150,0.0
NRU,2004,N,151,0.0
NRU,2004,N,152,0.0
NRU,2004,N,153,0.0
NRU,2004,N,154,0.0
NRU,2004,N,155,0.0
NRU,2004,N,156,0.0
NRU,2004,N,157,0.0
NRU,2004,N,158,0.0
NRU,2004,N,159,0.0
NRU,2004,N,160,0.0
NRU,2004,N,161,0.0
NRU,2004,N,162,0.0
NRU,2004,N,163,0.0
NRU,2004,N,164,0.0
NRU,2004,N,165,0.0
NRU,2004,N,166,0.0
NRU,2004,N,167,0.0
NRU,2004,N,168,0.0
NRU,2004,N,169,0.0
NRU,2004,N,170,0.0
NRU,2004,N,171,0.0
NRU,2004,N,172,0.0
NRU,2004,N,173,0.0
NRU,2004,N,174,0.0
NRU,2004,N,175,0.0
NRU,2004,N,176,0.0
NRU,2004,N,177,0.0
NRU,2004,N,178,0.0
NRU,2004,N,179,0.0
NRU,2004,N,180,0.0
NRU,2004,N,181,0.0
NRU,2004,N,182,0.0
NRU,2004,N,183,0.0
NRU,2004,N,184,0.0
NRU,2004,N,185,0.0
NRU,2004,N,186,0.0
NRU,2004,N,187,0.0
NRU,2004,N,188,0.0
NRU,2004,N,189,0.0
NRU,2004,N,190,0.0
NRU,2004,N,191,0.0
NRU,2004,N,192,0.0
NRU,2004,N,193,0.0
NRU,2004,N,194,0.0
NRU,2004,N,195,0.0
NRU,2004,N,196,0.0
NRU,2004,N,197,0.0
NRU,2004,N,198,0.0
NRU,2005,N,0,0.0
NRU,2005,N,1,0.0
NRU,2005,N,2,0.0
NRU,2005,N,3,0.0
NRU,2005,N,4,0.0
NRU,2005,N,5,0.0
NRU,2005,N,6,0.0
NRU,2005,N,7,0.0
NRU,2005,N,8,0.0
NRU,2005,N,9,0.0
NRU,2005,N,10,0.0
NRU,2005,N,11,0.0
NRU,2005,N,12,0.0
NRU,2005,N,13,0.0
NRU,2005,N,14,0.0
NRU,2005,N,15,0.0
NRU,2005,N,16,0.0
NRU,2005,N,17,0.0
NRU,2005,N,18,0.0
NRU,2005,N,19,0.0
NRU,2005,N,20,0.0
NRU,2005,N,21,0.0
NRU,2005,N,22,0.0
NRU,2005,N,23,0.0
NRU,2005,N,24,0.0
NRU,2005,N,25,0.0
NRU,2005,N,26,0.0
NRU,2005,N,27,0.0
NRU,2005,N,28,0.0
NRU,2005,N,29,0.0
NRU,2005,N,30,0.0
NRU,2005,N,31,0.0
NRU,2005,N,32,0.0
NRU,2005,N,33,0.0
NRU,2005,N,34,0.0
NRU,2005,N,35,0.0
NRU,2005,N,36,0.0
NRU,2005,N,37,0.0
NRU,2005,N,38,0.0
NRU,2005,N,39,0.0
NRU,2005,N,40,0.0
NRU,2005,N,41,0.0
NRU,2005,N,42,0.0
NRU,2005,N,43,0.0
NRU,2005,N,44,0.0
NRU,2005,N,45,0.0
NRU,2005,N,46,0.0
NRU,2005,N,47,0.0
NRU,2005,N,48,0.0
NRU,2005,N,49,0.0
NRU,2005,N,50,0.0
NRU,2005,N,51,0.0
NRU,2005,N,52,0.0
NRU,2005,N,53,0.0
NRU,2005,N,54,0.0
NRU,2005,N,55,0.0
NRU,2005,N,56,0.0
NRU,2005,N,57,0.0
NRU,2005,N,58,0.0
NRU,2005,N,59,0.0
NRU,2005,N,60,0.0
NRU,2005,N,61,0.0
NRU,2005,N,62,0.0
NRU,2005,N,63,0.0
NRU,2005,N,64,0.0
NRU,2005,N,65,0.0
NRU,2005,N,66,0.0
NRU,2005,N,67,0.0
NRU,2005,N,68,0.002661546
NRU,2005,N,69,0.003905815
NRU,2005,N,70,0.0
NRU,2005,N,71,0.004790339
NRU,2005,N,72,0.01126478
NRU,2005,N,73,0.017547720000000003
NRU,2005,N,74,0.02256604999999999
NRU,2005,N,75,0.010374530000000007
NRU,2005,N,76,0.007563979999999998
NRU,2005,N,77,0.030379240000000002
NRU,2005,N,78,0.02139909999999999
NRU,2005,N,79,0.010891200000000018
NRU,2005,N,80,0.03145909999999999
NRU,2005,N,81,0.03414590000000001
NRU,2005,N,82,0.0428423
NRU,2005,N,83,0.03562169999999998
NRU,2005,N,84,0.05239250000000001
NRU,2005,N,85,0.05481839999999999
NRU,2005,N,86,0.042543300000000006
NRU,2005,N,87,0.047112299999999996
NRU,2005,N,88,0.037124700000000066
NRU,2005,N,89,0.055483099999999896
NRU,2005,N,90,0.042946200000000045
NRU,2005,N,91,0.04503250000000003
NRU,2005,N,92,0.0364061
NRU,2005,N,93,0.04607220000000001
NRU,2005,N,94,0.02821499999999999
NRU,2005,N,95,0.02815040000000002
NRU,2005,N,96,0.020039699999999994
NRU,2005,N,97,0.04142990000000002
NRU,2005,N,98,0.015734899999999996
NRU,2005,N,99,0.017438899999999924
NRU,2005,N,100,0.026516399999999996
NRU,2005,N,101,0.006479500000000082
NRU,2005,N,102,0.006447499999999939
NRU,2005,N,103,0.010914199999999985
NRU,2005,N,104,0.006375400000000031
NRU,2005,N,105,0.00501969999999996
NRU,2005,N,106,0.008545300000000089
NRU,2005,N,107,0.006421099999999957
NRU,2005,N,108,0.001511799999999952
NRU,2005,N,109,0.001412599999999986
NRU,2005,N,110,0.011812900000000015
NRU,2005,N,111,0.0
NRU,2005,N,112,0.003174800000000033
NRU,2005,N,113,0.0
NRU,2005,N,114,0.0
NRU,2005,N,115,0.0053018999999999705
NRU,2005,N,116,0.0
NRU,2005,N,117,0.0017135000000000344
NRU,2005,N,118,0.0
NRU,2005,N,119,0.0
NRU,2005,N,120,0.0
NRU,2005,N,121,0.0
NRU,2005,N,122,0.0
NRU,2005,N,123,0.0
NRU,2005,N,124,0.0
NRU,2005,N,125,0.0
NRU,2005,N,126,0.0
NRU,2005,N,127,0.0
NRU,2005,N,128,0.0
NRU,2005,N,129,0.0
NRU,2005,N,130,0.0
NRU,2005,N,131,0.0
NRU,2005,N,132,0.0
NRU,2005,N,133,0.0
NRU,2005,N,134,0.0
NRU,2005,N,135,0.0
NRU,2005,N,136,0.0
NRU,2005,N,137,0.0
NRU,2005,N,138,0.0
NRU,2005,N,139,0.0
NRU,2005,N,140,0.0
NRU,2005,N,141,0.0
NRU,2005,N,142,0.0
NRU,2005,N,143,0.0
NRU,2005,N,144,0.0
NRU,2005,N,145,0.0
NRU,2005,N,146,0.0
NRU,2005,N,147,0.0
NRU,2005,N,148,0.0
NRU,2005,N,149,0.0
NRU,2005,N,150,0.0
NRU,2005,N,151,0.0
NRU,2005,N,152,0.0
NRU,2005,N,153,0.0
NRU,2005,N,154,0.0
NRU,2005,N,155,0.0
NRU,2005,N,156,0.0
NRU,2005,N,157,0.0
NRU,2005,N,158,0.0
NRU,2005,N,159,0.0
NRU,2005,N,160,0.0
NRU,2005,N,161,0.0
NRU,2005,N,162,0.0
NRU,2005,N,163,0.0
NRU,2005,N,164,0.0
NRU,2005,N,165,0.0
NRU,2005,N,166,0.0
NRU,2005,N,167,0.0
NRU,2005,N,168,0.0
NRU,2005,N,169,0.0
NRU,2005,N,170,0.0
NRU,2005,N,171,0.0
NRU,2005,N,172,0.0
NRU,2005,N,173,0.0
NRU,2005,N,174,0.0
NRU,2005,N,175,0.0
NRU,2005,N,176,0.0
NRU,2005,N,177,0.0
NRU,2005,N,178,0.0
NRU,2005,N,179,0.0
NRU,2005,N,180,0.0
NRU,2005,N,181,0.0
NRU,2005,N,182,0.0
NRU,2005,N,183,0.0
NRU,2005,N,184,0.0
NRU,2005,N,185,0.0
NRU,2005,N,186,0.0
NRU,2005,N,187,0.0
NRU,2005,N,188,0.0
NRU,2005,N,189,0.0
NRU,2005,N,190,0.0
NRU,2005,N,191,0.0
NRU,2005,N,192,0.0
NRU,2005,N,193,0.0
NRU,2005,N,194,0.0
NRU,2005,N,195,0.0
NRU,2005,N,196,0.0
NRU,2005,N,197,0.0
NRU,2005,N,198,0.0
NRU,2006,N,0,0.0
NRU,2006,N,1,0.0
NRU,2006,N,2,0.0
NRU,2006,N,3,0.0
NRU,2006,N,4,0.0
NRU,2006,N,5,0.0
NRU,2006,N,6,0.0
NRU,2006,N,7,0.0
NRU,2006,N,8,0.0
NRU,2006,N,9,0.0
NRU,2006,N,10,0.0
NRU,2006,N,11,0.0
NRU,2006,N,12,0.0
NRU,2006,N,13,0.0
NRU,2006,N,14,0.0
NRU,2006,N,15,0.0
NRU,2006,N,16,0.0
NRU,2006,N,17,0.0
NRU,2006,N,18,0.0
NRU,2006,N,19,0.0
NRU,2006,N,20,0.0
NRU,2006,N,21,0.0
NRU,2006,N,22,0.0
NRU,2006,N,23,0.0
NRU,2006,N,24,0.0
NRU,2006,N,25,0.0
NRU,2006,N,26,0.0
NRU,2006,N,27,0.0
NRU,2006,N,28,0.0
NRU,2006,N,29,0.0
NRU,2006,N,30,0.0
NRU,2006,N,31,0.0
NRU,2006,N,32,0.0
NRU,2006,N,33,0.0
NRU,2006,N,34,0.0
NRU,2006,N,35,0.0
NRU,2006,N,36,0.0
NRU,2006,N,37,0.0
NRU,2006,N,38,0.0
NRU,2006,N,39,0.0
NRU,2006,N,40,0.0
NRU,2006,N,41,0.0
NRU,2006,N,42,0.0
NRU,2006,N,43,0.0
NRU,2006,N,44,0.0
NRU,2006,N,45,0.0
NRU,2006,N,46,0.0
NRU,2006,N,47,0.0
NRU,2006,N,48,0.0
NRU,2006,N,49,0.0
NRU,2006,N,50,0.0
NRU,2006,N,51,0.0
NRU,2006,N,52,0.0
NRU,2006,N,53,0.0
NRU,2006,N,54,0.0
NRU,2006,N,55,0.0
NRU,2006,N,56,0.0
NRU,2006,N,57,0.0
NRU,2006,N,58,0.0
NRU,2006,N,59,0.0
NRU,2006,N,60,0.0
NRU,2006,N,61,0.0
NRU,2006,N,62,0.0
NRU,2006,N,63,0.0
NRU,2006,N,64,0.0
NRU,2006,N,65,0.0
NRU,2006,N,66,0.0
NRU,2006,N,67,0.0
NRU,2006,N,68,0.0
NRU,2006,N,69,0.00478615
NRU,2006,N,70,0.0017812109999999996
NRU,2006,N,71,0.0
NRU,2006,N,72,0.007314769
NRU,2006,N,73,0.010669930000000001
NRU,2006,N,74,0.01740726
NRU,2006,N,75,0.028527900000000002
NRU,2006,N,76,0.004529199999999997
NRU,2006,N,77,0.005658339999999998
NRU,2006,N,78,0.030379240000000002
NRU,2006,N,79,0.02139909999999999
NRU,2006,N,80,0.012886100000000011
NRU,2006,N,81,0.036857
NRU,2006,N,82,0.031197100000000005
NRU,2006,N,83,0.038398299999999996
NRU,2006,N,84,0.04375810000000002
NRU,2006,N,85,0.051604099999999986
NRU,2006,N,86,0.05181979999999997
NRU,2006,N,87,0.0381939
NRU,2006,N,88,0.0545388
NRU,2006,N,89,0.032206800000000035
NRU,2006,N,90,0.06519180000000002
NRU,2006,N,91,0.037461099999999914
NRU,2006,N,92,0.04335180000000005
NRU,2006,N,93,0.04242259999999998
NRU,2006,N,94,0.037005900000000036
NRU,2006,N,95,0.028057600000000016
NRU,2006,N,96,0.028600199999999965
NRU,2006,N,97,0.02215529999999999
NRU,2006,N,98,0.03702020000000006
NRU,2006,N,99,0.015734899999999996
NRU,2006,N,100,0.019556699999999982
NRU,2006,N,101,0.024398599999999937
NRU,2006,N,102,0.006479500000000082
NRU,2006,N,103,0.006447499999999939
NRU,2006,N,104,0.010914199999999985
NRU,2006,N,105,0.006375400000000031
NRU,2006,N,106,0.00501969999999996
NRU,2006,N,107,0.010244800000000054
NRU,2006,N,108,0.0047215999999999925
NRU,2006,N,109,0.002924399999999938
NRU,2006,N,110,0.0030986000000000624
NRU,2006,N,111,0.008714299999999953
NRU,2006,N,112,0.0
NRU,2006,N,113,0.003174800000000033
NRU,2006,N,114,0.0
NRU,2006,N,115,0.0
NRU,2006,N,116,0.0053018999999999705
NRU,2006,N,117,0.0
NRU,2006,N,118,0.0017135000000000344
NRU,2006,N,119,0.0
NRU,2006,N,120,0.0
NRU,2006,N,121,0.0
NRU,2006,N,122,0.0
NRU,2006,N,123,0.0
NRU,2006,N,124,0.0
NRU,2006,N,125,0.0
NRU,2006,N,126,0.0
NRU,2006,N,127,0.0
NRU,2006,N,128,0.0
NRU,2006,N,129,0.0
NRU,2006,N,130,0.0
NRU,2006,N,131,0.0
NRU,2006,N,132,0.0
NRU,2006,N,133,0.0
NRU,2006,N,134,0.0
NRU,2006,N,135,0.0
NRU,2006,N,136,0.0
NRU,2006,N,137,0.0
NRU,2006,N,138,0.0
NRU,2006,N,139,0.0
NRU,2006,N,140,0.0
NRU,2006,N,141,0.0
NRU,2006,N,142,0.0
NRU,2006,N,143,0.0
NRU,2006,N,144,0.0
NRU,2006,N,145,0.0
NRU,2006,N,146,0.0
NRU,2006,N,147,0.0
NRU,2006,N,148,0.0
NRU,2006,N,149,0.0
NRU,2006,N,150,0.0
NRU,2006,N,151,0.0
NRU,2006,N,152,0.0
NRU,2006,N,153,0.0
NRU,2006,N,154,0.0
NRU,2006,N,155,0.0
NRU,2006,N,156,0.0
NRU,2006,N,157,0.0
NRU,2006,N,158,0.0
NRU,2006,N,159,0.0
NRU,2006,N,160,0.0
NRU,2006,N,161,0.0
NRU,2006,N,162,0.0
NRU,2006,N,163,0.0
NRU,2006,N,164,0.0
NRU,2006,N,165,0.0
NRU,2006,N,166,0.0
NRU,2006,N,167,0.0
NRU,2006,N,168,0.0
NRU,2006,N,169,0.0
NRU,2006,N,170,0.0
NRU,2006,N,171,0.0
NRU,2006,N,172,0.0
NRU,2006,N,173,0.0
NRU,2006,N,174,0.0
NRU,2006,N,175,0.0
NRU,2006,N,176,0.0
NRU,2006,N,177,0.0
NRU,2006,N,178,0.0
NRU,2006,N,179,0.0
NRU,2006,N,180,0.0
NRU,2006,N,181,0.0
NRU,2006,N,182,0.0
NRU,2006,N,183,0.0
NRU,2006,N,184,0.0
NRU,2006,N,185,0.0
NRU,2006,N,186,0.0
NRU,2006,N,187,0.0
NRU,2006,N,188,0.0
NRU,2006,N,189,0.0
NRU,2006,N,190,0.0
NRU,2006,N,191,0.0
NRU,2006,N,192,0.0
NRU,2006,N,193,0.0
NRU,2006,N,194,0.0
NRU,2006,N,195,0.0
NRU,2006,N,196,0.0
NRU,2006,N,197,0.0
NRU,2006,N,198,0.0
NRU,2007,N,0,0.0
NRU,2007,N,1,0.0
NRU,2007,N,2,0.0
NRU,2007,N,3,0.0
NRU,2007,N,4,0.0
NRU,2007,N,5,0.0
NRU,2007,N,6,0.0
NRU,2007,N,7,0.0
NRU,2007,N,8,0.0
NRU,2007,N,9,0.0
NRU,2007,N,10,0.0
NRU,2007,N,11,0.0
NRU,2007,N,12,0.0
NRU,2007,N,13,0.0
NRU,2007,N,14,0.0
NRU,2007,N,15,0.0
NRU,2007,N,16,0.0
NRU,2007,N,17,0.0
NRU,2007,N,18,0.0
NRU,2007,N,19,0.0
NRU,2007,N,20,0.0
NRU,2007,N,21,0.0
NRU,2007,N,22,0.0
NRU,2007,N,23,0.0
NRU,2007,N,24,0.0
NRU,2007,N,25,0.0
NRU,2007,N,26,0.0
NRU,2007,N,27,0.0
NRU,2007,N,28,0.0
NRU,2007,N,29,0.0
NRU,2007,N,30,0.0
NRU,2007,N,31,0.0
NRU,2007,N,32,0.0
NRU,2007,N,33,0.0
NRU,2007,N,34,0.0
NRU,2007,N,35,0.0
NRU,2007,N,36,0.0
NRU,2007,N,37,0.0
NRU,2007,N,38,0.0
NRU,2007,N,39,0.0
NRU,2007,N,40,0.0
NRU,2007,N,41,0.0
NRU,2007,N,42,0.0
NRU,2007,N,43,0.0
NRU,2007,N,44,0.0
NRU,2007,N,45,0.0
NRU,2007,N,46,0.0
NRU,2007,N,47,0.0
NRU,2007,N,48,0.0
NRU,2007,N,49,0.0
NRU,2007,N,50,0.0
NRU,2007,N,51,0.0
NRU,2007,N,52,0.0
NRU,2007,N,53,0.0
NRU,2007,N,54,0.0
NRU,2007,N,55,0.0
NRU,2007,N,56,0.0
NRU,2007,N,57,0.0
NRU,2007,N,58,0.0
NRU,2007,N,59,0.0
NRU,2007,N,60,0.0
NRU,2007,N,61,0.0
NRU,2007,N,62,0.0
NRU,2007,N,63,0.0
NRU,2007,N,64,0.0
NRU,2007,N,65,0.002661546
NRU,2007,N,66,0.003905815
NRU,2007,N,67,0.0
NRU,2007,N,68,0.004790339
NRU,2007,N,69,0.008995330000000001
NRU,2007,N,70,0.015718209999999996
NRU,2007,N,71,0.026665009999999996
NRU,2007,N,72,0.010374530000000007
NRU,2007,N,73,0.007563979999999998
NRU,2007,N,74,0.02336924
NRU,2007,N,75,0.024297299999999994
NRU,2007,N,76,0.015003000000000016
NRU,2007,N,77,0.025417899999999993
NRU,2007,N,78,0.03750909999999999
NRU,2007,N,79,0.036605200000000004
NRU,2007,N,80,0.03579300000000002
NRU,2007,N,81,0.05661339999999998
NRU,2007,N,82,0.055631299999999995
NRU,2007,N,83,0.04413490000000003
NRU,2007,N,84,0.044738399999999956
NRU,2007,N,85,0.03943469999999999
NRU,2007,N,86,0.05240370000000005
NRU,2007,N,87,0.045890499999999945
NRU,2007,N,88,0.03646690000000008
NRU,2007,N,89,0.03897879999999998
NRU,2007,N,90,0.04894350000000003
NRU,2007,N,91,0.027862299999999895
NRU,2007,N,92,0.033942100000000086
NRU,2007,N,93,0.01779659999999994
NRU,2007,N,94,0.0338889
NRU,2007,N,95,0.023647300000000038
NRU,2007,N,96,0.013435100000000033
NRU,2007,N,97,0.03239189999999992
NRU,2007,N,98,0.006479500000000082
NRU,2007,N,99,0.006447499999999939
NRU,2007,N,100,0.010914199999999985
NRU,2007,N,101,0.006375400000000031
NRU,2007,N,102,0.002175299999999991
NRU,2007,N,103,0.008208800000000016
NRU,2007,N,104,0.009602
NRU,2007,N,105,0.001511799999999952
NRU,2007,N,106,0.001412599999999986
NRU,2007,N,107,0.011812900000000015
NRU,2007,N,108,0.0
NRU,2007,N,109,0.003174800000000033
NRU,2007,N,110,0.0
NRU,2007,N,111,0.0
NRU,2007,N,112,0.0053018999999999705
NRU,2007,N,113,0.0
NRU,2007,N,114,0.0017135000000000344
NRU,2007,N,115,0.0
NRU,2007,N,116,0.0
NRU,2007,N,117,0.0
NRU,2007,N,118,0.0
NRU,2007,N,119,0.0
NRU,2007,N,120,0.0
NRU,2007,N,121,0.0
NRU,2007,N,122,0.0
NRU,2007,N,123,0.0
NRU,2007,N,124,0.0
NRU,2007,N,125,0.0
NRU,2007,N,126,0.0
NRU,2007,N,127,0.0
NRU,2007,N,128,0.0
NRU,2007,N,129,0.0
NRU,2007,N,130,0.0
NRU,2007,N,131,0.0
NRU,2007,N,132,0.0
NRU,2007,N,133,0.0
NRU,2007,N,134,0.0
NRU,2007,N,135,0.0
NRU,2007,N,136,0.0
NRU,2007,N,137,0.0
NRU,2007,N,138,0.0
NRU,2007,N,139,0.0
NRU,2007,N,140,0.0
NRU,2007,N,141,0.0
NRU,2007,N,142,0.0
NRU,2007,N,143,0.0
NRU,2007,N,144,0.0
NRU,2007,N,145,0.0
NRU,2007,N,146,0.0
NRU,2007,N,147,0.0
NRU,2007,N,148,0.0
NRU,2007,N,149,0.0
NRU,2007,N,150,0.0
NRU,2007,N,151,0.0
NRU,2007,N,152,0.0
NRU,2007,N,153,0.0
NRU,2007,N,154,0.0
NRU,2007,N,155,0.0
NRU,2007,N,156,0.0
NRU,2007,N,157,0.0
NRU,2007,N,158,0.0
NRU,2007,N,159,0.0
NRU,2007,N,160,0.0
NRU,2007,N,161,0.0
NRU,2007,N,162,0.0
NRU,2007,N,163,0.0
NRU,2007,N,164,0.0
NRU,2007,N,165,0.0
NRU,2007,N,166,0.0
NRU,2007,N,167,0.0
NRU,2007,N,168,0.0
NRU,2007,N,169,0.0
NRU,2007,N,170,0.0
NRU,2007,N,171,0.0
NRU,2007,N,172,0.0
NRU,2007,N,173,0.0
NRU,2007,N,174,0.0
NRU,2007,N,175,0.0
NRU,2007,N,176,0.0
NRU,2007,N,177,0.0
NRU,2007,N,178,0.0
NRU,2007,N,179,0.0
NRU,2007,N,180,0.0
NRU,2007,N,181,0.0
NRU,2007,N,182,0.0
NRU,2007,N,183,0.0
NRU,2007,N,184,0.0
NRU,2007,N,185,0.0
NRU,2007,N,186,0.0
NRU,2007,N,187,0.0
NRU,2007,N,188,0.0
NRU,2007,N,189,0.0
NRU,2007,N,190,0.0
NRU,2007,N,191,0.0
NRU,2007,N,192,0.0
NRU,2007,N,193,0.0
NRU,2007,N,194,0.0
NRU,2007,N,195,0.0
NRU,2007,N,196,0.0
NRU,2007,N,197,0.0
NRU,2007,N,198,0.0
NRU,2008,N,0,0.0
NRU,2008,N,1,0.0
NRU,2008,N,2,0.0
NRU,2008,N,3,0.0
NRU,2008,N,4,0.0
NRU,2008,N,5,0.0
NRU,2008,N,6,0.0
NRU,2008,N,7,0.0
NRU,2008,N,8,0.0
NRU,2008,N,9,0.0
NRU,2008,N,10,0.0
NRU,2008,N,11,0.0
NRU,2008,N,12,0.0
NRU,2008,N,13,0.0
NRU,2008,N,14,0.0
NRU,2008,N,15,0.0
NRU,2008,N,16,0.0
NRU,2008,N,17,0.0
NRU,2008,N,18,0.0
NRU,2008,N,19,0.0
NRU,2008,N,20,0.0
NRU,2008,N,21,0.0
NRU,2008,N,22,0.0
NRU,2008,N,23,0.0
NRU,2008,N,24,0.0
NRU,2008,N,25,0.0
NRU,2008,N,26,0.0
NRU,2008,N,27,0.0
NRU,2008,N,28,0.0
NRU,2008,N,29,0.0
NRU,2008,N,30,0.0
NRU,2008,N,31,0.0
NRU,2008,N,32,0.0
NRU,2008,N,33,0.0
NRU,2008,N,34,0.0
NRU,2008,N,35,0.0
NRU,2008,N,36,0.0
NRU,2008,N,37,0.0
NRU,2008,N,38,0.0
NRU,2008,N,39,0.0
NRU,2008,N,40,0.0
NRU,2008,N,41,0.0
NRU,2008,N,42,0.0
NRU,2008,N,43,0.0
NRU,2008,N,44,0.0
NRU,2008,N,45,0.0
NRU,2008,N,46,0.0
NRU,2008,N,47,0.0
NRU,2008,N,48,0.0
NRU,2008,N,49,0.0
NRU,2008,N,50,0.0
NRU,2008,N,51,0.0
NRU,2008,N,52,0.0
NRU,2008,N,53,0.0
NRU,2008,N,54,0.0
NRU,2008,N,55,0.0
NRU,2008,N,56,0.0
NRU,2008,N,57,0.0
NRU,2008,N,58,0.0
NRU,2008,N,59,0.0
NRU,2008,N,60,0.0
NRU,2008,N,61,0.0
NRU,2008,N,62,0.0
NRU,2008,N,63,0.0
NRU,2008,N,64,0.0
NRU,2008,N,65,0.0
NRU,2008,N,66,0.0
NRU,2008,N,67,0.0
NRU,2008,N,68,0.00478615
NRU,2008,N,69,0.0017812109999999996
NRU,2008,N,70,0.0
NRU,2008,N,71,0.004790339
NRU,2008,N,72,0.01126478
NRU,2008,N,73,0.017547720000000003
NRU,2008,N,74,0.024914939999999997
NRU,2008,N,75,0.00993128
NRU,2008,N,76,0.005658339999999998
NRU,2008,N,77,0.030379240000000002
NRU,2008,N,78,0.02139909999999999
NRU,2008,N,79,0.010891200000000018
NRU,2008,N,80,0.0334807
NRU,2008,N,81,0.033916399999999985
NRU,2008,N,82,0.04105020000000001
NRU,2008,N,83,0.038030200000000014
NRU,2008,N,84,0.05491360000000001
NRU,2008,N,85,0.052076299999999964
NRU,2008,N,86,0.0403558
NRU,2008,N,87,0.052642500000000036
NRU,2008,N,88,0.0341031
NRU,2008,N,89,0.05886420000000003
NRU,2008,N,90,0.0437886999999999
NRU,2008,N,91,0.04120030000000008
NRU,2008,N,92,0.03984460000000001
NRU,2008,N,93,0.04173539999999998
NRU,2008,N,94,0.028057600000000016
NRU,2008,N,95,0.028600199999999965
NRU,2008,N,96,0.019704799999999967
NRU,2008,N,97,0.03947070000000008
NRU,2008,N,98,0.015734899999999996
NRU,2008,N,99,0.019556699999999982
NRU,2008,N,100,0.024398599999999937
NRU,2008,N,101,0.006479500000000082
NRU,2008,N,102,0.006447499999999939
NRU,2008,N,103,0.010914199999999985
NRU,2008,N,104,0.006375400000000031
NRU,2008,N,105,0.00501969999999996
NRU,2008,N,106,0.010244800000000054
NRU,2008,N,107,0.0047215999999999925
NRU,2008,N,108,0.002924399999999938
NRU,2008,N,109,0.0
NRU,2008,N,110,0.011812900000000015
NRU,2008,N,111,0.0
NRU,2008,N,112,0.003174800000000033
NRU,2008,N,113,0.0
NRU,2008,N,114,0.0
NRU,2008,N,115,0.0053018999999999705
NRU,2008,N,116,0.0
NRU,2008,N,117,0.0017135000000000344
NRU,2008,N,118,0.0
NRU,2008,N,119,0.0
NRU,2008,N,120,0.0
NRU,2008,N,121,0.0
NRU,2008,N,122,0.0
NRU,2008,N,123,0.0
NRU,2008,N,124,0.0
NRU,2008,N,125,0.0
NRU,2008,N,126,0.0
NRU,2008,N,127,0.0
NRU,2008,N,128,0.0
NRU,2008,N,129,0.0
NRU,2008,N,130,0.0
NRU,2008,N,131,0.0
NRU,2008,N,132,0.0
NRU,2008,N,133,0.0
NRU,2008,N,134,0.0
NRU,2008,N,135,0.0
NRU,2008,N,136,0.0
NRU,2008,N,137,0.0
NRU,2008,N,138,0.0
NRU,2008,N,139,0.0
NRU,2008,N,140,0.0
NRU,2008,N,141,0.0
NRU,2008,N,142,0.0
NRU,2008,N,143,0.0
NRU,2008,N,144,0.0
NRU,2008,N,145,0.0
NRU,2008,N,146,0.0
NRU,2008,N,147,0.0
NRU,2008,N,148,0.0
NRU,2008,N,149,0.0
NRU,2008,N,150,0.0
NRU,2008,N,151,0.0
NRU,2008,N,152,0.0
NRU,2008,N,153,0.0
NRU,2008,N,154,0.0
NRU,2008,N,155,0.0
NRU,2008,N,156,0.0
NRU,2008,N,157,0.0
NRU,2008,N,158,0.0
NRU,2008,N,159,0.0
NRU,2008,N,160,0.0
NRU,2008,N,161,0.0
NRU,2008,N,162,0.0
NRU,2008,N,163,0.0
NRU,2008,N,164,0.0
NRU,2008,N,165,0.0
NRU,2008,N,166,0.0
NRU,2008,N,167,0.0
NRU,2008,N,168,0.0
NRU,2008,N,169,0.0
NRU,2008,N,170,0.0
NRU,2008,N,171,0.0
NRU,2008,N,172,0.0
NRU,2008,N,173,0.0
NRU,2008,N,174,0.0
NRU,2008,N,175,0.0
NRU,2008,N,176,0.0
NRU,2008,N,177,0.0
NRU,2008,N,178,0.0
NRU,2008,N,179,0.0
NRU,2008,N,180,0.0
NRU,2008,N,181,0.0
NRU,2008,N,182,0.0
NRU,2008,N,183,0.0
NRU,2008,N,184,0.0
NRU,2008,N,185,0.0
NRU,2008,N,186,0.0
NRU,2008,N,187,0.0
NRU,2008,N,188,0.0
NRU,2008,N,189,0.0
NRU,2008,N,190,0.0
NRU,2008,N,191,0.0
NRU,2008,N,192,0.0
NRU,2008,N,193,0.0
NRU,2008,N,194,0.0
NRU,2008,N,195,0.0
NRU,2008,N,196,0.0
NRU,2008,N,197,0.0
NRU,2008,N,198,0.0
NRU,2009,N,0,0.0
NRU,2009,N,1,0.0
NRU,2009,N,2,0.0
NRU,2009,N,3,0.0
NRU,2009,N,4,0.0
NRU,2009,N,5,0.0
NRU,2009,N,6,0.0
NRU,2009,N,7,0.0
NRU,2009,N,8,0.0
NRU,2009,N,9,0.0
NRU,2009,N,10,0.0
NRU,2009,N,11,0.0
NRU,2009,N,12,0.0
NRU,2009,N,13,0.0
NRU,2009,N,14,0.0
NRU,2009,N,15,0.0
NRU,2009,N,16,0.0
NRU,2009,N,17,0.0
NRU,2009,N,18,0.0
NRU,2009,N,19,0.0
NRU,2009,N,20,0.0
NRU,2009,N,21,0.0
NRU,2009,N,22,0.0
NRU,2009,N,23,0.0
NRU,2009,N,24,0.0
NRU,2009,N,25,0.0
NRU,2009,N,26,0.0
NRU,2009,N,27,0.0
NRU,2009,N,28,0.0
NRU,2009,N,29,0.0
NRU,2009,N,30,0.0
NRU,2009,N,31,0.0
NRU,2009,N,32,0.0
NRU,2009,N,33,0.0
NRU,2009,N,34,0.0
NRU,2009,N,35,0.0
NRU,2009,N,36,0.0
NRU,2009,N,37,0.0
NRU,2009,N,38,0.0
NRU,2009,N,39,0.0
NRU,2009,N,40,0.0
NRU,2009,N,41,0.0
NRU,2009,N,42,0.0
NRU,2009,N,43,0.0
NRU,2009,N,44,0.0
NRU,2009,N,45,0.0
NRU,2009,N,46,0.0
NRU,2009,N,47,0.0
NRU,2009,N,48,0.0
NRU,2009,N,49,0.0
NRU,2009,N,50,0.0
NRU,2009,N,51,0.0
NRU,2009,N,52,0.0
NRU,2009,N,53,0.0
NRU,2009,N,54,0.0
NRU,2009,N,55,0.0
NRU,2009,N,56,0.0
NRU,2009,N,57,0.0
NRU,2009,N,58,0.0
NRU,2009,N,59,0.0
NRU,2009,N,60,0.0
NRU,2009,N,61,0.0
NRU,2009,N,62,0.0
NRU,2009,N,63,0.0
NRU,2009,N,64,0.0
NRU,2009,N,65,0.0
NRU,2009,N,66,0.0
NRU,2009,N,67,0.0
NRU,2009,N,68,0.0
NRU,2009,N,69,0.002661546
NRU,2009,N,70,0.003905815
NRU,2009,N,71,0.0
NRU,2009,N,72,0.004790339
NRU,2009,N,73,0.008995330000000001
NRU,2009,N,74,0.015718209999999996
NRU,2009,N,75,0.026665009999999996
NRU,2009,N,76,0.010374530000000007
NRU,2009,N,77,0.007563979999999998
NRU,2009,N,78,0.02336924
NRU,2009,N,79,0.024297299999999994
NRU,2009,N,80,0.015003000000000016
NRU,2009,N,81,0.025417899999999993
NRU,2009,N,82,0.03750909999999999
NRU,2009,N,83,0.036605200000000004
NRU,2009,N,84,0.03790349999999998
NRU,2009,N,85,0.05450290000000002
NRU,2009,N,86,0.055631299999999995
NRU,2009,N,87,0.04413490000000003
NRU,2009,N,88,0.044738399999999956
NRU,2009,N,89,0.03943469999999999
NRU,2009,N,90,0.05240370000000005
NRU,2009,N,91,0.045890499999999945
NRU,2009,N,92,0.03878270000000006
NRU,2009,N,93,0.03850489999999995
NRU,2009,N,94,0.04710160000000008
NRU,2009,N,95,0.027862299999999895
NRU,2009,N,96,0.033942100000000086
NRU,2009,N,97,0.01779659999999994
NRU,2009,N,98,0.0338889
NRU,2009,N,99,0.023647300000000038
NRU,2009,N,100,0.013435100000000033
NRU,2009,N,101,0.03239189999999992
NRU,2009,N,102,0.006479500000000082
NRU,2009,N,103,0.006447499999999939
NRU,2009,N,104,0.010914199999999985
NRU,2009,N,105,0.006375400000000031
NRU,2009,N,106,0.002175299999999991
NRU,2009,N,107,0.008208800000000016
NRU,2009,N,108,0.009602
NRU,2009,N,109,0.001511799999999952
NRU,2009,N,110,0.001412599999999986
NRU,2009,N,111,0.011812900000000015
NRU,2009,N,112,0.0
NRU,2009,N,113,0.003174800000000033
NRU,2009,N,114,0.0
NRU,2009,N,115,0.0
NRU,2009,N,116,0.0053018999999999705
NRU,2009,N,117,0.0
NRU,2009,N,118,0.0017135000000000344
NRU,2009,N,119,0.0
NRU,2009,N,120,0.0
NRU,2009,N,121,0.0
NRU,2009,N,122,0.0
NRU,2009,N,123,0.0
NRU,2009,N,124,0.0
NRU,2009,N,125,0.0
NRU,2009,N,126,0.0
NRU,2009,N,127,0.0
NRU,2009,N,128,0.0
NRU,2009,N,129,0.0
NRU,2009,N,130,0.0
NRU,2009,N,131,0.0
NRU,2009,N,132,0.0
NRU,2009,N,133,0.0
NRU,2009,N,134,0.0
NRU,2009,N,135,0.0
NRU,2009,N,136,0.0
NRU,2009,N,137,0.0
NRU,2009,N,138,0.0
NRU,2009,N,139,0.0
NRU,2009,N,140,0.0
NRU,2009,N,141,0.0
NRU,2009,N,142,0.0
NRU,2009,N,143,0.0
NRU,2009,N,144,0.0
NRU,2009,N,145,0.0
NRU,2009,N,146,0.0
NRU,2009,N,147,0.0
NRU,2009,N,148,0.0
NRU,2009,N,149,0.0
NRU,2009,N,150,0.0
NRU,2009,N,151,0.0
NRU,2009,N,152,0.0
NRU,2009,N,153,0.0
NRU,2009,N,154,0.0
NRU,2009,N,155,0.0
NRU,2009,N,156,0.0
NRU,2009,N,157,0.0
NRU,2009,N,158,0.0
NRU,2009,N,159,0.0
NRU,2009,N,160,0.0
NRU,2009,N,161,0.0
NRU,2009,N,162,0.0
NRU,2009,N,163,0.0
NRU,2009,N,164,0.0
NRU,2009,N,165,0.0
NRU,2009,N,166,0.0
NRU,2009,N,167,0.0
NRU,2009,N,168,0.0
NRU,2009,N,169,0.0
NRU,2009,N,170,0.0
NRU,2009,N,171,0.0
NRU,2009,N,172,0.0
NRU,2009,N,173,0.0
NRU,2009,N,174,0.0
NRU,2009,N,175,0.0
NRU,2009,N,176,0.0
NRU,2009,N,177,0.0
NRU,2009,N,178,0.0
NRU,2009,N,179,0.0
NRU,2009,N,180,0.0
NRU,2009,N,181,0.0
NRU,2009,N,182,0.0
NRU,2009,N,183,0.0
NRU,2009,N,184,0.0
NRU,2009,N,185,0.0
NRU,2009,N,186,0.0
NRU,2009,N,187,0.0
NRU,2009,N,188,0.0
NRU,2009,N,189,0.0
NRU,2009,N,190,0.0
NRU,2009,N,191,0.0
NRU,2009,N,192,0.0
NRU,2009,N,193,0.0
NRU,2009,N,194,0.0
NRU,2009,N,195,0.0
NRU,2009,N,196,0.0
NRU,2009,N,197,0.0
NRU,2009,N,198,0.0
NRU,2010,N,0,0.0
NRU,2010,N,1,0.0
NRU,2010,N,2,0.0
NRU,2010,N,3,0.0
NRU,2010,N,4,0.0
NRU,2010,N,5,0.0
NRU,2010,N,6,0.0
NRU,2010,N,7,0.0
NRU,2010,N,8,0.0
NRU,2010,N,9,0.0
NRU,2010,N,10,0.0
NRU,2010,N,11,0.0
NRU,2010,N,12,0.0
NRU,2010,N,13,0.0
NRU,2010,N,14,0.0
NRU,2010,N,15,0.0
NRU,2010,N,16,0.0
NRU,2010,N,17,0.0
NRU,2010,N,18,0.0
NRU,2010,N,19,0.0
NRU,2010,N,20,0.0
NRU,2010,N,21,0.0
NRU,2010,N,22,0.0
NRU,2010,N,23,0.0
NRU,2010,N,24,0.0
NRU,2010,N,25,0.0
NRU,2010,N,26,0.0
NRU,2010,N,27,0.0
NRU,2010,N,28,0.0
NRU,2010,N,29,0.0
NRU,2010,N,30,0.0
NRU,2010,N,31,0.0
NRU,2010,N,32,0.0
NRU,2010,N,33,0.0
NRU,2010,N,34,0.0
NRU,2010,N,35,0.0
NRU,2010,N,36,0.0
NRU,2010,N,37,0.0
NRU,2010,N,38,0.0
NRU,2010,N,39,0.0
NRU,2010,N,40,0.0
NRU,2010,N,41,0.0
NRU,2010,N,42,0.0
NRU,2010,N,43,0.0
NRU,2010,N,44,0.0
NRU,2010,N,45,0.0
NRU,2010,N,46,0.0
NRU,2010,N,47,0.0
NRU,2010,N,48,0.0
NRU,2010,N,49,0.0
NRU,2010,N,50,0.0
NRU,2010,N,51,0.0
NRU,2010,N,52,0.0
NRU,2010,N,53,0.0
NRU,2010,N,54,0.0
NRU,2010,N,55,0.0
NRU,2010,N,56,0.0
NRU,2010,N,57,0.0
NRU,2010,N,58,0.0
NRU,2010,N,59,0.0
NRU,2010,N,60,0.0
NRU,2010,N,61,0.0
NRU,2010,N,62,0.0
NRU,2010,N,63,0.0
NRU,2010,N,64,0.0
NRU,2010,N,65,0.0
NRU,2010,N,66,0.0
NRU,2010,N,67,0.0
NRU,2010,N,68,0.0
NRU,2010,N,69,0.0
NRU,2010,N,70,0.0
NRU,2010,N,71,0.006567361
NRU,2010,N,72,0.0
NRU,2010,N,73,0.0023515279999999994
NRU,2010,N,74,0.0073275710000000015
NRU,2010,N,75,0.01245075
NRU,2010,N,76,0.021457369999999996
NRU,2010,N,77,0.020332640000000006
NRU,2010,N,78,0.006409429999999994
NRU,2010,N,79,0.017053819999999997
NRU,2010,N,80,0.023993030000000012
NRU,2010,N,81,0.019381399999999993
NRU,2010,N,82,0.015096599999999988
NRU,2010,N,83,0.03615300000000002
NRU,2010,N,84,0.03825979999999998
NRU,2010,N,85,0.035882000000000025
NRU,2010,N,86,0.042429400000000006
NRU,2010,N,87,0.061016899999999985
NRU,2010,N,88,0.051433300000000015
NRU,2010,N,89,0.03670859999999998
NRU,2010,N,90,0.04730880000000004
NRU,2010,N,91,0.04281479999999993
NRU,2010,N,92,0.061978599999999995
NRU,2010,N,93,0.03186830000000007
NRU,2010,N,94,0.03358759999999994
NRU,2010,N,95,0.04831640000000004
NRU,2010,N,96,0.04198139999999995
NRU,2010,N,97,0.026997200000000054
NRU,2010,N,98,0.025196200000000002
NRU,2010,N,99,0.021997999999999962
NRU,2010,N,100,0.03672430000000004
NRU,2010,N,101,0.013758099999999995
NRU,2010,N,102,0.024656800000000034
NRU,2010,N,103,0.015636299999999936
NRU,2010,N,104,0.008529499999999968
NRU,2010,N,105,0.00809940000000009
NRU,2010,N,106,0.006767399999999979
NRU,2010,N,107,0.004562799999999978
NRU,2010,N,108,0.006912000000000029
NRU,2010,N,109,0.013074099999999977
NRU,2010,N,110,0.0
NRU,2010,N,111,0.002924399999999938
NRU,2010,N,112,0.011812900000000015
NRU,2010,N,113,0.0
NRU,2010,N,114,0.003174800000000033
NRU,2010,N,115,0.0
NRU,2010,N,116,0.0
NRU,2010,N,117,0.0033279999999999976
NRU,2010,N,118,0.001973899999999973
NRU,2010,N,119,0.0
NRU,2010,N,120,0.0017135000000000344
NRU,2010,N,121,0.0
NRU,2010,N,122,0.0
NRU,2010,N,123,0.0
NRU,2010,N,124,0.0
NRU,2010,N,125,0.0
NRU,2010,N,126,0.0
NRU,2010,N,127,0.0
NRU,2010,N,128,0.0
NRU,2010,N,129,0.0
NRU,2010,N,130,0.0
NRU,2010,N,131,0.0
NRU,2010,N,132,0.0
NRU,2010,N,133,0.0
NRU,2010,N,134,0.0
NRU,2010,N,135,0.0
NRU,2010,N,136,0.0
NRU,2010,N,137,0.0
NRU,2010,N,138,0.0
NRU,2010,N,139,0.0
NRU,2010,N,140,0.0
NRU,2010,N,141,0.0
NRU,2010,N,142,0.0
NRU,2010,N,143,0.0
NRU,2010,N,144,0.0
NRU,2010,N,145,0.0
NRU,2010,N,146,0.0
NRU,2010,N,147,0.0
NRU,2010,N,148,0.0
NRU,2010,N,149,0.0
NRU,2010,N,150,0.0
NRU,2010,N,151,0.0
NRU,2010,N,152,0.0
NRU,2010,N,153,0.0
NRU,2010,N,154,0.0
NRU,2010,N,155,0.0
NRU,2010,N,156,0.0
NRU,2010,N,157,0.0
NRU,2010,N,158,0.0
NRU,2010,N,159,0.0
NRU,2010,N,160,0.0
NRU,2010,N,161,0.0
NRU,2010,N,162,0.0
NRU,2010,N,163,0.0
NRU,2010,N,164,0.0
NRU,2010,N,165,0.0
NRU,2010,N,166,0.0
NRU,2010,N,167,0.0
NRU,2010,N,168,0.0
NRU,2010,N,169,0.0
NRU,2010,N,170,0.0
NRU,2010,N,171,0.0
NRU,2010,N,172,0.0
NRU,2010,N,173,0.0
NRU,2010,N,174,0.0
NRU,2010,N,175,0.0
NRU,2010,N,176,0.0
NRU,2010,N,177,0.0
NRU,2010,N,178,0.0
NRU,2010,N,179,0.0
NRU,2010,N,180,0.0
NRU,2010,N,181,0.0
NRU,2010,N,182,0.0
NRU,2010,N,183,0.0
NRU,2010,N,184,0.0
NRU,2010,N,185,0.0
NRU,2010,N,186,0.0
NRU,2010,N,187,0.0
NRU,2010,N,188,0.0
NRU,2010,N,189,0.0
NRU,2010,N,190,0.0
NRU,2010,N,191,0.0
NRU,2010,N,192,0.0
NRU,2010,N,193,0.0
NRU,2010,N,194,0.0
NRU,2010,N,195,0.0
NRU,2010,N,196,0.0
NRU,2010,N,197,0.0
NRU,2010,N,198,0.0
NRU,2011,N,0,0.0
NRU,2011,N,1,0.0
NRU,2011,N,2,0.0
NRU,2011,N,3,0.0
NRU,2011,N,4,0.0
NRU,2011,N,5,0.0
NRU,2011,N,6,0.0
NRU,2011,N,7,0.0
NRU,2011,N,8,0.0
NRU,2011,N,9,0.0
NRU,2011,N,10,0.0
NRU,2011,N,11,0.0
NRU,2011,N,12,0.0
NRU,2011,N,13,0.0
NRU,2011,N,14,0.0
NRU,2011,N,15,0.0
NRU,2011,N,16,0.0
NRU,2011,N,17,0.0
NRU,2011,N,18,0.0
NRU,2011,N,19,0.0
NRU,2011,N,20,0.0
NRU,2011,N,21,0.0
NRU,2011,N,22,0.0
NRU,2011,N,23,0.0
NRU,2011,N,24,0.0
NRU,2011,N,25,0.0
NRU,2011,N,26,0.0
NRU,2011,N,27,0.0
NRU,2011,N,28,0.0
NRU,2011,N,29,0.0
NRU,2011,N,30,0.0
NRU,2011,N,31,0.0
NRU,2011,N,32,0.0
NRU,2011,N,33,0.0
NRU,2011,N,34,0.0
NRU,2011,N,35,0.0
NRU,2011,N,36,0.0
NRU,2011,N,37,0.0
NRU,2011,N,38,0.0
NRU,2011,N,39,0.0
NRU,2011,N,40,0.0
NRU,2011,N,41,0.0
NRU,2011,N,42,0.0
NRU,2011,N,43,0.0
NRU,2011,N,44,0.0
NRU,2011,N,45,0.0
NRU,2011,N,46,0.0
NRU,2011,N,47,0.0
NRU,2011,N,48,0.0
NRU,2011,N,49,0.0
NRU,2011,N,50,0.0
NRU,2011,N,51,0.0
NRU,2011,N,52,0.0
NRU,2011,N,53,0.0
NRU,2011,N,54,0.0
NRU,2011,N,55,0.0
NRU,2011,N,56,0.0
NRU,2011,N,57,0.0
NRU,2011,N,58,0.0
NRU,2011,N,59,0.0
NRU,2011,N,60,0.0
NRU,2011,N,61,0.0
NRU,2011,N,62,0.0
NRU,2011,N,63,0.0
NRU,2011,N,64,0.0
NRU,2011,N,65,0.0
NRU,2011,N,66,0.0
NRU,2011,N,67,0.0
NRU,2011,N,68,0.0
NRU,2011,N,69,0.0
NRU,2011,N,70,0.0
NRU,2011,N,71,0.0
NRU,2011,N,72,0.00478615
NRU,2011,N,73,0.0017812109999999996
NRU,2011,N,74,0.0023515279999999994
NRU,2011,N,75,0.004963241
NRU,2011,N,76,0.010669930000000001
NRU,2011,N,77,0.01740726
NRU,2011,N,78,0.028527900000000002
NRU,2011,N,79,0.004529199999999997
NRU,2011,N,80,0.005658339999999998
NRU,2011,N,81,0.030379240000000002
NRU,2011,N,82,0.02139909999999999
NRU,2011,N,83,0.012886100000000011
NRU,2011,N,84,0.036857
NRU,2011,N,85,0.031197100000000005
NRU,2011,N,86,0.0400123
NRU,2011,N,87,0.04412830000000001
NRU,2011,N,88,0.05423159999999999
NRU,2011,N,89,0.04872199999999999
NRU,2011,N,90,0.03879179999999999
NRU,2011,N,91,0.052427
NRU,2011,N,92,0.038871400000000056
NRU,2011,N,93,0.0585272
NRU,2011,N,94,0.04306369999999993
NRU,2011,N,95,0.03774920000000004
NRU,2011,N,96,0.04242259999999998
NRU,2011,N,97,0.03911739999999997
NRU,2011,N,98,0.025946100000000083
NRU,2011,N,99,0.028600199999999965
NRU,2011,N,100,0.02215529999999999
NRU,2011,N,101,0.03702020000000006
NRU,2011,N,102,0.017867199999999972
NRU,2011,N,103,0.017424400000000007
NRU,2011,N,104,0.024398599999999937
NRU,2011,N,105,0.008644399999999997
NRU,2011,N,106,0.004282600000000025
NRU,2011,N,107,0.010914199999999985
NRU,2011,N,108,0.006375400000000031
NRU,2011,N,109,0.00501969999999996
NRU,2011,N,110,0.01229710000000006
NRU,2011,N,111,0.0026692999999999856
NRU,2011,N,112,0.002924399999999938
NRU,2011,N,113,0.005326200000000059
NRU,2011,N,114,0.006486699999999956
NRU,2011,N,115,0.0
NRU,2011,N,116,0.003174800000000033
NRU,2011,N,117,0.0
NRU,2011,N,118,0.0
NRU,2011,N,119,0.0053018999999999705
NRU,2011,N,120,0.0
NRU,2011,N,121,0.0017135000000000344
NRU,2011,N,122,0.0
NRU,2011,N,123,0.0
NRU,2011,N,124,0.0
NRU,2011,N,125,0.0
NRU,2011,N,126,0.0
NRU,2011,N,127,0.0
NRU,2011,N,128,0.0
NRU,2011,N,129,0.0
NRU,2011,N,130,0.0
NRU,2011,N,131,0.0
NRU,2011,N,132,0.0
NRU,2011,N,133,0.0
NRU,2011,N,134,0.0
NRU,2011,N,135,0.0
NRU,2011,N,136,0.0
NRU,2011,N,137,0.0
NRU,2011,N,138,0.0
NRU,2011,N,139,0.0
NRU,2011,N,140,0.0
NRU,2011,N,141,0.0
NRU,2011,N,142,0.0
NRU,2011,N,143,0.0
NRU,2011,N,144,0.0
NRU,2011,N,145,0.0
NRU,2011,N,146,0.0
NRU,2011,N,147,0.0
NRU,2011,N,148,0.0
NRU,2011,N,149,0.0
NRU,2011,N,150,0.0
NRU,2011,N,151,0.0
NRU,2011,N,152,0.0
NRU,2011,N,153,0.0
NRU,2011,N,154,0.0
NRU,2011,N,155,0.0
NRU,2011,N,156,0.0
NRU,2011,N,157,0.0
NRU,2011,N,158,0.0
NRU,2011,N,159,0.0
NRU,2011,N,160,0.0
NRU,2011,N,161,0.0
NRU,2011,N,162,0.0
NRU,2011,N,163,0.0
NRU,2011,N,164,0.0
NRU,2011,N,165,0.0
NRU,2011,N,166,0.0
NRU,2011,N,167,0.0
NRU,2011,N,168,0.0
NRU,2011,N,169,0.0
NRU,2011,N,170,0.0
NRU,2011,N,171,0.0
NRU,2011,N,172,0.0
NRU,2011,N,173,0.0
NRU,2011,N,174,0.0
NRU,2011,N,175,0.0
NRU,2011,N,176,0.0
NRU,2011,N,177,0.0
NRU,2011,N,178,0.0
NRU,2011,N,179,0.0
NRU,2011,N,180,0.0
NRU,2011,N,181,0.0
NRU,2011,N,182,0.0
NRU,2011,N,183,0.0
NRU,2011,N,184,0.0
NRU,2011,N,185,0.0
NRU,2011,N,186,0.0
NRU,2011,N,187,0.0
NRU,2011,N,188,0.0
NRU,2011,N,189,0.0
NRU,2011,N,190,0.0
NRU,2011,N,191,0.0
NRU,2011,N,192,0.0
NRU,2011,N,193,0.0
NRU,2011,N,194,0.0
NRU,2011,N,195,0.0
NRU,2011,N,196,0.0
NRU,2011,N,197,0.0
NRU,2011,N,198,0.0
NRU,2012,N,0,0.0
NRU,2012,N,1,0.0
NRU,2012,N,2,0.0
NRU,2012,N,3,0.0
NRU,2012,N,4,0.0
NRU,2012,N,5,0.0
NRU,2012,N,6,0.0
NRU,2012,N,7,0.0
NRU,2012,N,8,0.0
NRU,2012,N,9,0.0
NRU,2012,N,10,0.0
NRU,2012,N,11,0.0
NRU,2012,N,12,0.0
NRU,2012,N,13,0.0
NRU,2012,N,14,0.0
NRU,2012,N,15,0.0
NRU,2012,N,16,0.0
NRU,2012,N,17,0.0
NRU,2012,N,18,0.0
NRU,2012,N,19,0.0
NRU,2012,N,20,0.0
NRU,2012,N,21,0.0
NRU,2012,N,22,0.0
NRU,2012,N,23,0.0
NRU,2012,N,24,0.0
NRU,2012,N,25,0.0
NRU,2012,N,26,0.0
NRU,2012,N,27,0.0
NRU,2012,N,28,0.0
NRU,2012,N,29,0.0
NRU,2012,N,30,0.0
NRU,2012,N,31,0.0
NRU,2012,N,32,0.0
NRU,2012,N,33,0.0
NRU,2012,N,34,0.0
NRU,2012,N,35,0.0
NRU,2012,N,36,0.0
NRU,2012,N,37,0.0
NRU,2012,N,38,0.0
NRU,2012,N,39,0.0
NRU,2012,N,40,0.0
NRU,2012,N,41,0.0
NRU,2012,N,42,0.0
NRU,2012,N,43,0.0
NRU,2012,N,44,0.0
NRU,2012,N,45,0.0
NRU,2012,N,46,0.0
NRU,2012,N,47,0.0
NRU,2012,N,48,0.0
NRU,2012,N,49,0.0
NRU,2012,N,50,0.0
NRU,2012,N,51,0.0
NRU,2012,N,52,0.0
NRU,2012,N,53,0.0
NRU,2012,N,54,0.0
NRU,2012,N,55,0.0
NRU,2012,N,56,0.0
NRU,2012,N,57,0.0
NRU,2012,N,58,0.0
NRU,2012,N,59,0.0
NRU,2012,N,60,0.0
NRU,2012,N,61,0.0
NRU,2012,N,62,0.0
NRU,2012,N,63,0.0
NRU,2012,N,64,0.0
NRU,2012,N,65,0.0
NRU,2012,N,66,0.0
NRU,2012,N,67,0.0
NRU,2012,N,68,0.0
NRU,2012,N,69,0.0
NRU,2012,N,70,0.0
NRU,2012,N,71,0.0
NRU,2012,N,72,0.0
NRU,2012,N,73,0.002661546
NRU,2012,N,74,0.003905815
NRU,2012,N,75,0.0
NRU,2012,N,76,0.004790339
NRU,2012,N,77,0.01126478
NRU,2012,N,78,0.015459069999999998
NRU,2012,N,79,0.024654699999999995
NRU,2012,N,80,0.010374530000000007
NRU,2012,N,81,0.007563979999999998
NRU,2012,N,82,0.028055739999999996
NRU,2012,N,83,0.019610799999999998
NRU,2012,N,84,
NRU,2012,N,85,0.171135
NRU,2012,N,86,0.037814299999999995
NRU,2012,N,87,0.041046
NRU,2012,N,88,0.03310480000000002
NRU,2012,N,89,0.052182799999999974
NRU,2012,N,90,0.059341299999999986
NRU,2012,N,91,0.042543300000000006
NRU,2012,N,92,0.045100200000000035
NRU,2012,N,93,0.03913680000000003
NRU,2012,N,94,0.05382929999999997
NRU,2012,N,95,0.04228259999999995
NRU,2012,N,96,0.03878270000000006
NRU,2012,N,97,0.044973299999999994
NRU,2012,N,98,0.04268939999999999
NRU,2012,N,99,0.02817320000000001
NRU,2012,N,100,0.03157500000000002
NRU,2012,N,101,0.01779659999999994
NRU,2012,N,102,0.038566600000000006
NRU,2012,N,103,0.01896960000000003
NRU,2012,N,104,0.013435100000000033
NRU,2012,N,105,0.03239189999999992
NRU,2012,N,106,0.006479500000000082
NRU,2012,N,107,0.006447499999999939
NRU,2012,N,108,0.010914199999999985
NRU,2012,N,109,0.006375400000000031
NRU,2012,N,110,0.002175299999999991
NRU,2012,N,111,0.011389700000000058
NRU,2012,N,112,0.006421099999999957
NRU,2012,N,113,0.001511799999999952
NRU,2012,N,114,0.001412599999999986
NRU,2012,N,115,0.011812900000000015
NRU,2012,N,116,0.0
NRU,2012,N,117,0.003174800000000033
NRU,2012,N,118,0.0
NRU,2012,N,119,0.0
NRU,2012,N,120,0.0053018999999999705
NRU,2012,N,121,0.0
NRU,2012,N,122,0.0017135000000000344
NRU,2012,N,123,0.0
NRU,2012,N,124,0.0
NRU,2012,N,125,0.0
NRU,2012,N,126,0.0
NRU,2012,N,127,0.0
NRU,2012,N,128,0.0
NRU,2012,N,129,0.0
NRU,2012,N,130,0.0
NRU,2012,N,131,0.0
NRU,2012,N,132,0.0
NRU,2012,N,133,0.0
NRU,2012,N,134,0.0
NRU,2012,N,135,0.0
NRU,2012,N,136,0.0
NRU,2012,N,137,0.0
NRU,2012,N,138,0.0
NRU,2012,N,139,0.0
NRU,2012,N,140,0.0
NRU,2012,N,141,0.0
NRU,2012,N,142,0.0
NRU,2012,N,143,0.0
NRU,2012,N,144,0.0
NRU,2012,N,145,0.0
NRU,2012,N,146,0.0
NRU,2012,N,147,0.0
NRU,2012,N,148,0.0
NRU,2012,N,149,0.0
NRU,2012,N,150,0.0
NRU,2012,N,151,0.0
NRU,2012,N,152,0.0
NRU,2012,N,153,0.0
NRU,2012,N,154,0.0
NRU,2012,N,155,0.0
NRU,2012,N,156,0.0
NRU,2012,N,157,0.0
NRU,2012,N,158,0.0
NRU,2012,N,159,0.0
NRU,2012,N,160,0.0
NRU,2012,N,161,0.0
NRU,2012,N,162,0.0
NRU,2012,N,163,0.0
NRU,2012,N,164,0.0
NRU,2012,N,165,0.0
NRU,2012,N,166,0.0
NRU,2012,N,167,0.0
NRU,2012,N,168,0.0
NRU,2012,N,169,0.0
NRU,2012,N,170,0.0
NRU,2012,N,171,0.0
NRU,2012,N,172,0.0
NRU,2012,N,173,0.0
NRU,2012,N,174,0.0
NRU,2012,N,175,0.0
NRU,2012,N,176,0.0
NRU,2012,N,177,0.0
NRU,2012,N,178,0.0
NRU,2012,N,179,0.0
NRU,2012,N,180,0.0
NRU,2012,N,181,0.0
NRU,2012,N,182,0.0
NRU,2012,N,183,0.0
NRU,2012,N,184,0.0
NRU,2012,N,185,0.0
NRU,2012,N,186,0.0
NRU,2012,N,187,0.0
NRU,2012,N,188,0.0
NRU,2012,N,189,0.0
NRU,2012,N,190,0.0
NRU,2012,N,191,0.0
NRU,2012,N,192,0.0
NRU,2012,N,193,0.0
NRU,2012,N,194,0.0
NRU,2012,N,195,0.0
NRU,2012,N,196,0.0
NRU,2012,N,197,0.0
NRU,2012,N,198,0.0
NRU,2013,N,0,0.0
NRU,2013,N,1,0.0
NRU,2013,N,2,0.0
NRU,2013,N,3,0.0
NRU,2013,N,4,0.0
NRU,2013,N,5,0.0
NRU,2013,N,6,0.0
NRU,2013,N,7,0.0
NRU,2013,N,8,0.0
NRU,2013,N,9,0.0
NRU,2013,N,10,0.0
NRU,2013,N,11,0.0
NRU,2013,N,12,0.0
NRU,2013,N,13,0.0
NRU,2013,N,14,0.0
NRU,2013,N,15,0.0
NRU,2013,N,16,0.0
NRU,2013,N,17,0.0
NRU,2013,N,18,0.0
NRU,2013,N,19,0.0
NRU,2013,N,20,0.0
NRU,2013,N,21,0.0
NRU,2013,N,22,0.0
NRU,2013,N,23,0.0
NRU,2013,N,24,0.0
NRU,2013,N,25,0.0
NRU,2013,N,26,0.0
NRU,2013,N,27,0.0
NRU,2013,N,28,0.0
NRU,2013,N,29,0.0
NRU,2013,N,30,0.0
NRU,2013,N,31,0.0
NRU,2013,N,32,0.0
NRU,2013,N,33,0.0
NRU,2013,N,34,0.0
NRU,2013,N,35,0.0
NRU,2013,N,36,0.0
NRU,2013,N,37,0.0
NRU,2013,N,38,0.0
NRU,2013,N,39,0.0
NRU,2013,N,40,0.0
NRU,2013,N,41,0.0
NRU,2013,N,42,0.0
NRU,2013,N,43,0.0
NRU,2013,N,44,0.0
NRU,2013,N,45,0.0
NRU,2013,N,46,0.0
NRU,2013,N,47,0.0
NRU,2013,N,48,0.0
NRU,2013,N,49,0.0
NRU,2013,N,50,0.0
NRU,2013,N,51,0.0
NRU,2013,N,52,0.0
NRU,2013,N,53,0.0
NRU,2013,N,54,0.0
NRU,2013,N,55,0.0
NRU,2013,N,56,0.0
NRU,2013,N,57,0.0
NRU,2013,N,58,0.0
NRU,2013,N,59,0.0
NRU,2013,N,60,0.0
NRU,2013,N,61,0.0
NRU,2013,N,62,0.0
NRU,2013,N,63,0.0
NRU,2013,N,64,0.0
NRU,2013,N,65,0.0
NRU,2013,N,66,0.0
NRU,2013,N,67,0.0
NRU,2013,N,68,0.0
NRU,2013,N,69,0.0
NRU,2013,N,70,0.0
NRU,2013,N,71,0.0
NRU,2013,N,72,0.0
NRU,2013,N,73,0.0
NRU,2013,N,74,0.0
NRU,2013,N,75,0.0
NRU,2013,N,76,0.002661546
NRU,2013,N,77,0.003905815
NRU,2013,N,78,0.0
NRU,2013,N,79,0.004790339
NRU,2013,N,80,0.008995330000000001
NRU,2013,N,81,0.015718209999999996
NRU,2013,N,82,0.026665009999999996
NRU,2013,N,83,0.00775097000000001
NRU,2013,N,84,0.010187539999999995
NRU,2013,N,85,0.02336924
NRU,2013,N,86,0.024297299999999994
NRU,2013,N,87,0.015003000000000016
NRU,2013,N,88,0.025417899999999993
NRU,2013,N,89,0.0351012
NRU,2013,N,90,0.039013099999999995
NRU,2013,N,91,0.03217730000000002
NRU,2013,N,92,0.058668799999999965
NRU,2013,N,93,0.04945769999999999
NRU,2013,N,94,0.04696040000000001
NRU,2013,N,95,0.04964679999999999
NRU,2013,N,96,0.03943469999999999
NRU,2013,N,97,0.05240370000000005
NRU,2013,N,98,0.04372160000000003
NRU,2013,N,99,0.0386358
NRU,2013,N,100,0.03897879999999998
NRU,2013,N,101,0.04894350000000003
NRU,2013,N,102,0.027862299999999895
NRU,2013,N,103,0.033942100000000086
NRU,2013,N,104,0.01779659999999994
NRU,2013,N,105,0.0338889
NRU,2013,N,106,0.023647300000000038
NRU,2013,N,107,0.013435100000000033
NRU,2013,N,108,0.03239189999999992
NRU,2013,N,109,0.006479500000000082
NRU,2013,N,110,0.006447499999999939
NRU,2013,N,111,0.005959400000000059
NRU,2013,N,112,0.011330199999999957
NRU,2013,N,113,0.002175299999999991
NRU,2013,N,114,0.008208800000000016
NRU,2013,N,115,0.009602
NRU,2013,N,116,0.001511799999999952
NRU,2013,N,117,0.001412599999999986
NRU,2013,N,118,0.011812900000000015
NRU,2013,N,119,0.0
NRU,2013,N,120,0.003174800000000033
NRU,2013,N,121,0.0
NRU,2013,N,122,0.0
NRU,2013,N,123,0.0053018999999999705
NRU,2013,N,124,0.0
NRU,2013,N,125,0.0017135000000000344
NRU,2013,N,126,0.0
NRU,2013,N,127,0.0
NRU,2013,N,128,0.0
NRU,2013,N,129,0.0
NRU,2013,N,130,0.0
NRU,2013,N,131,0.0
NRU,2013,N,132,0.0
NRU,2013,N,133,0.0
NRU,2013,N,134,0.0
NRU,2013,N,135,0.0
NRU,2013,N,136,0.0
NRU,2013,N,137,0.0
NRU,2013,N,138,0.0
NRU,2013,N,139,0.0
NRU,2013,N,140,0.0
NRU,2013,N,141,0.0
NRU,2013,N,142,0.0
NRU,2013,N,143,0.0
NRU,2013,N,144,0.0
NRU,2013,N,145,0.0
NRU,2013,N,146,0.0
NRU,2013,N,147,0.0
NRU,2013,N,148,0.0
NRU,2013,N,149,0.0
NRU,2013,N,150,0.0
NRU,2013,N,151,0.0
NRU,2013,N,152,0.0
NRU,2013,N,153,0.0
NRU,2013,N,154,0.0
NRU,2013,N,155,0.0
NRU,2013,N,156,0.0
NRU,2013,N,157,0.0
NRU,2013,N,158,0.0
NRU,2013,N,159,0.0
NRU,2013,N,160,0.0
NRU,2013,N,161,0.0
NRU,2013,N,162,0.0
NRU,2013,N,163,0.0
NRU,2013,N,164,0.0
NRU,2013,N,165,0.0
NRU,2013,N,166,0.0
NRU,2013,N,167,0.0
NRU,2013,N,168,0.0
NRU,2013,N,169,0.0
NRU,2013,N,170,0.0
NRU,2013,N,171,0.0
NRU,2013,N,172,0.0
NRU,2013,N,173,0.0
NRU,2013,N,174,0.0
NRU,2013,N,175,0.0
NRU,2013,N,176,0.0
NRU,2013,N,177,0.0
NRU,2013,N,178,0.0
NRU,2013,N,179,0.0
NRU,2013,N,180,0.0
NRU,2013,N,181,0.0
NRU,2013,N,182,0.0
NRU,2013,N,183,0.0
NRU,2013,N,184,0.0
NRU,2013,N,185,0.0
NRU,2013,N,186,0.0
NRU,2013,N,187,0.0
NRU,2013,N,188,0.0
NRU,2013,N,189,0.0
NRU,2013,N,190,0.0
NRU,2013,N,191,0.0
NRU,2013,N,192,0.0
NRU,2013,N,193,0.0
NRU,2013,N,194,0.0
NRU,2013,N,195,0.0
NRU,2013,N,196,0.0
NRU,2013,N,197,0.0
NRU,2013,N,198,0.0
NRU,2014,N,0,0.0
NRU,2014,N,1,0.0
NRU,2014,N,2,0.0
NRU,2014,N,3,0.0
NRU,2014,N,4,0.0
NRU,2014,N,5,0.0
NRU,2014,N,6,0.0
NRU,2014,N,7,0.0
NRU,2014,N,8,0.0
NRU,2014,N,9,0.0
NRU,2014,N,10,0.0
NRU,2014,N,11,0.0
NRU,2014,N,12,0.0
NRU,2014,N,13,0.0
NRU,2014,N,14,0.0
NRU,2014,N,15,0.0
NRU,2014,N,16,0.0
NRU,2014,N,17,0.0
NRU,2014,N,18,0.0
NRU,2014,N,19,0.0
NRU,2014,N,20,0.0
NRU,2014,N,21,0.0
NRU,2014,N,22,0.0
NRU,2014,N,23,0.0
NRU,2014,N,24,0.0
NRU,2014,N,25,0.0
NRU,2014,N,26,0.0
NRU,2014,N,27,0.0
NRU,2014,N,28,0.0
NRU,2014,N,29,0.0
NRU,2014,N,30,0.0
NRU,2014,N,31,0.0
NRU,2014,N,32,0.0
NRU,2014,N,33,0.0
NRU,2014,N,34,0.0
NRU,2014,N,35,0.0
NRU,2014,N,36,0.0
NRU,2014,N,37,0.0
NRU,2014,N,38,0.0
NRU,2014,N,39,0.0
NRU,2014,N,40,0.0
NRU,2014,N,41,0.0
NRU,2014,N,42,0.0
NRU,2014,N,43,0.0
NRU,2014,N,44,0.0
NRU,2014,N,45,0.0
NRU,2014,N,46,0.0
NRU,2014,N,47,0.0
NRU,2014,N,48,0.0
NRU,2014,N,49,0.0
NRU,2014,N,50,0.0
NRU,2014,N,51,0.0
NRU,2014,N,52,0.0
NRU,2014,N,53,0.0
NRU,2014,N,54,0.0
NRU,2014,N,55,0.0
NRU,2014,N,56,0.0
NRU,2014,N,57,0.0
NRU,2014,N,58,0.0
NRU,2014,N,59,0.0
NRU,2014,N,60,0.0
NRU,2014,N,61,0.0
NRU,2014,N,62,0.0
NRU,2014,N,63,0.0
NRU,2014,N,64,0.0
NRU,2014,N,65,0.0
NRU,2014,N,66,0.0
NRU,2014,N,67,0.0
NRU,2014,N,68,0.0
NRU,2014,N,69,0.0
NRU,2014,N,70,0.0
NRU,2014,N,71,0.0
NRU,2014,N,72,0.0
NRU,2014,N,73,0.0
NRU,2014,N,74,0.0
NRU,2014,N,75,0.0
NRU,2014,N,76,0.0
NRU,2014,N,77,0.0
NRU,2014,N,78,0.0
NRU,2014,N,79,0.006567361
NRU,2014,N,80,0.0
NRU,2014,N,81,0.004790339
NRU,2014,N,82,0.006911260000000001
NRU,2014,N,83,0.013656019999999998
NRU,2014,N,84,0.030811269999999995
NRU,2014,N,85,0.00775097000000001
NRU,2014,N,86,0.010187539999999995
NRU,2014,N,87,0.02336924
NRU,2014,N,88,0.022408299999999992
NRU,2014,N,89,0.014733700000000016
NRU,2014,N,90,0.025376099999999985
NRU,2014,N,91,0.030772099999999997
NRU,2014,N,92,0.0433202
NRU,2014,N,93,0.032266600000000034
NRU,2014,N,94,0.0519425
NRU,2014,N,95,0.0562917
NRU,2014,N,96,0.046755999999999964
NRU,2014,N,97,0.047655400000000014
NRU,2014,N,98,0.03942180000000001
NRU,2014,N,99,0.04955069999999995
NRU,2014,N,100,0.048154699999999995
NRU,2014,N,101,0.03900490000000001
NRU,2014,N,102,0.03678219999999999
NRU,2014,N,103,0.04533720000000008
NRU,2014,N,104,0.03594979999999992
NRU,2014,N,105,0.03188330000000006
NRU,2014,N,106,0.017456000000000027
NRU,2014,N,107,0.03628829999999994
NRU,2014,N,108,0.023647300000000038
NRU,2014,N,109,0.013435100000000033
NRU,2014,N,110,0.03008809999999995
NRU,2014,N,111,0.006861699999999971
NRU,2014,N,112,0.008369100000000018
NRU,2014,N,113,0.005959400000000059
NRU,2014,N,114,0.011330199999999957
NRU,2014,N,115,0.002175299999999991
NRU,2014,N,116,0.006552499999999961
NRU,2014,N,117,0.011258300000000054
NRU,2014,N,118,0.001511799999999952
NRU,2014,N,119,0.001412599999999986
NRU,2014,N,120,0.011812900000000015
NRU,2014,N,121,0.0
NRU,2014,N,122,0.003174800000000033
NRU,2014,N,123,0.0
NRU,2014,N,124,0.0
NRU,2014,N,125,0.0053018999999999705
NRU,2014,N,126,0.0
NRU,2014,N,127,0.0017135000000000344
NRU,2014,N,128,0.0
NRU,2014,N,129,0.0
NRU,2014,N,130,0.0
NRU,2014,N,131,0.0
NRU,2014,N,132,0.0
NRU,2014,N,133,0.0
NRU,2014,N,134,0.0
NRU,2014,N,135,0.0
NRU,2014,N,136,0.0
NRU,2014,N,137,0.0
NRU,2014,N,138,0.0
NRU,2014,N,139,0.0
NRU,2014,N,140,0.0
NRU,2014,N,141,0.0
NRU,2014,N,142,0.0
NRU,2014,N,143,0.0
NRU,2014,N,144,0.0
NRU,2014,N,145,0.0
NRU,2014,N,146,0.0
NRU,2014,N,147,0.0
NRU,2014,N,148,0.0
NRU,2014,N,149,0.0
NRU,2014,N,150,0.0
NRU,2014,N,151,0.0
NRU,2014,N,152,0.0
NRU,2014,N,153,0.0
NRU,2014,N,154,0.0
NRU,2014,N,155,0.0
NRU,2014,N,156,0.0
NRU,2014,N,157,0.0
NRU,2014,N,158,0.0
NRU,2014,N,159,0.0
NRU,2014,N,160,0.0
NRU,2014,N,161,0.0
NRU,2014,N,162,0.0
NRU,2014,N,163,0.0
NRU,2014,N,164,0.0
NRU,2014,N,165,0.0
NRU,2014,N,166,0.0
NRU,2014,N,167,0.0
NRU,2014,N,168,0.0
NRU,2014,N,169,0.0
NRU,2014,N,170,0.0
NRU,2014,N,171,0.0
NRU,2014,N,172,0.0
NRU,2014,N,173,0.0
NRU,2014,N,174,0.0
NRU,2014,N,175,0.0
NRU,2014,N,176,0.0
NRU,2014,N,177,0.0
NRU,2014,N,178,0.0
NRU,2014,N,179,0.0
NRU,2014,N,180,0.0
NRU,2014,N,181,0.0
NRU,2014,N,182,0.0
NRU,2014,N,183,0.0
NRU,2014,N,184,0.0
NRU,2014,N,185,0.0
NRU,2014,N,186,0.0
NRU,2014,N,187,0.0
NRU,2014,N,188,0.0
NRU,2014,N,189,0.0
NRU,2014,N,190,0.0
NRU,2014,N,191,0.0
NRU,2014,N,192,0.0
NRU,2014,N,193,0.0
NRU,2014,N,194,0.0
NRU,2014,N,195,0.0
NRU,2014,N,196,0.0
NRU,2014,N,197,0.0
NRU,2014,N,198,0.0
NRU,2015,N,0,0.0
NRU,2015,N,1,0.0
NRU,2015,N,2,0.0
NRU,2015,N,3,0.0
NRU,2015,N,4,0.0
NRU,2015,N,5,0.0
NRU,2015,N,6,0.0
NRU,2015,N,7,0.0
NRU,2015,N,8,0.0
NRU,2015,N,9,0.0
NRU,2015,N,10,0.0
NRU,2015,N,11,0.0
NRU,2015,N,12,0.0
NRU,2015,N,13,0.0
NRU,2015,N,14,0.0
NRU,2015,N,15,0.0
NRU,2015,N,16,0.0
NRU,2015,N,17,0.0
NRU,2015,N,18,0.0
NRU,2015,N,19,0.0
NRU,2015,N,20,0.0
NRU,2015,N,21,0.0
NRU,2015,N,22,0.0
NRU,2015,N,23,0.0
NRU,2015,N,24,0.0
NRU,2015,N,25,0.0
NRU,2015,N,26,0.0
NRU,2015,N,27,0.0
NRU,2015,N,28,0.0
NRU,2015,N,29,0.0
NRU,2015,N,30,0.0
NRU,2015,N,31,0.0
NRU,2015,N,32,0.0
NRU,2015,N,33,0.0
NRU,2015,N,34,0.0
NRU,2015,N,35,0.0
NRU,2015,N,36,0.0
NRU,2015,N,37,0.0
NRU,2015,N,38,0.0
NRU,2015,N,39,0.0
NRU,2015,N,40,0.0
NRU,2015,N,41,0.0
NRU,2015,N,42,0.0
NRU,2015,N,43,0.0
NRU,2015,N,44,0.0
NRU,2015,N,45,0.0
NRU,2015,N,46,0.0
NRU,2015,N,47,0.0
NRU,2015,N,48,0.0
NRU,2015,N,49,0.0
NRU,2015,N,50,0.0
NRU,2015,N,51,0.0
NRU,2015,N,52,0.0
NRU,2015,N,53,0.0
NRU,2015,N,54,0.0
NRU,2015,N,55,0.0
NRU,2015,N,56,0.0
NRU,2015,N,57,0.0
NRU,2015,N,58,0.0
NRU,2015,N,59,0.0
NRU,2015,N,60,0.0
NRU,2015,N,61,0.0
NRU,2015,N,62,0.0
NRU,2015,N,63,0.0
NRU,2015,N,64,0.0
NRU,2015,N,65,0.0
NRU,2015,N,66,0.0
NRU,2015,N,67,0.0
NRU,2015,N,68,0.0
NRU,2015,N,69,0.0
NRU,2015,N,70,0.0
NRU,2015,N,71,0.0
NRU,2015,N,72,0.0
NRU,2015,N,73,0.0
NRU,2015,N,74,0.0
NRU,2015,N,75,0.0
NRU,2015,N,76,0.0
NRU,2015,N,77,0.0
NRU,2015,N,78,0.002661546
NRU,2015,N,79,0.003905815
NRU,2015,N,80,0.0
NRU,2015,N,81,0.004790339
NRU,2015,N,82,0.01126478
NRU,2015,N,83,0.015459069999999998
NRU,2015,N,84,0.024654699999999995
NRU,2015,N,85,0.010374530000000007
NRU,2015,N,86,0.007563979999999998
NRU,2015,N,87,0.030379240000000002
NRU,2015,N,88,0.019531000000000007
NRU,2015,N,89,0.012759300000000001
NRU,2015,N,90,0.029636899999999994
NRU,2015,N,91,0.0359681
NRU,2015,N,92,0.041046
NRU,2015,N,93,0.03741799999999998
NRU,2015,N,94,0.04978360000000004
NRU,2015,N,95,0.05742729999999996
NRU,2015,N,96,0.042543300000000006
NRU,2015,N,97,0.047112299999999996
NRU,2015,N,98,0.037124700000000066
NRU,2015,N,99,0.055483099999999896
NRU,2015,N,100,0.042946200000000045
NRU,2015,N,101,0.04503250000000003
NRU,2015,N,102,0.0364061
NRU,2015,N,103,0.04607220000000001
NRU,2015,N,104,0.02479039999999999
NRU,2015,N,105,0.03157500000000002
NRU,2015,N,106,0.020039699999999994
NRU,2015,N,107,0.03864809999999996
NRU,2015,N,108,0.01664500000000002
NRU,2015,N,109,0.01769339999999997
NRU,2015,N,110,0.02813359999999998
NRU,2015,N,111,0.006479500000000082
NRU,2015,N,112,0.006447499999999939
NRU,2015,N,113,0.010914199999999985
NRU,2015,N,114,0.006375400000000031
NRU,2015,N,115,0.00501969999999996
NRU,2015,N,116,0.008545300000000089
NRU,2015,N,117,0.006421099999999957
NRU,2015,N,118,0.001511799999999952
NRU,2015,N,119,0.001412599999999986
NRU,2015,N,120,0.011812900000000015
NRU,2015,N,121,0.0
NRU,2015,N,122,0.003174800000000033
NRU,2015,N,123,0.0
NRU,2015,N,124,0.0
NRU,2015,N,125,0.0053018999999999705
NRU,2015,N,126,0.0
NRU,2015,N,127,0.0017135000000000344
NRU,2015,N,128,0.0
NRU,2015,N,129,0.0
NRU,2015,N,130,0.0
NRU,2015,N,131,0.0
NRU,2015,N,132,0.0
NRU,2015,N,133,0.0
NRU,2015,N,134,0.0
NRU,2015,N,135,0.0
NRU,2015,N,136,0.0
NRU,2015,N,137,0.0
NRU,2015,N,138,0.0
NRU,2015,N,139,0.0
NRU,2015,N,140,0.0
NRU,2015,N,141,0.0
NRU,2015,N,142,0.0
NRU,2015,N,143,0.0
NRU,2015,N,144,0.0
NRU,2015,N,145,0.0
NRU,2015,N,146,0.0
NRU,2015,N,147,0.0
NRU,2015,N,148,0.0
NRU,2015,N,149,0.0
NRU,2015,N,150,0.0
NRU,2015,N,151,0.0
NRU,2015,N,152,0.0
NRU,2015,N,153,0.0
NRU,2015,N,154,0.0
NRU,2015,N,155,0.0
NRU,2015,N,156,0.0
NRU,2015,N,157,0.0
NRU,2015,N,158,0.0
NRU,2015,N,159,0.0
NRU,2015,N,160,0.0
NRU,2015,N,161,0.0
NRU,2015,N,162,0.0
NRU,2015,N,163,0.0
NRU,2015,N,164,0.0
NRU,2015,N,165,0.0
NRU,2015,N,166,0.0
NRU,2015,N,167,0.0
NRU,2015,N,168,0.0
NRU,2015,N,169,0.0
NRU,2015,N,170,0.0
NRU,2015,N,171,0.0
NRU,2015,N,172,0.0
NRU,2015,N,173,0.0
NRU,2015,N,174,0.0
NRU,2015,N,175,0.0
NRU,2015,N,176,0.0
NRU,2015,N,177,0.0
NRU,2015,N,178,0.0
NRU,2015,N,179,0.0
NRU,2015,N,180,0.0
NRU,2015,N,181,0.0
NRU,2015,N,182,0.0
NRU,2015,N,183,0.0
NRU,2015,N,184,0.0
NRU,2015,N,185,0.0
NRU,2015,N,186,0.0
NRU,2015,N,187,0.0
NRU,2015,N,188,0.0
NRU,2015,N,189,0.0
NRU,2015,N,190,0.0
NRU,2015,N,191,0.0
NRU,2015,N,192,0.0
NRU,2015,N,193,0.0
NRU,2015,N,194,0.0
NRU,2015,N,195,0.0
NRU,2015,N,196,0.0
NRU,2015,N,197,0.0
NRU,2015,N,198,0.0
NRU,2016,N,0,0.0
NRU,2016,N,1,0.0
NRU,2016,N,2,0.0
NRU,2016,N,3,0.0
NRU,2016,N,4,0.0
NRU,2016,N,5,0.0
NRU,2016,N,6,0.0
NRU,2016,N,7,0.0
NRU,2016,N,8,0.0
NRU,2016,N,9,0.0
NRU,2016,N,10,0.0
NRU,2016,N,11,0.0
NRU,2016,N,12,0.0
NRU,2016,N,13,0.0
NRU,2016,N,14,0.0
NRU,2016,N,15,0.0
NRU,2016,N,16,0.0
NRU,2016,N,17,0.0
NRU,2016,N,18,0.0
NRU,2016,N,19,0.0
NRU,2016,N,20,0.0
NRU,2016,N,21,0.0
NRU,2016,N,22,0.0
NRU,2016,N,23,0.0
NRU,2016,N,24,0.0
NRU,2016,N,25,0.0
NRU,2016,N,26,0.0
NRU,2016,N,27,0.0
NRU,2016,N,28,0.0
NRU,2016,N,29,0.0
NRU,2016,N,30,0.0
NRU,2016,N,31,0.0
NRU,2016,N,32,0.0
NRU,2016,N,33,0.0
NRU,2016,N,34,0.0
NRU,2016,N,35,0.0
NRU,2016,N,36,0.0
NRU,2016,N,37,0.0
NRU,2016,N,38,0.0
NRU,2016,N,39,0.0
NRU,2016,N,40,0.0
NRU,2016,N,41,0.0
NRU,2016,N,42,0.0
NRU,2016,N,43,0.0
NRU,2016,N,44,0.0
NRU,2016,N,45,0.0
NRU,2016,N,46,0.0
NRU,2016,N,47,0.0
NRU,2016,N,48,0.0
NRU,2016,N,49,0.0
NRU,2016,N,50,0.0
NRU,2016,N,51,0.0
NRU,2016,N,52,0.0
NRU,2016,N,53,0.0
NRU,2016,N,54,0.0
NRU,2016,N,55,0.0
NRU,2016,N,56,0.0
NRU,2016,N,57,0.0
NRU,2016,N,58,0.0
NRU,2016,N,59,0.0
NRU,2016,N,60,0.0
NRU,2016,N,61,0.0
NRU,2016,N,62,0.0
NRU,2016,N,63,0.0
NRU,2016,N,64,0.0
NRU,2016,N,65,0.0
NRU,2016,N,66,0.0
NRU,2016,N,67,0.0
NRU,2016,N,68,0.0
NRU,2016,N,69,0.0
NRU,2016,N,70,0.0
NRU,2016,N,71,0.0
NRU,2016,N,72,0.0
NRU,2016,N,73,0.0
NRU,2016,N,74,0.0
NRU,2016,N,75,0.0
NRU,2016,N,76,0.0
NRU,2016,N,77,0.0
NRU,2016,N,78,0.00478615
NRU,2016,N,79,0.0017812109999999996
NRU,2016,N,80,0.0
NRU,2016,N,81,0.007314769
NRU,2016,N,82,0.010669930000000001
NRU,2016,N,83,0.01740726
NRU,2016,N,84,0.028527900000000002
NRU,2016,N,85,0.004529199999999997
NRU,2016,N,86,0.005658339999999998
NRU,2016,N,87,0.030379240000000002
NRU,2016,N,88,0.02139909999999999
NRU,2016,N,89,0.012886100000000011
NRU,2016,N,90,0.036857
NRU,2016,N,91,0.031197100000000005
NRU,2016,N,92,0.038398299999999996
NRU,2016,N,93,0.04375810000000002
NRU,2016,N,94,0.051604099999999986
NRU,2016,N,95,0.05181979999999997
NRU,2016,N,96,0.0381939
NRU,2016,N,97,0.0545388
NRU,2016,N,98,0.032206800000000035
NRU,2016,N,99,0.06519180000000002
NRU,2016,N,100,0.037461099999999914
NRU,2016,N,101,0.04335180000000005
NRU,2016,N,102,0.04242259999999998
NRU,2016,N,103,0.037005900000000036
NRU,2016,N,104,0.028057600000000016
NRU,2016,N,105,0.028600199999999965
NRU,2016,N,106,0.019704799999999967
NRU,2016,N,107,0.03947070000000008
NRU,2016,N,108,0.015734899999999996
NRU,2016,N,109,0.019556699999999982
NRU,2016,N,110,0.024398599999999937
NRU,2016,N,111,0.006479500000000082
NRU,2016,N,112,0.006447499999999939
NRU,2016,N,113,0.010914199999999985
NRU,2016,N,114,0.006375400000000031
NRU,2016,N,115,0.00501969999999996
NRU,2016,N,116,0.010244800000000054
NRU,2016,N,117,0.0047215999999999925
NRU,2016,N,118,0.002924399999999938
NRU,2016,N,119,0.0030986000000000624
NRU,2016,N,120,0.008714299999999953
NRU,2016,N,121,0.0
NRU,2016,N,122,0.003174800000000033
NRU,2016,N,123,0.0
NRU,2016,N,124,0.0
NRU,2016,N,125,0.0053018999999999705
NRU,2016,N,126,0.0
NRU,2016,N,127,0.0017135000000000344
NRU,2016,N,128,0.0
NRU,2016,N,129,0.0
NRU,2016,N,130,0.0
NRU,2016,N,131,0.0
NRU,2016,N,132,0.0
NRU,2016,N,133,0.0
NRU,2016,N,134,0.0
NRU,2016,N,135,0.0
NRU,2016,N,136,0.0
NRU,2016,N,137,0.0
NRU,2016,N,138,0.0
NRU,2016,N,139,0.0
NRU,2016,N,140,0.0
NRU,2016,N,141,0.0
NRU,2016,N,142,0.0
NRU,2016,N,143,0.0
NRU,2016,N,144,0.0
NRU,2016,N,145,0.0
NRU,2016,N,146,0.0
NRU,2016,N,147,0.0
NRU,2016,N,148,0.0
NRU,2016,N,149,0.0
NRU,2016,N,150,0.0
NRU,2016,N,151,0.0
NRU,2016,N,152,0.0
NRU,2016,N,153,0.0
NRU,2016,N,154,0.0
NRU,2016,N,155,0.0
NRU,2016,N,156,0.0
NRU,2016,N,157,0.0
NRU,2016,N,158,0.0
NRU,2016,N,159,0.0
NRU,2016,N,160,0.0
NRU,2016,N,161,0.0
NRU,2016,N,162,0.0
NRU,2016,N,163,0.0
NRU,2016,N,164,0.0
NRU,2016,N,165,0.0
NRU,2016,N,166,0.0
NRU,2016,N,167,0.0
NRU,2016,N,168,0.0
NRU,2016,N,169,0.0
NRU,2016,N,170,0.0
NRU,2016,N,171,0.0
NRU,2016,N,172,0.0
NRU,2016,N,173,0.0
NRU,2016,N,174,0.0
NRU,2016,N,175,0.0
NRU,2016,N,176,0.0
NRU,2016,N,177,0.0
NRU,2016,N,178,0.0
NRU,2016,N,179,0.0
NRU,2016,N,180,0.0
NRU,2016,N,181,0.0
NRU,2016,N,182,0.0
NRU,2016,N,183,0.0
NRU,2016,N,184,0.0
NRU,2016,N,185,0.0
NRU,2016,N,186,0.0
NRU,2016,N,187,0.0
NRU,2016,N,188,0.0
NRU,2016,N,189,0.0
NRU,2016,N,190,0.0
NRU,2016,N,191,0.0
NRU,2016,N,192,0.0
NRU,2016,N,193,0.0
NRU,2016,N,194,0.0
NRU,2016,N,195,0.0
NRU,2016,N,196,0.0
NRU,2016,N,197,0.0
NRU,2016,N,198,0.0
NRU,2017,N,0,0.0
NRU,2017,N,1,0.0
NRU,2017,N,2,0.0
NRU,2017,N,3,0.0
NRU,2017,N,4,0.0
NRU,2017,N,5,0.0
NRU,2017,N,6,0.0
NRU,2017,N,7,0.0
NRU,2017,N,8,0.0
NRU,2017,N,9,0.0
NRU,2017,N,10,0.0
NRU,2017,N,11,0.0
NRU,2017,N,12,0.0
NRU,2017,N,13,0.0
NRU,2017,N,14,0.0
NRU,2017,N,15,0.0
NRU,2017,N,16,0.0
NRU,2017,N,17,0.0
NRU,2017,N,18,0.0
NRU,2017,N,19,0.0
NRU,2017,N,20,0.0
NRU,2017,N,21,0.0
NRU,2017,N,22,0.0
NRU,2017,N,23,0.0
NRU,2017,N,24,0.0
NRU,2017,N,25,0.0
NRU,2017,N,26,0.0
NRU,2017,N,27,0.0
NRU,2017,N,28,0.0
NRU,2017,N,29,0.0
NRU,2017,N,30,0.0
NRU,2017,N,31,0.0
NRU,2017,N,32,0.0
NRU,2017,N,33,0.0
NRU,2017,N,34,0.0
NRU,2017,N,35,0.0
NRU,2017,N,36,0.0
NRU,2017,N,37,0.0
NRU,2017,N,38,0.0
NRU,2017,N,39,0.0
NRU,2017,N,40,0.0
NRU,2017,N,41,0.0
NRU,2017,N,42,0.0
NRU,2017,N,43,0.0
NRU,2017,N,44,0.0
NRU,2017,N,45,0.0
NRU,2017,N,46,0.0
NRU,2017,N,47,0.0
NRU,2017,N,48,0.0
NRU,2017,N,49,0.0
NRU,2017,N,50,0.0
NRU,2017,N,51,0.0
NRU,2017,N,52,0.0
NRU,2017,N,53,0.0
NRU,2017,N,54,0.0
NRU,2017,N,55,0.0
NRU,2017,N,56,0.0
NRU,2017,N,57,0.0
NRU,2017,N,58,0.0
NRU,2017,N,59,0.0
NRU,2017,N,60,0.0
NRU,2017,N,61,0.0
NRU,2017,N,62,0.0
NRU,2017,N,63,0.0
NRU,2017,N,64,0.0
NRU,2017,N,65,0.0
NRU,2017,N,66,0.0
NRU,2017,N,67,0.0
NRU,2017,N,68,0.0
NRU,2017,N,69,0.0
NRU,2017,N,70,0.0
NRU,2017,N,71,0.0
NRU,2017,N,72,0.0
NRU,2017,N,73,0.0
NRU,2017,N,74,0.0
NRU,2017,N,75,0.0
NRU,2017,N,76,0.0
NRU,2017,N,77,0.0
NRU,2017,N,78,0.006567361
NRU,2017,N,79,0.0
NRU,2017,N,80,0.004790339
NRU,2017,N,81,0.006911260000000001
NRU,2017,N,82,0.013656019999999998
NRU,2017,N,83,0.030811269999999995
NRU,2017,N,84,0.00775097000000001
NRU,2017,N,85,0.010187539999999995
NRU,2017,N,86,0.02336924
NRU,2017,N,87,0.022408299999999992
NRU,2017,N,88,0.014733700000000016
NRU,2017,N,89,0.025376099999999985
NRU,2017,N,90,0.030772099999999997
NRU,2017,N,91,0.0433202
NRU,2017,N,92,0.032266600000000034
NRU,2017,N,93,0.0519425
NRU,2017,N,94,0.058316799999999946
NRU,2017,N,95,0.04473090000000002
NRU,2017,N,96,0.049720299999999995
NRU,2017,N,97,0.037356900000000026
NRU,2017,N,98,0.05163470000000003
NRU,2017,N,99,0.04607069999999991
NRU,2017,N,100,0.03900490000000001
NRU,2017,N,101,0.03678219999999999
NRU,2017,N,102,0.04533720000000008
NRU,2017,N,103,0.03594979999999992
NRU,2017,N,104,0.03188330000000006
NRU,2017,N,105,0.017456000000000027
NRU,2017,N,106,0.03628829999999994
NRU,2017,N,107,0.023647300000000038
NRU,2017,N,108,0.013435100000000033
NRU,2017,N,109,0.03008809999999995
NRU,2017,N,110,0.006861699999999971
NRU,2017,N,111,0.008369100000000018
NRU,2017,N,112,0.005959400000000059
NRU,2017,N,113,0.011330199999999957
NRU,2017,N,114,0.002175299999999991
NRU,2017,N,115,0.006552499999999961
NRU,2017,N,116,0.011258300000000054
NRU,2017,N,117,0.001511799999999952
NRU,2017,N,118,0.001412599999999986
NRU,2017,N,119,0.011812900000000015
NRU,2017,N,120,0.0
NRU,2017,N,121,0.003174800000000033
NRU,2017,N,122,0.0
NRU,2017,N,123,0.0
NRU,2017,N,124,0.0053018999999999705
NRU,2017,N,125,0.0
NRU,2017,N,126,0.0017135000000000344
NRU,2017,N,127,0.0
NRU,2017,N,128,0.0
NRU,2017,N,129,0.0
NRU,2017,N,130,0.0
NRU,2017,N,131,0.0
NRU,2017,N,132,0.0
NRU,2017,N,133,0.0
NRU,2017,N,134,0.0
NRU,2017,N,135,0.0
NRU,2017,N,136,0.0
NRU,2017,N,137,0.0
NRU,2017,N,138,0.0
NRU,2017,N,139,0.0
NRU,2017,N,140,0.0
NRU,2017,N,141,0.0
NRU,2017,N,142,0.0
NRU,2017,N,143,0.0
NRU,2017,N,144,0.0
NRU,2017,N,145,0.0
NRU,2017,N,146,0.0
NRU,2017,N,147,0.0
NRU,2017,N,148,0.0
NRU,2017,N,149,0.0
NRU,2017,N,150,0.0
NRU,2017,N,151,0.0
NRU,2017,N,152,0.0
NRU,2017,N,153,0.0
NRU,2017,N,154,0.0
NRU,2017,N,155,0.0
NRU,2017,N,156,0.0
NRU,2017,N,157,0.0
NRU,2017,N,158,0.0
NRU,2017,N,159,0.0
NRU,2017,N,160,0.0
NRU,2017,N,161,0.0
NRU,2017,N,162,0.0
NRU,2017,N,163,0.0
NRU,2017,N,164,0.0
NRU,2017,N,165,0.0
NRU,2017,N,166,0.0
NRU,2017,N,167,0.0
NRU,2017,N,168,0.0
NRU,2017,N,169,0.0
NRU,2017,N,170,0.0
NRU,2017,N,171,0.0
NRU,2017,N,172,0.0
NRU,2017,N,173,0.0
NRU,2017,N,174,0.0
NRU,2017,N,175,0.0
NRU,2017,N,176,0.0
NRU,2017,N,177,0.0
NRU,2017,N,178,0.0
NRU,2017,N,179,0.0
NRU,2017,N,180,0.0
NRU,2017,N,181,0.0
NRU,2017,N,182,0.0
NRU,2017,N,183,0.0
NRU,2017,N,184,0.0
NRU,2017,N,185,0.0
NRU,2017,N,186,0.0
NRU,2017,N,187,0.0
NRU,2017,N,188,0.0
NRU,2017,N,189,0.0
NRU,2017,N,190,0.0
NRU,2017,N,191,0.0
NRU,2017,N,192,0.0
NRU,2017,N,193,0.0
NRU,2017,N,194,0.0
NRU,2017,N,195,0.0
NRU,2017,N,196,0.0
NRU,2017,N,197,0.0
NRU,2017,N,198,0.0
NRU,2018,N,0,0.0
NRU,2018,N,1,0.0
NRU,2018,N,2,0.0
NRU,2018,N,3,0.0
NRU,2018,N,4,0.0
NRU,2018,N,5,0.0
NRU,2018,N,6,0.0
NRU,2018,N,7,0.0
NRU,2018,N,8,0.0
NRU,2018,N,9,0.0
NRU,2018,N,10,0.0
NRU,2018,N,11,0.0
NRU,2018,N,12,0.0
NRU,2018,N,13,0.0
NRU,2018,N,14,0.0
NRU,2018,N,15,0.0
NRU,2018,N,16,0.0
NRU,2018,N,17,0.0
NRU,2018,N,18,0.0
NRU,2018,N,19,0.0
NRU,2018,N,20,0.0
NRU,2018,N,21,0.0
NRU,2018,N,22,0.0
NRU,2018,N,23,0.0
NRU,2018,N,24,0.0
NRU,2018,N,25,0.0
NRU,2018,N,26,0.0
NRU,2018,N,27,0.0
NRU,2018,N,28,0.0
NRU,2018,N,29,0.0
NRU,2018,N,30,0.0
NRU,2018,N,31,0.0
NRU,2018,N,32,0.0
NRU,2018,N,33,0.0
NRU,2018,N,34,0.0
NRU,2018,N,35,0.0
NRU,2018,N,36,0.0
NRU,2018,N,37,0.0
NRU,2018,N,38,0.0
NRU,2018,N,39,0.0
NRU,2018,N,40,0.0
NRU,2018,N,41,0.0
NRU,2018,N,42,0.0
NRU,2018,N,43,0.0
NRU,2018,N,44,0.0
NRU,2018,N,45,0.0
NRU,2018,N,46,0.0
NRU,2018,N,47,0.0
NRU,2018,N,48,0.0
NRU,2018,N,49,0.0
NRU,2018,N,50,0.0
NRU,2018,N,51,0.0
NRU,2018,N,52,0.0
NRU,2018,N,53,0.0
NRU,2018,N,54,0.0
NRU,2018,N,55,0.0
NRU,2018,N,56,0.0
NRU,2018,N,57,0.0
NRU,2018,N,58,0.0
NRU,2018,N,59,0.0
NRU,2018,N,60,0.0
NRU,2018,N,61,0.0
NRU,2018,N,62,0.0
NRU,2018,N,63,0.0
NRU,2018,N,64,0.0
NRU,2018,N,65,0.0
NRU,2018,N,66,0.0
NRU,2018,N,67,0.0
NRU,2018,N,68,0.0
NRU,2018,N,69,0.0
NRU,2018,N,70,0.0
NRU,2018,N,71,0.0
NRU,2018,N,72,0.0
NRU,2018,N,73,0.0
NRU,2018,N,74,0.0
NRU,2018,N,75,0.0
NRU,2018,N,76,0.0
NRU,2018,N,77,0.0
NRU,2018,N,78,0.0
NRU,2018,N,79,0.006567361
NRU,2018,N,80,0.0
NRU,2018,N,81,0.004790339
NRU,2018,N,82,0.006911260000000001
NRU,2018,N,83,0.013656019999999998
NRU,2018,N,84,0.030811269999999995
NRU,2018,N,85,0.00775097000000001
NRU,2018,N,86,0.008123640000000001
NRU,2018,N,87,0.025433139999999993
NRU,2018,N,88,0.022408299999999992
NRU,2018,N,89,0.014733700000000016
NRU,2018,N,90,0.025376099999999985
NRU,2018,N,91,0.030772099999999997
NRU,2018,N,92,0.0384043
NRU,2018,N,93,0.037182500000000035
NRU,2018,N,94,0.0463962
NRU,2018,N,95,0.061838000000000004
NRU,2018,N,96,0.046755999999999964
NRU,2018,N,97,0.03939940000000003
NRU,2018,N,98,0.04767779999999999
NRU,2018,N,99,0.04955069999999995
NRU,2018,N,100,0.04657810000000007
NRU,2018,N,101,0.03555849999999994
NRU,2018,N,102,0.03901870000000007
NRU,2018,N,103,0.04540079999999991
NRU,2018,N,104,0.038672700000000004
NRU,2018,N,105,0.030161800000000016
NRU,2018,N,106,0.01917750000000007
NRU,2018,N,107,0.03628829999999994
NRU,2018,N,108,0.023647300000000038
NRU,2018,N,109,0.013435100000000033
NRU,2018,N,110,0.03008809999999995
NRU,2018,N,111,0.006861699999999971
NRU,2018,N,112,0.006229099999999987
NRU,2018,N,113,0.00809940000000009
NRU,2018,N,114,0.011330199999999957
NRU,2018,N,115,0.002175299999999991
NRU,2018,N,116,0.004736700000000038
NRU,2018,N,117,0.013074099999999977
NRU,2018,N,118,0.001511799999999952
NRU,2018,N,119,0.001412599999999986
NRU,2018,N,120,0.011812900000000015
NRU,2018,N,121,0.0
NRU,2018,N,122,0.003174800000000033
NRU,2018,N,123,0.0
NRU,2018,N,124,0.0
NRU,2018,N,125,0.0053018999999999705
NRU,2018,N,126,0.0
NRU,2018,N,127,0.0017135000000000344
NRU,2018,N,128,0.0
NRU,2018,N,129,0.0
NRU,2018,N,130,0.0
NRU,2018,N,131,0.0
NRU,2018,N,132,0.0
NRU,2018,N,133,0.0
NRU,2018,N,134,0.0
NRU,2018,N,135,0.0
NRU,2018,N,136,0.0
NRU,2018,N,137,0.0
NRU,2018,N,138,0.0
NRU,2018,N,139,0.0
NRU,2018,N,140,0.0
NRU,2018,N,141,0.0
NRU,2018,N,142,0.0
NRU,2018,N,143,0.0
NRU,2018,N,144,0.0
NRU,2018,N,145,0.0
NRU,2018,N,146,0.0
NRU,2018,N,147,0.0
NRU,2018,N,148,0.0
NRU,2018,N,149,0.0
NRU,2018,N,150,0.0
NRU,2018,N,151,0.0
NRU,2018,N,152,0.0
NRU,2018,N,153,0.0
NRU,2018,N,154,0.0
NRU,2018,N,155,0.0
NRU,2018,N,156,0.0
NRU,2018,N,157,0.0
NRU,2018,N,158,0.0
NRU,2018,N,159,0.0
NRU,2018,N,160,0.0
NRU,2018,N,161,0.0
NRU,2018,N,162,0.0
NRU,2018,N,163,0.0
NRU,2018,N,164,0.0
NRU,2018,N,165,0.0
NRU,2018,N,166,0.0
NRU,2018,N,167,0.0
NRU,2018,N,168,0.0
NRU,2018,N,169,0.0
NRU,2018,N,170,0.0
NRU,2018,N,171,0.0
NRU,2018,N,172,0.0
NRU,2018,N,173,0.0
NRU,2018,N,174,0.0
NRU,2018,N,175,0.0
NRU,2018,N,176,0.0
NRU,2018,N,177,0.0
NRU,2018,N,178,0.0
NRU,2018,N,179,0.0
NRU,2018,N,180,0.0
NRU,2018,N,181,0.0
NRU,2018,N,182,0.0
NRU,2018,N,183,0.0
NRU,2018,N,184,0.0
NRU,2018,N,185,0.0
NRU,2018,N,186,0.0
NRU,2018,N,187,0.0
NRU,2018,N,188,0.0
NRU,2018,N,189,0.0
NRU,2018,N,190,0.0
NRU,2018,N,191,0.0
NRU,2018,N,192,0.0
NRU,2018,N,193,0.0
NRU,2018,N,194,0.0
NRU,2018,N,195,0.0
NRU,2018,N,196,0.0
NRU,2018,N,197,0.0
NRU,2018,N,198,0.0
NRU,2019,N,0,0.0
NRU,2019,N,1,0.0
NRU,2019,N,2,0.0
NRU,2019,N,3,0.0
NRU,2019,N,4,0.0
NRU,2019,N,5,0.0
NRU,2019,N,6,0.0
NRU,2019,N,7,0.0
NRU,2019,N,8,0.0
NRU,2019,N,9,0.0
NRU,2019,N,10,0.0
NRU,2019,N,11,0.0
NRU,2019,N,12,0.0
NRU,2019,N,13,0.0
NRU,2019,N,14,0.0
NRU,2019,N,15,0.0
NRU,2019,N,16,0.0
NRU,2019,N,17,0.0
NRU,2019,N,18,0.0
NRU,2019,N,19,0.0
NRU,2019,N,20,0.0
NRU,2019,N,21,0.0
NRU,2019,N,22,0.0
NRU,2019,N,23,0.0
NRU,2019,N,24,0.0
NRU,2019,N,25,0.0
NRU,2019,N,26,0.0
NRU,2019,N,27,0.0
NRU,2019,N,28,0.0
NRU,2019,N,29,0.0
NRU,2019,N,30,0.0
NRU,2019,N,31,0.0
NRU,2019,N,32,0.0
NRU,2019,N,33,0.0
NRU,2019,N,34,0.0
NRU,2019,N,35,0.0
NRU,2019,N,36,0.0
NRU,2019,N,37,0.0
NRU,2019,N,38,0.0
NRU,2019,N,39,0.0
NRU,2019,N,40,0.0
NRU,2019,N,41,0.0
NRU,2019,N,42,0.0
NRU,2019,N,43,0.0
NRU,2019,N,44,0.0
NRU,2019,N,45,0.0
NRU,2019,N,46,0.0
NRU,2019,N,47,0.0
NRU,2019,N,48,0.0
NRU,2019,N,49,0.0
NRU,2019,N,50,0.0
NRU,2019,N,51,0.0
NRU,2019,N,52,0.0
NRU,2019,N,53,0.0
NRU,2019,N,54,0.0
NRU,2019,N,55,0.0
NRU,2019,N,56,0.0
NRU,2019,N,57,0.0
NRU,2019,N,58,0.0
NRU,2019,N,59,0.0
NRU,2019,N,60,0.0
NRU,2019,N,61,0.0
NRU,2019,N,62,0.0
NRU,2019,N,63,0.0
NRU,2019,N,64,0.0
NRU,2019,N,65,0.0
NRU,2019,N,66,0.0
NRU,2019,N,67,0.0
NRU,2019,N,68,0.0
NRU,2019,N,69,0.0
NRU,2019,N,70,0.0
NRU,2019,N,71,0.0
NRU,2019,N,72,0.0
NRU,2019,N,73,0.0
NRU,2019,N,74,0.0
NRU,2019,N,75,0.0
NRU,2019,N,76,0.0
NRU,2019,N,77,0.0
NRU,2019,N,78,0.0
NRU,2019,N,79,0.006567361
NRU,2019,N,80,0.0
NRU,2019,N,81,0.0023515279999999994
NRU,2019,N,82,0.0073275710000000015
NRU,2019,N,83,0.015678519999999998
NRU,2019,N,84,0.02683063
NRU,2019,N,85,0.011731610000000003
NRU,2019,N,86,0.006409429999999994
NRU,2019,N,87,0.023110050000000007
NRU,2019,N,88,0.017936800000000003
NRU,2019,N,89,0.0211538
NRU,2019,N,90,0.019707399999999986
NRU,2019,N,91,0.038529499999999994
NRU,2019,N,92,0.034121700000000005
NRU,2019,N,93,0.03676269999999998
NRU,2019,N,94,0.04203410000000002
NRU,2019,N,95,0.0641851
NRU,2019,N,96,0.04917900000000003
NRU,2019,N,97,0.03926059999999998
NRU,2019,N,98,0.0456993
NRU,2019,N,99,0.046230899999999964
NRU,2019,N,100,0.05630960000000007
NRU,2019,N,101,0.02715780000000001
NRU,2019,N,102,0.04046709999999998
NRU,2019,N,103,0.04397289999999998
NRU,2019,N,104,0.04227599999999998
NRU,2019,N,105,0.027979100000000034
NRU,2019,N,106,0.026137100000000024
NRU,2019,N,107,0.026773999999999964
NRU,2019,N,108,0.03316160000000001
NRU,2019,N,109,0.011941299999999933
NRU,2019,N,110,0.02497740000000004
NRU,2019,N,111,0.011165800000000004
NRU,2019,N,112,0.008529499999999968
NRU,2019,N,113,0.00809940000000009
NRU,2019,N,114,0.011330199999999957
NRU,2019,N,115,0.0
NRU,2019,N,116,0.006912000000000029
NRU,2019,N,117,0.013074099999999977
NRU,2019,N,118,0.0
NRU,2019,N,119,0.002924399999999938
NRU,2019,N,120,0.011812900000000015
NRU,2019,N,121,0.0
NRU,2019,N,122,0.003174800000000033
NRU,2019,N,123,0.0
NRU,2019,N,124,0.0
NRU,2019,N,125,0.0053018999999999705
NRU,2019,N,126,0.0
NRU,2019,N,127,0.0017135000000000344
NRU,2019,N,128,0.0
NRU,2019,N,129,0.0
NRU,2019,N,130,0.0
NRU,2019,N,131,0.0
NRU,2019,N,132,0.0
NRU,2019,N,133,0.0
NRU,2019,N,134,0.0
NRU,2019,N,135,0.0
NRU,2019,N,136,0.0
NRU,2019,N,137,0.0
NRU,2019,N,138,0.0
NRU,2019,N,139,0.0
NRU,2019,N,140,0.0
NRU,2019,N,141,0.0
NRU,2019,N,142,0.0
NRU,2019,N,143,0.0
NRU,2019,N,144,0.0
NRU,2019,N,145,0.0
NRU,2019,N,146,0.0
NRU,2019,N,147,0.0
NRU,2019,N,148,0.0
NRU,2019,N,149,0.0
NRU,2019,N,150,0.0
NRU,2019,N,151,0.0
NRU,2019,N,152,0.0
NRU,2019,N,153,0.0
NRU,2019,N,154,0.0
NRU,2019,N,155,0.0
NRU,2019,N,156,0.0
NRU,2019,N,157,0.0
NRU,2019,N,158,0.0
NRU,2019,N,159,0.0
NRU,2019,N,160,0.0
NRU,2019,N,161,0.0
NRU,2019,N,162,0.0
NRU,2019,N,163,0.0
NRU,2019,N,164,0.0
NRU,2019,N,165,0.0
NRU,2019,N,166,0.0
NRU,2019,N,167,0.0
NRU,2019,N,168,0.0
NRU,2019,N,169,0.0
NRU,2019,N,170,0.0
NRU,2019,N,171,0.0
NRU,2019,N,172,0.0
NRU,2019,N,173,0.0
NRU,2019,N,174,0.0
NRU,2019,N,175,0.0
NRU,2019,N,176,0.0
NRU,2019,N,177,0.0
NRU,2019,N,178,0.0
NRU,2019,N,179,0.0
NRU,2019,N,180,0.0
NRU,2019,N,181,0.0
NRU,2019,N,182,0.0
NRU,2019,N,183,0.0
NRU,2019,N,184,0.0
NRU,2019,N,185,0.0
NRU,2019,N,186,0.0
NRU,2019,N,187,0.0
NRU,2019,N,188,0.0
NRU,2019,N,189,0.0
NRU,2019,N,190,0.0
NRU,2019,N,191,0.0
NRU,2019,N,192,0.0
NRU,2019,N,193,0.0
NRU,2019,N,194,0.0
NRU,2019,N,195,0.0
NRU,2019,N,196,0.0
NRU,2019,N,197,0.0
NRU,2019,N,198,0.0
