country,year,coverage_type,Mean
ALB,1981,N,147
DZA,1981,N,148
AGO,1981,N,143
ARG,1981,U,163
ARM,1981,N,150
AUS,1981,N,169
AUT,1981,N,170
AZE,1981,N,157
BGD,1981,N,131
BLR,1981,N,146
BEL,1981,N,166
BLZ,1981,N,146
BEN,1981,N,129
BTN,1981,N,124
BOL,1981,N,146
BIH,1981,N,144
BWA,1981,N,135
BRA,1981,N,148
BGR,1981,N,160
BFA,1981,N,121
BDI,1981,N,121
CPV,1981,N,130
CMR,1981,N,138
CAN,1981,N,172
CAF,1981,N,124
TCD,1981,N,124
CHL,1981,N,154
CHN,1981,A,120
CHN,1981,R,118
CHN,1981,U,127
COL,1981,N,150
COM,1981,N,149
COD,1981,N,129
COG,1981,N,133
CRI,1981,N,142
CIV,1981,N,152
HRV,1981,N,161
CYP,1981,N,155
CZE,1981,N,158
DNK,1981,N,170
DJI,1981,N,150
DOM,1981,N,155
ECU,1981,N,147
EGY,1981,N,137
SLV,1981,N,148
EST,1981,N,157
SWZ,1981,N,117
ETH,1981,N,132
FJI,1981,N,146
FIN,1981,N,165
FRA,1981,N,169
GAB,1981,N,150
GMB,1981,N,128
GEO,1981,N,166
DEU,1981,N,170
GHA,1981,N,133
GRC,1981,N,161
GTM,1981,N,139
GIN,1981,N,114
GNB,1981,N,135
GUY,1981,N,142
HTI,1981,N,139
HND,1981,N,139
HUN,1981,N,160
ISL,1981,N,168
IND,1981,A,129
IND,1981,R,128
IND,1981,U,133
IDN,1981,A,125
IDN,1981,R,124
IDN,1981,U,130
IRN,1981,N,149
IRQ,1981,N,140
IRL,1981,N,160
ISR,1981,N,161
ITA,1981,N,164
JAM,1981,N,148
JPN,1981,N,164
JOR,1981,N,152
KAZ,1981,N,144
KEN,1981,N,143
KIR,1981,N,145
KOR,1981,N,150
KGZ,1981,N,147
LAO,1981,N,132
LVA,1981,N,156
LBN,1981,N,156
LSO,1981,N,135
LBR,1981,N,149
LTU,1981,N,148
LUX,1981,N,169
MDG,1981,N,132
MWI,1981,N,136
MYS,1981,N,154
MDV,1981,N,134
MLI,1981,N,119
MLT,1981,N,157
MRT,1981,N,136
MUS,1981,N,137
MEX,1981,N,151
MDA,1981,N,154
MNG,1981,N,140
MNE,1981,N,159
MAR,1981,N,141
MOZ,1981,N,124
MMR,1981,N,118
NAM,1981,N,147
NPL,1981,N,124
NLD,1981,N,168
NIC,1981,N,147
NER,1981,N,129
NGA,1981,N,133
MKD,1981,N,151
NOR,1981,N,166
PAK,1981,N,126
PAN,1981,N,154
PNG,1981,N,129
PRY,1981,N,155
PER,1981,N,156
PHL,1981,N,139
POL,1981,N,155
PRT,1981,N,158
ROU,1981,N,156
RUS,1981,N,159
RWA,1981,N,129
WSM,1981,N,146
STP,1981,N,139
SEN,1981,N,130
SRB,1981,N,163
SYC,1981,N,152
SLE,1981,N,126
SVN,1981,N,169
SLB,1981,N,137
ZAF,1981,N,149
ESP,1981,N,159
LKA,1981,N,136
LCA,1981,N,127
SDN,1981,N,132
SUR,1981,U,153
SWE,1981,N,167
CHE,1981,N,178
SYR,1981,N,144
TWN,1981,N,158
TJK,1981,N,148
TZA,1981,N,125
THA,1981,N,143
TGO,1981,N,135
TON,1981,N,145
TTO,1981,N,162
TUN,1981,N,143
TUR,1981,N,147
TKM,1981,N,138
UGA,1981,N,130
UKR,1981,N,148
ARE,1981,N,196
GBR,1981,N,163
USA,1981,N,174
URY,1981,N,160
UZB,1981,N,139
VUT,1981,N,139
VEN,1981,N,157
VNM,1981,N,124
PSE,1981,N,147
YEM,1981,N,142
ZMB,1981,N,137
ZWE,1981,N,145
ALB,1982,N,147
DZA,1982,N,148
AGO,1982,N,142
ARG,1982,U,163
ARM,1982,N,151
AUS,1982,N,169
AUT,1982,N,171
AZE,1982,N,158
BGD,1982,N,130
BLR,1982,N,147
BEL,1982,N,167
BLZ,1982,N,146
BEN,1982,N,129
BTN,1982,N,124
BOL,1982,N,145
BIH,1982,N,145
BWA,1982,N,136
BRA,1982,N,149
BGR,1982,N,160
BFA,1982,N,122
BDI,1982,N,121
CPV,1982,N,130
CMR,1982,N,139
CAN,1982,N,171
CAF,1982,N,125
TCD,1982,N,125
CHL,1982,N,151
CHN,1982,A,121
CHN,1982,R,119
CHN,1982,U,127
COL,1982,N,150
COM,1982,N,149
COD,1982,N,128
COG,1982,N,135
CRI,1982,N,141
CIV,1982,N,151
HRV,1982,N,161
CYP,1982,N,157
CZE,1982,N,158
DNK,1982,N,170
DJI,1982,N,150
DOM,1982,N,156
ECU,1982,N,147
EGY,1982,N,137
SLV,1982,N,147
EST,1982,N,157
SWZ,1982,N,117
ETH,1982,N,131
FJI,1982,N,145
FIN,1982,N,166
FRA,1982,N,169
GAB,1982,N,149
GMB,1982,N,128
GEO,1982,N,166
DEU,1982,N,169
GHA,1982,N,132
GRC,1982,N,161
GTM,1982,N,138
GIN,1982,N,114
GNB,1982,N,135
GUY,1982,N,140
HTI,1982,N,138
HND,1982,N,139
HUN,1982,N,160
ISL,1982,N,168
IND,1982,A,129
IND,1982,R,127
IND,1982,U,132
IDN,1982,A,126
IDN,1982,R,124
IDN,1982,U,130
IRN,1982,N,149
IRQ,1982,N,140
IRL,1982,N,159
ISR,1982,N,161
ITA,1982,N,164
JAM,1982,N,148
JPN,1982,N,164
JOR,1982,N,153
KAZ,1982,N,143
KEN,1982,N,143
KIR,1982,N,146
KOR,1982,N,150
KGZ,1982,N,147
LAO,1982,N,132
LVA,1982,N,156
LBN,1982,N,150
LSO,1982,N,135
LBR,1982,N,149
LTU,1982,N,148
LUX,1982,N,169
MDG,1982,N,131
MWI,1982,N,136
MYS,1982,N,154
MDV,1982,N,134
MLI,1982,N,118
MLT,1982,N,157
MRT,1982,N,135
MUS,1982,N,138
MEX,1982,N,150
MDA,1982,N,155
MNG,1982,N,141
MNE,1982,N,159
MAR,1982,N,142
MOZ,1982,N,122
MMR,1982,N,118
NAM,1982,N,147
NPL,1982,N,124
NLD,1982,N,168
NIC,1982,N,144
NER,1982,N,129
NGA,1982,N,132
MKD,1982,N,151
NOR,1982,N,166
PAK,1982,N,126
PAN,1982,N,151
PNG,1982,N,129
PRY,1982,N,156
PER,1982,N,156
PHL,1982,N,139
POL,1982,N,155
PRT,1982,N,158
ROU,1982,N,157
RUS,1982,N,159
RWA,1982,N,129
WSM,1982,N,146
STP,1982,N,139
SEN,1982,N,131
SRB,1982,N,163
SYC,1982,N,152
SLE,1982,N,127
SVN,1982,N,169
SLB,1982,N,136
ZAF,1982,N,149
ESP,1982,N,159
LKA,1982,N,136
LCA,1982,N,127
SDN,1982,N,132
SUR,1982,U,153
SWE,1982,N,167
CHE,1982,N,178
SYR,1982,N,144
TWN,1982,N,158
TJK,1982,N,148
TZA,1982,N,124
THA,1982,N,143
TGO,1982,N,134
TON,1982,N,146
TTO,1982,N,162
TUN,1982,N,143
TUR,1982,N,148
TKM,1982,N,138
UGA,1982,N,130
UKR,1982,N,148
ARE,1982,N,194
GBR,1982,N,164
USA,1982,N,173
URY,1982,N,159
UZB,1982,N,139
VUT,1982,N,139
VEN,1982,N,157
VNM,1982,N,125
PSE,1982,N,147
YEM,1982,N,142
ZMB,1982,N,137
ZWE,1982,N,144
ALB,1983,N,147
DZA,1983,N,148
AGO,1983,N,142
ARG,1983,U,163
ARM,1983,N,151
AUS,1983,N,170
AUT,1983,N,172
AZE,1983,N,158
BGD,1983,N,130
BLR,1983,N,148
BEL,1983,N,167
BLZ,1983,N,145
BEN,1983,N,128
BTN,1983,N,126
BOL,1983,N,144
BIH,1983,N,144
BWA,1983,N,137
BRA,1983,N,146
BGR,1983,N,161
BFA,1983,N,121
BDI,1983,N,121
CPV,1983,N,131
CMR,1983,N,139
CAN,1983,N,171
CAF,1983,N,123
TCD,1983,N,126
CHL,1983,N,150
CHN,1983,A,122
CHN,1983,R,120
CHN,1983,U,128
COL,1983,N,149
COM,1983,N,149
COD,1983,N,128
COG,1983,N,136
CRI,1983,N,141
CIV,1983,N,150
HRV,1983,N,161
CYP,1983,N,158
CZE,1983,N,158
DNK,1983,N,170
DJI,1983,N,150
DOM,1983,N,156
ECU,1983,N,147
EGY,1983,N,137
SLV,1983,N,147
EST,1983,N,158
SWZ,1983,N,117
ETH,1983,N,132
FJI,1983,N,144
FIN,1983,N,166
FRA,1983,N,169
GAB,1983,N,149
GMB,1983,N,129
GEO,1983,N,166
DEU,1983,N,170
GHA,1983,N,131
GRC,1983,N,161
GTM,1983,N,138
GIN,1983,N,114
GNB,1983,N,135
GUY,1983,N,139
HTI,1983,N,138
HND,1983,N,138
HUN,1983,N,160
ISL,1983,N,168
IND,1983,A,129
IND,1983,R,128
IND,1983,U,133
IDN,1983,A,126
IDN,1983,R,124
IDN,1983,U,131
IRN,1983,N,149
IRQ,1983,N,138
IRL,1983,N,159
ISR,1983,N,162
ITA,1983,N,164
JAM,1983,N,148
JPN,1983,N,165
JOR,1983,N,153
KAZ,1983,N,144
KEN,1983,N,142
KIR,1983,N,145
KOR,1983,N,151
KGZ,1983,N,147
LAO,1983,N,132
LVA,1983,N,156
LBN,1983,N,152
LSO,1983,N,135
LBR,1983,N,148
LTU,1983,N,148
LUX,1983,N,169
MDG,1983,N,131
MWI,1983,N,137
MYS,1983,N,154
MDV,1983,N,135
MLI,1983,N,118
MLT,1983,N,157
MRT,1983,N,135
MUS,1983,N,138
MEX,1983,N,149
MDA,1983,N,155
MNG,1983,N,142
MNE,1983,N,159
MAR,1983,N,142
MOZ,1983,N,120
MMR,1983,N,119
NAM,1983,N,146
NPL,1983,N,123
NLD,1983,N,168
NIC,1983,N,143
NER,1983,N,128
NGA,1983,N,130
MKD,1983,N,151
NOR,1983,N,167
PAK,1983,N,126
PAN,1983,N,152
PNG,1983,N,129
PRY,1983,N,155
PER,1983,N,154
PHL,1983,N,139
POL,1983,N,155
PRT,1983,N,158
ROU,1983,N,158
RUS,1983,N,159
RWA,1983,N,129
WSM,1983,N,145
STP,1983,N,138
SEN,1983,N,129
SRB,1983,N,163
SYC,1983,N,151
SLE,1983,N,126
SVN,1983,N,169
SLB,1983,N,136
ZAF,1983,N,148
ESP,1983,N,159
LKA,1983,N,136
LCA,1983,N,128
SDN,1983,N,132
SUR,1983,U,152
SWE,1983,N,166
CHE,1983,N,178
SYR,1983,N,144
TWN,1983,N,159
TJK,1983,N,148
TZA,1983,N,124
THA,1983,N,143
TGO,1983,N,133
TON,1983,N,146
TTO,1983,N,161
TUN,1983,N,143
TUR,1983,N,148
TKM,1983,N,138
UGA,1983,N,131
UKR,1983,N,149
ARE,1983,N,193
GBR,1983,N,164
USA,1983,N,174
URY,1983,N,157
UZB,1983,N,140
VUT,1983,N,139
VEN,1983,N,156
VNM,1983,N,126
PSE,1983,N,146
YEM,1983,N,142
ZMB,1983,N,136
ZWE,1983,N,144
ALB,1984,N,146
DZA,1984,N,148
AGO,1984,N,142
ARG,1984,U,164
ARM,1984,N,151
AUS,1984,N,170
AUT,1984,N,171
AZE,1984,N,159
BGD,1984,N,131
BLR,1984,N,148
BEL,1984,N,167
BLZ,1984,N,145
BEN,1984,N,129
BTN,1984,N,126
BOL,1984,N,144
BIH,1984,N,145
BWA,1984,N,138
BRA,1984,N,146
BGR,1984,N,161
BFA,1984,N,121
BDI,1984,N,121
CPV,1984,N,131
CMR,1984,N,140
CAN,1984,N,172
CAF,1984,N,124
TCD,1984,N,126
CHL,1984,N,150
CHN,1984,A,124
CHN,1984,R,123
CHN,1984,U,129
COL,1984,N,149
COM,1984,N,150
COD,1984,N,129
COG,1984,N,136
CRI,1984,N,142
CIV,1984,N,149
HRV,1984,N,161
CYP,1984,N,158
CZE,1984,N,158
DNK,1984,N,171
DJI,1984,N,150
DOM,1984,N,156
ECU,1984,N,146
EGY,1984,N,138
SLV,1984,N,147
EST,1984,N,158
SWZ,1984,N,117
ETH,1984,N,131
FJI,1984,N,145
FIN,1984,N,166
FRA,1984,N,169
GAB,1984,N,150
GMB,1984,N,129
GEO,1984,N,167
DEU,1984,N,170
GHA,1984,N,131
GRC,1984,N,161
GTM,1984,N,138
GIN,1984,N,113
GNB,1984,N,135
GUY,1984,N,139
HTI,1984,N,137
HND,1984,N,139
HUN,1984,N,161
ISL,1984,N,168
IND,1984,A,129
IND,1984,R,128
IND,1984,U,133
IDN,1984,A,127
IDN,1984,R,125
IDN,1984,U,131
IRN,1984,N,151
IRQ,1984,N,137
IRL,1984,N,159
ISR,1984,N,160
ITA,1984,N,165
JAM,1984,N,147
JPN,1984,N,165
JOR,1984,N,154
KAZ,1984,N,144
KEN,1984,N,142
KIR,1984,N,146
KOR,1984,N,152
KGZ,1984,N,147
LAO,1984,N,133
LVA,1984,N,156
LBN,1984,N,158
LSO,1984,N,136
LBR,1984,N,147
LTU,1984,N,149
LUX,1984,N,169
MDG,1984,N,131
MWI,1984,N,137
MYS,1984,N,154
MDV,1984,N,136
MLI,1984,N,117
MLT,1984,N,157
MRT,1984,N,134
MUS,1984,N,138
MEX,1984,N,149
MDA,1984,N,155
MNG,1984,N,142
MNE,1984,N,159
MAR,1984,N,143
MOZ,1984,N,118
MMR,1984,N,119
NAM,1984,N,146
NPL,1984,N,124
NLD,1984,N,168
NIC,1984,N,142
NER,1984,N,125
NGA,1984,N,129
MKD,1984,N,151
NOR,1984,N,167
PAK,1984,N,127
PAN,1984,N,153
PNG,1984,N,129
PRY,1984,N,156
PER,1984,N,154
PHL,1984,N,138
POL,1984,N,155
PRT,1984,N,157
ROU,1984,N,158
RUS,1984,N,159
RWA,1984,N,128
WSM,1984,N,146
STP,1984,N,137
SEN,1984,N,129
SRB,1984,N,163
SYC,1984,N,152
SLE,1984,N,126
SVN,1984,N,169
SLB,1984,N,136
ZAF,1984,N,149
ESP,1984,N,159
LKA,1984,N,138
LCA,1984,N,129
SDN,1984,N,131
SUR,1984,U,152
SWE,1984,N,167
CHE,1984,N,178
SYR,1984,N,142
TWN,1984,N,160
TJK,1984,N,148
TZA,1984,N,124
THA,1984,N,143
TGO,1984,N,133
TON,1984,N,146
TTO,1984,N,159
TUN,1984,N,143
TUR,1984,N,149
TKM,1984,N,137
UGA,1984,N,130
UKR,1984,N,149
ARE,1984,N,193
GBR,1984,N,164
USA,1984,N,175
URY,1984,N,157
UZB,1984,N,139
VUT,1984,N,140
VEN,1984,N,156
VNM,1984,N,127
PSE,1984,N,147
YEM,1984,N,143
ZMB,1984,N,135
ZWE,1984,N,143
ALB,1985,N,146
DZA,1985,N,149
AGO,1985,N,142
ARG,1985,U,163
ARM,1985,N,152
AUS,1985,N,169
AUT,1985,N,171
AZE,1985,N,159
BGD,1985,N,132
BLR,1985,N,148
BEL,1985,N,167
BLZ,1985,N,145
BEN,1985,N,130
BTN,1985,N,126
BOL,1985,N,144
BIH,1985,N,145
BWA,1985,N,138
BRA,1985,N,147
BGR,1985,N,161
BFA,1985,N,122
BDI,1985,N,122
CPV,1985,N,132
CMR,1985,N,141
CAN,1985,N,172
CAF,1985,N,124
TCD,1985,N,129
CHL,1985,N,150
CHN,1985,A,125
CHN,1985,R,124
CHN,1985,U,130
COL,1985,N,149
COM,1985,N,150
COD,1985,N,128
COG,1985,N,136
CRI,1985,N,142
CIV,1985,N,149
HRV,1985,N,161
CYP,1985,N,159
CZE,1985,N,158
DNK,1985,N,172
DJI,1985,N,149
DOM,1985,N,155
ECU,1985,N,147
EGY,1985,N,138
SLV,1985,N,147
EST,1985,N,158
SWZ,1985,N,117
ETH,1985,N,129
FJI,1985,N,144
FIN,1985,N,167
FRA,1985,N,169
GAB,1985,N,149
GMB,1985,N,128
GEO,1985,N,168
DEU,1985,N,170
GHA,1985,N,132
GRC,1985,N,161
GTM,1985,N,137
GIN,1985,N,114
GNB,1985,N,136
GUY,1985,N,139
HTI,1985,N,137
HND,1985,N,139
HUN,1985,N,161
ISL,1985,N,168
IND,1985,A,130
IND,1985,R,128
IND,1985,U,133
IDN,1985,A,127
IDN,1985,R,125
IDN,1985,U,131
IRN,1985,N,151
IRQ,1985,N,137
IRL,1985,N,160
ISR,1985,N,160
ITA,1985,N,165
JAM,1985,N,147
JPN,1985,N,166
JOR,1985,N,154
KAZ,1985,N,144
KEN,1985,N,142
KIR,1985,N,144
KOR,1985,N,153
KGZ,1985,N,146
LAO,1985,N,133
LVA,1985,N,156
LBN,1985,N,161
LSO,1985,N,136
LBR,1985,N,147
LTU,1985,N,148
LUX,1985,N,170
MDG,1985,N,130
MWI,1985,N,137
MYS,1985,N,154
MDV,1985,N,138
MLI,1985,N,120
MLT,1985,N,157
MRT,1985,N,134
MUS,1985,N,139
MEX,1985,N,150
MDA,1985,N,154
MNG,1985,N,143
MNE,1985,N,159
MAR,1985,N,143
MOZ,1985,N,118
MMR,1985,N,119
NAM,1985,N,146
NPL,1985,N,125
NLD,1985,N,168
NIC,1985,N,141
NER,1985,N,126
NGA,1985,N,130
MKD,1985,N,151
NOR,1985,N,169
PAK,1985,N,127
PAN,1985,N,153
PNG,1985,N,129
PRY,1985,N,155
PER,1985,N,154
PHL,1985,N,138
POL,1985,N,155
PRT,1985,N,157
ROU,1985,N,158
RUS,1985,N,159
RWA,1985,N,128
WSM,1985,N,146
STP,1985,N,138
SEN,1985,N,129
SRB,1985,N,163
SYC,1985,N,153
SLE,1985,N,125
SVK,1985,N,160
SVN,1985,N,169
SLB,1985,N,135
ZAF,1985,N,148
ESP,1985,N,159
LKA,1985,N,138
LCA,1985,N,130
SDN,1985,N,129
SUR,1985,U,152
SWE,1985,N,167
CHE,1985,N,178
SYR,1985,N,143
TWN,1985,N,161
TJK,1985,N,148
TZA,1985,N,124
THA,1985,N,143
TGO,1985,N,133
TON,1985,N,147
TTO,1985,N,159
TUN,1985,N,143
TUR,1985,N,149
TKM,1985,N,137
UGA,1985,N,129
UKR,1985,N,149
ARE,1985,N,191
GBR,1985,N,164
USA,1985,N,175
URY,1985,N,157
UZB,1985,N,139
VUT,1985,N,140
VEN,1985,N,155
VNM,1985,N,127
PSE,1985,N,146
YEM,1985,N,142
ZMB,1985,N,135
ZWE,1985,N,144
ALB,1986,N,147
DZA,1986,N,148
AGO,1986,N,142
ARG,1986,U,164
ARM,1986,N,152
AUS,1986,N,170
AUT,1986,N,172
AZE,1986,N,159
BGD,1986,N,132
BLR,1986,N,148
BEL,1986,N,167
BLZ,1986,N,145
BEN,1986,N,129
BTN,1986,N,127
BOL,1986,N,145
BIH,1986,N,145
BWA,1986,N,139
BRA,1986,N,155
BGR,1986,N,162
BFA,1986,N,122
BDI,1986,N,122
CPV,1986,N,132
CMR,1986,N,141
CAN,1986,N,172
CAF,1986,N,124
TCD,1986,N,128
CHL,1986,N,150
CHN,1986,A,126
CHN,1986,R,124
CHN,1986,U,131
COL,1986,N,150
COM,1986,N,149
COD,1986,N,129
COG,1986,N,134
CRI,1986,N,143
CIV,1986,N,147
HRV,1986,N,161
CYP,1986,N,159
CZE,1986,N,159
DNK,1986,N,173
DJI,1986,N,149
DOM,1986,N,155
ECU,1986,N,146
EGY,1986,N,138
SLV,1986,N,147
EST,1986,N,158
SWZ,1986,N,118
ETH,1986,N,130
FJI,1986,N,145
FIN,1986,N,167
FRA,1986,N,169
GAB,1986,N,149
GMB,1986,N,128
GEO,1986,N,166
DEU,1986,N,171
GHA,1986,N,132
GRC,1986,N,161
GTM,1986,N,137
GIN,1986,N,114
GNB,1986,N,135
GUY,1986,N,139
HTI,1986,N,137
HND,1986,N,140
HUN,1986,N,161
ISL,1986,N,169
IND,1986,A,130
IND,1986,R,128
IND,1986,U,133
IDN,1986,A,127
IDN,1986,R,125
IDN,1986,U,130
IRN,1986,N,151
IRQ,1986,N,137
IRL,1986,N,160
ISR,1986,N,161
ITA,1986,N,166
JAM,1986,N,147
JPN,1986,N,166
JOR,1986,N,153
KAZ,1986,N,144
KEN,1986,N,142
KIR,1986,N,144
KOR,1986,N,154
KGZ,1986,N,146
LAO,1986,N,133
LVA,1986,N,156
LBN,1986,N,160
LSO,1986,N,136
LBR,1986,N,146
LTU,1986,N,148
LUX,1986,N,170
MDG,1986,N,130
MWI,1986,N,136
MYS,1986,N,154
MDV,1986,N,138
MLI,1986,N,120
MLT,1986,N,158
MRT,1986,N,135
MUS,1986,N,140
MEX,1986,N,149
FSM,1986,N,144
MDA,1986,N,155
MNG,1986,N,143
MNE,1986,N,159
MAR,1986,N,144
MOZ,1986,N,118
MMR,1986,N,119
NAM,1986,N,146
NPL,1986,N,125
NLD,1986,N,168
NIC,1986,N,139
NER,1986,N,126
NGA,1986,N,129
MKD,1986,N,152
NOR,1986,N,170
PAK,1986,N,128
PAN,1986,N,152
PNG,1986,N,129
PRY,1986,N,155
PER,1986,N,156
PHL,1986,N,138
POL,1986,N,156
PRT,1986,N,158
ROU,1986,N,159
RUS,1986,N,159
RWA,1986,N,128
WSM,1986,N,147
STP,1986,N,136
SEN,1986,N,129
SRB,1986,N,163
SYC,1986,N,153
SLE,1986,N,125
SVK,1986,N,160
SVN,1986,N,169
SLB,1986,N,134
ZAF,1986,N,148
ESP,1986,N,160
LKA,1986,N,138
LCA,1986,N,131
SDN,1986,N,130
SUR,1986,U,152
SWE,1986,N,167
CHE,1986,N,178
SYR,1986,N,142
TWN,1986,N,162
TJK,1986,N,148
TZA,1986,N,125
THA,1986,N,143
TGO,1986,N,133
TON,1986,N,148
TTO,1986,N,158
TUN,1986,N,143
TUR,1986,N,149
TKM,1986,N,137
UGA,1986,N,129
UKR,1986,N,149
ARE,1986,N,188
GBR,1986,N,165
USA,1986,N,175
URY,1986,N,158
UZB,1986,N,138
VUT,1986,N,140
VEN,1986,N,155
VNM,1986,N,127
PSE,1986,N,148
YEM,1986,N,142
ZMB,1986,N,135
ZWE,1986,N,144
ALB,1987,N,146
DZA,1987,N,147
AGO,1987,N,142
ARG,1987,U,163
ARM,1987,N,151
AUS,1987,N,170
AUT,1987,N,172
AZE,1987,N,160
BGD,1987,N,131
BLR,1987,N,148
BEL,1987,N,167
BLZ,1987,N,146
BEN,1987,N,129
BTN,1987,N,130
BOL,1987,N,145
BIH,1987,N,145
BWA,1987,N,140
BRA,1987,N,152
BGR,1987,N,162
BFA,1987,N,122
BDI,1987,N,122
CPV,1987,N,133
CMR,1987,N,140
CAN,1987,N,172
CAF,1987,N,123
TCD,1987,N,127
CHL,1987,N,151
CHN,1987,A,127
CHN,1987,R,125
CHN,1987,U,132
COL,1987,N,150
COM,1987,N,149
COD,1987,N,129
COG,1987,N,134
CRI,1987,N,145
CIV,1987,N,145
HRV,1987,N,161
CYP,1987,N,159
CZE,1987,N,159
DNK,1987,N,172
DJI,1987,N,148
DOM,1987,N,154
ECU,1987,N,147
EGY,1987,N,139
SLV,1987,N,147
EST,1987,N,158
SWZ,1987,N,120
ETH,1987,N,131
FJI,1987,N,144
FIN,1987,N,168
FRA,1987,N,169
GAB,1987,N,146
GMB,1987,N,128
GEO,1987,N,166
DEU,1987,N,171
GHA,1987,N,132
GRC,1987,N,161
GTM,1987,N,139
GIN,1987,N,114
GNB,1987,N,135
GUY,1987,N,139
HTI,1987,N,136
HND,1987,N,140
HUN,1987,N,162
ISL,1987,N,170
IND,1987,A,130
IND,1987,R,129
IND,1987,U,134
IDN,1987,A,127
IDN,1987,R,125
IDN,1987,U,130
IRN,1987,N,150
IRQ,1987,N,138
IRL,1987,N,161
ISR,1987,N,162
ITA,1987,N,167
JAM,1987,N,148
JPN,1987,N,167
JOR,1987,N,153
KAZ,1987,N,143
KEN,1987,N,143
KIR,1987,N,142
KOR,1987,N,155
KGZ,1987,N,146
LAO,1987,N,133
LVA,1987,N,156
LBN,1987,N,162
LSO,1987,N,136
LBR,1987,N,146
LTU,1987,N,149
LUX,1987,N,171
MDG,1987,N,130
MWI,1987,N,135
MYS,1987,N,154
MDV,1987,N,139
MLI,1987,N,120
MLT,1987,N,158
MRT,1987,N,135
MUS,1987,N,142
MEX,1987,N,149
FSM,1987,N,144
MDA,1987,N,154
MNG,1987,N,144
MNE,1987,N,159
MAR,1987,N,144
MOZ,1987,N,120
MMR,1987,N,118
NAM,1987,N,146
NPL,1987,N,125
NLD,1987,N,169
NIC,1987,N,138
NER,1987,N,126
NGA,1987,N,129
MKD,1987,N,152
NOR,1987,N,170
PAK,1987,N,128
PAN,1987,N,151
PNG,1987,N,129
PRY,1987,N,156
PER,1987,N,156
PHL,1987,N,138
POL,1987,N,156
PRT,1987,N,159
ROU,1987,N,159
RUS,1987,N,159
RWA,1987,N,128
WSM,1987,N,147
STP,1987,N,135
SEN,1987,N,130
SRB,1987,N,163
SYC,1987,N,153
SLE,1987,N,126
SVK,1987,N,161
SVN,1987,N,169
SLB,1987,N,135
ZAF,1987,N,148
ESP,1987,N,161
LKA,1987,N,139
LCA,1987,N,132
SDN,1987,N,131
SUR,1987,U,151
SWE,1987,N,168
CHE,1987,N,178
SYR,1987,N,141
TWN,1987,N,165
TJK,1987,N,147
TZA,1987,N,125
THA,1987,N,143
TGO,1987,N,133
TON,1987,N,148
TTO,1987,N,157
TUN,1987,N,143
TUR,1987,N,151
TKM,1987,N,137
UGA,1987,N,129
UKR,1987,N,150
ARE,1987,N,188
GBR,1987,N,166
USA,1987,N,175
URY,1987,N,160
UZB,1987,N,138
VUT,1987,N,139
VEN,1987,N,156
VNM,1987,N,127
PSE,1987,N,147
YEM,1987,N,142
ZMB,1987,N,135
ZWE,1987,N,143
ALB,1988,N,146
DZA,1988,N,145
AGO,1988,N,143
ARG,1988,U,162
ARM,1988,N,150
AUS,1988,N,170
AUT,1988,N,172
AZE,1988,N,160
BGD,1988,N,131
BLR,1988,N,148
BEL,1988,N,168
BLZ,1988,N,147
BEN,1988,N,129
BTN,1988,N,131
BOL,1988,N,145
BIH,1988,N,144
BWA,1988,N,142
BRA,1988,N,151
BGR,1988,N,163
BFA,1988,N,122
BDI,1988,N,123
CPV,1988,N,133
CMR,1988,N,139
CAN,1988,N,173
CAF,1988,N,123
TCD,1988,N,128
CHL,1988,N,152
CHN,1988,A,129
CHN,1988,R,127
CHN,1988,U,133
COL,1988,N,150
COM,1988,N,149
COD,1988,N,128
COG,1988,N,134
CRI,1988,N,144
CIV,1988,N,142
HRV,1988,N,161
CYP,1988,N,161
CZE,1988,N,159
DNK,1988,N,172
DJI,1988,N,148
DOM,1988,N,152
ECU,1988,N,146
EGY,1988,N,139
SLV,1988,N,147
EST,1988,N,159
SWZ,1988,N,120
ETH,1988,N,131
FJI,1988,N,144
FIN,1988,N,169
FRA,1988,N,169
GAB,1988,N,147
GMB,1988,N,128
GEO,1988,N,167
DEU,1988,N,172
GHA,1988,N,133
GRC,1988,N,162
GTM,1988,N,142
GIN,1988,N,114
GNB,1988,N,136
GUY,1988,N,139
HTI,1988,N,129
HND,1988,N,140
HUN,1988,N,157
ISL,1988,N,170
IND,1988,A,131
IND,1988,R,129
IND,1988,U,134
IDN,1988,A,127
IDN,1988,R,126
IDN,1988,U,131
IRN,1988,N,149
IRQ,1988,N,138
IRL,1988,N,162
ISR,1988,N,162
ITA,1988,N,168
JAM,1988,N,148
JPN,1988,N,167
JOR,1988,N,152
KAZ,1988,N,144
KEN,1988,N,143
KIR,1988,N,143
KOR,1988,N,157
KGZ,1988,N,148
LAO,1988,N,132
LVA,1988,N,156
LBN,1988,N,157
LSO,1988,N,137
LBR,1988,N,146
LTU,1988,N,150
LUX,1988,N,172
MDG,1988,N,130
MWI,1988,N,135
MYS,1988,N,154
MDV,1988,N,140
MLI,1988,N,121
MLT,1988,N,159
MRT,1988,N,135
MUS,1988,N,142
MEX,1988,N,149
FSM,1988,N,144
MDA,1988,N,154
MNG,1988,N,144
MNE,1988,N,158
MAR,1988,N,145
MOZ,1988,N,121
MMR,1988,N,116
NAM,1988,N,145
NPL,1988,N,126
NLD,1988,N,169
NIC,1988,N,143
NER,1988,N,126
NGA,1988,N,129
MKD,1988,N,151
NOR,1988,N,170
PAK,1988,N,129
PAN,1988,N,149
PNG,1988,N,129
PRY,1988,N,156
PER,1988,N,154
PHL,1988,N,139
POL,1988,N,158
PRT,1988,N,160
ROU,1988,N,159
RUS,1988,N,159
RWA,1988,N,128
WSM,1988,N,147
STP,1988,N,135
SEN,1988,N,129
SRB,1988,N,163
SYC,1988,N,154
SLE,1988,N,124
SVK,1988,N,161
SVN,1988,N,168
SLB,1988,N,135
ZAF,1988,N,148
ESP,1988,N,162
LKA,1988,N,139
LCA,1988,N,133
SDN,1988,N,131
SUR,1988,U,151
SWE,1988,N,168
CHE,1988,N,178
SYR,1988,N,143
TWN,1988,N,166
TJK,1988,N,148
TZA,1988,N,125
THA,1988,N,143
TGO,1988,N,133
TON,1988,N,148
TTO,1988,N,157
TUN,1988,N,143
TUR,1988,N,150
TKM,1988,N,138
UGA,1988,N,130
UKR,1988,N,150
ARE,1988,N,187
GBR,1988,N,167
USA,1988,N,175
URY,1988,N,160
UZB,1988,N,138
VUT,1988,N,138
VEN,1988,N,156
VNM,1988,N,128
PSE,1988,N,146
YEM,1988,N,142
ZMB,1988,N,135
ZWE,1988,N,144
ALB,1989,N,147
DZA,1989,N,147
AGO,1989,N,142
ARG,1989,U,160
ARM,1989,N,152
AUS,1989,N,170
AUT,1989,N,173
AZE,1989,N,159
BGD,1989,N,131
BLR,1989,N,149
BEL,1989,N,168
BLZ,1989,N,148
BEN,1989,N,128
BTN,1989,N,131
BOL,1989,N,145
BIH,1989,N,144
BWA,1989,N,143
BRA,1989,N,154
BGR,1989,N,163
BFA,1989,N,122
BDI,1989,N,122
CPV,1989,N,134
CMR,1989,N,138
CAN,1989,N,173
CAF,1989,N,123
TCD,1989,N,129
CHL,1989,N,154
CHN,1989,A,127
CHN,1989,R,124
CHN,1989,U,132
COL,1989,N,150
COM,1989,N,148
COD,1989,N,128
COG,1989,N,134
CRI,1989,N,149
CIV,1989,N,141
HRV,1989,N,161
CYP,1989,N,162
CZE,1989,N,160
DNK,1989,N,172
DJI,1989,N,147
DOM,1989,N,148
ECU,1989,N,146
EGY,1989,N,139
SLV,1989,N,147
EST,1989,N,160
SWZ,1989,N,121
ETH,1989,N,130
FJI,1989,N,145
FIN,1989,N,170
FRA,1989,N,169
GAB,1989,N,148
GMB,1989,N,128
GEO,1989,N,166
DEU,1989,N,172
GHA,1989,N,133
GRC,1989,N,163
GTM,1989,N,143
GIN,1989,N,114
GNB,1989,N,136
GUY,1989,N,138
HTI,1989,N,127
HND,1989,N,140
HUN,1989,N,151
ISL,1989,N,170
IND,1989,A,131
IND,1989,R,129
IND,1989,U,134
IDN,1989,A,128
IDN,1989,R,126
IDN,1989,U,131
IRN,1989,N,149
IRQ,1989,N,137
IRL,1989,N,164
ISR,1989,N,162
ITA,1989,N,169
JAM,1989,N,148
JPN,1989,N,168
JOR,1989,N,151
KAZ,1989,N,144
KEN,1989,N,143
KIR,1989,N,142
KOR,1989,N,158
KGZ,1989,N,148
LAO,1989,N,134
LVA,1989,N,157
LBN,1989,N,149
LSO,1989,N,137
LBR,1989,N,146
LTU,1989,N,149
LUX,1989,N,173
MDG,1989,N,130
MWI,1989,N,135
MYS,1989,N,154
MDV,1989,N,141
MLI,1989,N,121
MLT,1989,N,160
MRT,1989,N,136
MUS,1989,N,143
MEX,1989,N,150
FSM,1989,N,144
MDA,1989,N,155
MNG,1989,N,144
MNE,1989,N,158
MAR,1989,N,146
MOZ,1989,N,122
MMR,1989,N,116
NAM,1989,N,145
NPL,1989,N,126
NLD,1989,N,170
NIC,1989,N,142
NER,1989,N,126
NGA,1989,N,129
MKD,1989,N,151
NOR,1989,N,170
PAK,1989,N,128
PAN,1989,N,150
PNG,1989,N,129
PRY,1989,N,155
PER,1989,N,150
PHL,1989,N,139
POL,1989,N,161
PRT,1989,N,160
ROU,1989,N,158
RUS,1989,N,159
RWA,1989,N,127
WSM,1989,N,147
STP,1989,N,135
SEN,1989,N,129
SRB,1989,N,163
SYC,1989,N,155
SLE,1989,N,124
SVK,1989,N,161
SVN,1989,N,168
SLB,1989,N,135
ZAF,1989,N,148
ESP,1989,N,162
LKA,1989,N,139
LCA,1989,N,134
SDN,1989,N,132
SUR,1989,U,152
SWE,1989,N,169
CHE,1989,N,178
SYR,1989,N,141
TWN,1989,N,167
TJK,1989,N,147
TZA,1989,N,126
THA,1989,N,144
TGO,1989,N,133
TON,1989,N,148
TTO,1989,N,155
TUN,1989,N,143
TUR,1989,N,150
TKM,1989,N,137
UGA,1989,N,130
UKR,1989,N,150
ARE,1989,N,187
GBR,1989,N,168
USA,1989,N,176
URY,1989,N,160
UZB,1989,N,139
VUT,1989,N,138
VEN,1989,N,154
VNM,1989,N,128
PSE,1989,N,146
YEM,1989,N,142
ZMB,1989,N,135
ZWE,1989,N,144
ALB,1990,N,145
DZA,1990,N,146
AGO,1990,N,141
ARG,1990,U,158
ARM,1990,N,150
AUS,1990,N,170
AUT,1990,N,173
AZE,1990,N,157
BGD,1990,N,131
BLR,1990,N,148
BEL,1990,N,168
BLZ,1990,N,150
BEN,1990,N,129
BTN,1990,N,133
BOL,1990,N,145
BIH,1990,N,142
BWA,1990,N,143
BRA,1990,N,150
BGR,1990,N,163
BFA,1990,N,122
BDI,1990,N,123
CPV,1990,N,134
CMR,1990,N,137
CAN,1990,N,173
CAF,1990,N,122
TCD,1990,N,128
CHL,1990,N,154
CHN,1990,A,127
CHN,1990,R,125
CHN,1990,U,132
COL,1990,N,150
COM,1990,N,149
COD,1990,N,126
COG,1990,N,134
CRI,1990,N,150
CIV,1990,N,140
HRV,1990,N,160
CYP,1990,N,162
CZE,1990,N,160
DNK,1990,N,172
DJI,1990,N,146
DOM,1990,N,148
ECU,1990,N,146
EGY,1990,N,139
SLV,1990,N,148
EST,1990,N,158
SWZ,1990,N,124
ETH,1990,N,130
FJI,1990,N,146
FIN,1990,N,170
FRA,1990,N,170
GAB,1990,N,148
GMB,1990,N,128
GEO,1990,N,164
DEU,1990,N,172
GHA,1990,N,132
GRC,1990,N,163
GTM,1990,N,143
GIN,1990,N,115
GNB,1990,N,137
GUY,1990,N,138
HTI,1990,N,128
HND,1990,N,138
HUN,1990,N,157
ISL,1990,N,170
IND,1990,A,131
IND,1990,R,129
IND,1990,U,134
IDN,1990,A,130
IDN,1990,R,127
IDN,1990,U,134
IRN,1990,N,149
IRQ,1990,N,143
IRL,1990,N,164
ISR,1990,N,163
ITA,1990,N,169
JAM,1990,N,147
JPN,1990,N,169
JOR,1990,N,149
KAZ,1990,N,142
KEN,1990,N,143
KIR,1990,N,142
KOR,1990,N,159
KGZ,1990,N,148
LAO,1990,N,134
LVA,1990,N,157
LBN,1990,N,151
LSO,1990,N,137
LBR,1990,N,137
LTU,1990,N,149
LUX,1990,N,174
MDG,1990,N,130
MWI,1990,N,135
MYS,1990,N,154
MDV,1990,N,140
MLI,1990,N,120
MLT,1990,N,161
MRT,1990,N,135
MUS,1990,N,144
MEX,1990,N,151
FSM,1990,N,144
MDA,1990,N,154
MNG,1990,N,143
MNE,1990,N,157
MAR,1990,N,146
MOZ,1990,N,122
MMR,1990,N,117
NAM,1990,N,145
NPL,1990,N,126
NLD,1990,N,172
NIC,1990,N,139
NER,1990,N,125
NGA,1990,N,130
MKD,1990,N,146
NOR,1990,N,170
PAK,1990,N,129
PAN,1990,N,149
PNG,1990,N,128
PRY,1990,N,156
PER,1990,N,148
PHL,1990,N,139
POL,1990,N,159
PRT,1990,N,161
ROU,1990,N,156
RUS,1990,N,159
RWA,1990,N,127
WSM,1990,N,146
STP,1990,N,135
SEN,1990,N,129
SRB,1990,N,161
SYC,1990,N,156
SLE,1990,N,124
SVK,1990,N,160
SVN,1990,N,165
SLB,1990,N,135
ZAF,1990,N,148
ESP,1990,N,163
LKA,1990,N,139
LCA,1990,N,135
SDN,1990,N,130
SUR,1990,U,151
SWE,1990,N,169
CHE,1990,N,178
SYR,1990,N,142
TWN,1990,N,168
TJK,1990,N,146
TZA,1990,N,126
THA,1990,N,145
TGO,1990,N,133
TON,1990,N,147
TTO,1990,N,154
TUN,1990,N,144
TUR,1990,N,151
TKM,1990,N,141
TUV,1990,N,144
UGA,1990,N,130
UKR,1990,N,149
ARE,1990,N,189
GBR,1990,N,168
USA,1990,N,176
URY,1990,N,160
UZB,1990,N,138
VUT,1990,N,139
VEN,1990,N,153
VNM,1990,N,129
PSE,1990,N,148
YEM,1990,N,142
ZMB,1990,N,134
ZWE,1990,N,145
ALB,1991,N,140
DZA,1991,N,145
AGO,1991,N,141
ARG,1991,U,158
ARM,1991,N,149
AUS,1991,N,169
AUT,1991,N,173
AZE,1991,N,156
BGD,1991,N,131
BLR,1991,N,147
BEL,1991,N,169
BLZ,1991,N,151
BEN,1991,N,129
BTN,1991,N,132
BOL,1991,N,145
BIH,1991,N,140
BWA,1991,N,144
BRA,1991,N,149
BGR,1991,N,157
BFA,1991,N,123
BDI,1991,N,123
CPV,1991,N,134
CMR,1991,N,136
CAN,1991,N,172
CAF,1991,N,122
TCD,1991,N,128
CHL,1991,N,154
CHN,1991,A,128
CHN,1991,R,125
CHN,1991,U,133
COL,1991,N,150
COM,1991,N,147
COD,1991,N,124
COG,1991,N,134
CRI,1991,N,149
CIV,1991,N,140
HRV,1991,N,156
CYP,1991,N,163
CZE,1991,N,157
DNK,1991,N,172
DJI,1991,N,145
DOM,1991,N,150
ECU,1991,N,147
EGY,1991,N,140
SLV,1991,N,146
EST,1991,N,157
SWZ,1991,N,124
ETH,1991,N,129
FJI,1991,N,145
FIN,1991,N,170
FRA,1991,N,170
GAB,1991,N,148
GMB,1991,N,128
GEO,1991,N,160
DEU,1991,N,173
GHA,1991,N,132
GRC,1991,N,163
GTM,1991,N,143
GIN,1991,N,115
GNB,1991,N,137
GUY,1991,N,139
HTI,1991,N,127
HND,1991,N,140
HUN,1991,N,160
ISL,1991,N,170
IND,1991,A,131
IND,1991,R,129
IND,1991,U,134
IDN,1991,A,130
IDN,1991,R,128
IDN,1991,U,134
IRN,1991,N,150
IRQ,1991,N,128
IRL,1991,N,164
ISR,1991,N,163
ITA,1991,N,169
JAM,1991,N,146
JPN,1991,N,169
JOR,1991,N,146
KAZ,1991,N,142
KEN,1991,N,143
KIR,1991,N,141
KOR,1991,N,160
KGZ,1991,N,150
LAO,1991,N,134
LVA,1991,N,155
LBN,1991,N,155
LSO,1991,N,138
LBR,1991,N,136
LTU,1991,N,148
LUX,1991,N,175
MDG,1991,N,129
MWI,1991,N,136
MYS,1991,N,155
MDV,1991,N,140
MLI,1991,N,122
MLT,1991,N,161
MRT,1991,N,136
MUS,1991,N,144
MEX,1991,N,152
FSM,1991,N,145
MDA,1991,N,151
MNG,1991,N,142
MNE,1991,N,155
MAR,1991,N,147
MOZ,1991,N,122
MMR,1991,N,116
NAM,1991,N,146
NPL,1991,N,126
NLD,1991,N,172
NIC,1991,N,143
NER,1991,N,125
NGA,1991,N,129
MKD,1991,N,145
NOR,1991,N,171
PAK,1991,N,128
PAN,1991,N,151
PNG,1991,N,129
PRY,1991,N,156
PER,1991,N,148
PHL,1991,N,140
POL,1991,N,157
PRT,1991,N,162
ROU,1991,N,154
RUS,1991,N,158
RWA,1991,N,127
WSM,1991,N,146
STP,1991,N,134
SEN,1991,N,129
SRB,1991,N,160
SYC,1991,N,156
SLE,1991,N,125
SVK,1991,N,158
SVN,1991,N,163
SLB,1991,N,135
ZAF,1991,N,147
ESP,1991,N,165
LKA,1991,N,139
LCA,1991,N,135
SDN,1991,N,131
SUR,1991,U,151
SWE,1991,N,170
CHE,1991,N,178
SYR,1991,N,143
TWN,1991,N,169
TJK,1991,N,145
TZA,1991,N,126
THA,1991,N,146
TGO,1991,N,132
TON,1991,N,148
TTO,1991,N,152
TUN,1991,N,144
TUR,1991,N,151
TKM,1991,N,140
TUV,1991,N,144
UGA,1991,N,129
UKR,1991,N,148
ARE,1991,N,188
GBR,1991,N,168
USA,1991,N,175
URY,1991,N,160
UZB,1991,N,138
VUT,1991,N,139
VEN,1991,N,153
VNM,1991,N,129
PSE,1991,N,146
YEM,1991,N,142
ZMB,1991,N,134
ZWE,1991,N,145
ALB,1992,N,139
DZA,1992,N,145
AGO,1992,N,140
ARG,1992,U,158
ARM,1992,N,141
AUS,1992,N,169
AUT,1992,N,173
AZE,1992,N,153
BGD,1992,N,131
BLR,1992,N,147
BEL,1992,N,169
BLZ,1992,N,153
BEN,1992,N,129
BTN,1992,N,133
BOL,1992,N,145
BIH,1992,N,136
BWA,1992,N,144
BRA,1992,N,147
BGR,1992,N,161
BFA,1992,N,122
BDI,1992,N,123
CPV,1992,N,135
CMR,1992,N,135
CAN,1992,N,172
CAF,1992,N,121
TCD,1992,N,129
CHL,1992,N,155
CHN,1992,A,128
CHN,1992,R,125
CHN,1992,U,134
COL,1992,N,151
COM,1992,N,148
COD,1992,N,122
COG,1992,N,134
CRI,1992,N,150
CIV,1992,N,139
HRV,1992,N,155
CYP,1992,N,164
CZE,1992,N,158
DNK,1992,N,172
DJI,1992,N,145
DOM,1992,N,152
ECU,1992,N,146
EGY,1992,N,139
SLV,1992,N,147
EST,1992,N,155
SWZ,1992,N,124
ETH,1992,N,127
FJI,1992,N,146
FIN,1992,N,169
FRA,1992,N,171
GAB,1992,N,148
GMB,1992,N,128
GEO,1992,N,151
DEU,1992,N,173
GHA,1992,N,132
GRC,1992,N,164
GTM,1992,N,145
GIN,1992,N,118
GNB,1992,N,135
GUY,1992,N,140
HTI,1992,N,126
HND,1992,N,141
HUN,1992,N,159
ISL,1992,N,169
IND,1992,A,131
IND,1992,R,129
IND,1992,U,134
IDN,1992,A,130
IDN,1992,R,127
IDN,1992,U,134
IRN,1992,N,151
IRQ,1992,N,132
IRL,1992,N,165
ISR,1992,N,163
ITA,1992,N,169
JAM,1992,N,144
JPN,1992,N,169
JOR,1992,N,149
KAZ,1992,N,141
KEN,1992,N,143
KIR,1992,N,141
KOR,1992,N,161
KGZ,1992,N,148
LAO,1992,N,135
LVA,1992,N,150
LBN,1992,N,161
LSO,1992,N,138
LBR,1992,N,128
LTU,1992,N,144
LUX,1992,N,175
MDG,1992,N,128
MWI,1992,N,135
MYS,1992,N,155
MDV,1992,N,141
MLI,1992,N,121
MLT,1992,N,162
MRT,1992,N,136
MUS,1992,N,145
MEX,1992,N,152
FSM,1992,N,145
MDA,1992,N,146
MNG,1992,N,140
MNE,1992,N,151
MAR,1992,N,147
MOZ,1992,N,121
MMR,1992,N,117
NAM,1992,N,146
NPL,1992,N,127
NLD,1992,N,171
NIC,1992,N,144
NER,1992,N,125
NGA,1992,N,129
MKD,1992,N,143
NOR,1992,N,171
PAK,1992,N,132
PAN,1992,N,153
PNG,1992,N,130
PRY,1992,N,156
PER,1992,N,146
PHL,1992,N,140
POL,1992,N,157
PRT,1992,N,163
ROU,1992,N,152
RUS,1992,N,156
RWA,1992,N,129
WSM,1992,N,146
STP,1992,N,134
SEN,1992,N,129
SRB,1992,N,156
SYC,1992,N,157
SLE,1992,N,122
SVK,1992,N,157
SVN,1992,N,162
SLB,1992,N,137
ZAF,1992,N,146
ESP,1992,N,165
LKA,1992,N,139
LCA,1992,N,136
SDN,1992,N,132
SUR,1992,U,151
SWE,1992,N,170
CHE,1992,N,178
SYR,1992,N,145
TWN,1992,N,170
TJK,1992,N,140
TZA,1992,N,125
THA,1992,N,148
TGO,1992,N,132
TON,1992,N,148
TTO,1992,N,151
TUN,1992,N,144
TUR,1992,N,151
TKM,1992,N,137
TUV,1992,N,145
UGA,1992,N,129
UKR,1992,N,147
ARE,1992,N,188
GBR,1992,N,168
USA,1992,N,175
URY,1992,N,162
UZB,1992,N,136
VUT,1992,N,139
VEN,1992,N,153
VNM,1992,N,130
PSE,1992,N,148
YEM,1992,N,142
ZMB,1992,N,132
ZWE,1992,N,143
ALB,1993,N,141
DZA,1993,N,145
AGO,1993,N,135
ARG,1993,U,158
ARM,1993,N,140
AUS,1993,N,169
AUT,1993,N,173
AZE,1993,N,148
BGD,1993,N,132
BLR,1993,N,146
BEL,1993,N,169
BLZ,1993,N,153
BEN,1993,N,129
BTN,1993,N,133
BOL,1993,N,146
BIH,1993,N,132
BWA,1993,N,144
BRA,1993,N,150
BGR,1993,N,156
BFA,1993,N,122
BDI,1993,N,122
CPV,1993,N,135
CMR,1993,N,133
CAN,1993,N,172
CAF,1993,N,121
TCD,1993,N,126
CHL,1993,N,155
CHN,1993,A,129
CHN,1993,R,126
CHN,1993,U,135
COL,1993,N,150
COM,1993,N,148
COD,1993,N,120
COG,1993,N,133
CRI,1993,N,152
CIV,1993,N,138
HRV,1993,N,154
CYP,1993,N,162
CZE,1993,N,159
DNK,1993,N,172
DJI,1993,N,143
DOM,1993,N,153
ECU,1993,N,146
EGY,1993,N,139
SLV,1993,N,147
EST,1993,N,153
SWZ,1993,N,124
ETH,1993,N,128
FJI,1993,N,146
FIN,1993,N,168
FRA,1993,N,170
GAB,1993,N,148
GMB,1993,N,128
GEO,1993,N,146
DEU,1993,N,173
GHA,1993,N,133
GRC,1993,N,163
GTM,1993,N,146
GIN,1993,N,129
GNB,1993,N,134
GUY,1993,N,141
HTI,1993,N,127
HND,1993,N,144
HUN,1993,N,157
ISL,1993,N,168
IND,1993,A,131
IND,1993,R,129
IND,1993,U,135
IDN,1993,A,130
IDN,1993,R,127
IDN,1993,U,134
IRN,1993,N,151
IRQ,1993,N,135
IRL,1993,N,165
ISR,1993,N,163
ITA,1993,N,168
JAM,1993,N,142
JPN,1993,N,169
JOR,1993,N,148
KAZ,1993,N,140
KEN,1993,N,138
KIR,1993,N,141
KOR,1993,N,162
KGZ,1993,N,146
LAO,1993,N,134
LVA,1993,N,148
LBN,1993,N,162
LSO,1993,N,139
LBR,1993,N,121
LTU,1993,N,142
LUX,1993,N,175
MDG,1993,N,128
MWI,1993,N,136
MYS,1993,N,155
MDV,1993,N,141
MLI,1993,N,121
MLT,1993,N,162
MRT,1993,N,137
MUS,1993,N,146
MEX,1993,N,152
FSM,1993,N,146
MDA,1993,N,146
MNG,1993,N,140
MNE,1993,N,145
MAR,1993,N,146
MOZ,1993,N,122
MMR,1993,N,118
NAM,1993,N,146
NPL,1993,N,127
NLD,1993,N,171
NIC,1993,N,143
NER,1993,N,124
NGA,1993,N,129
MKD,1993,N,144
NOR,1993,N,171
PAK,1993,N,131
PAN,1993,N,155
PNG,1993,N,132
PRY,1993,N,156
PER,1993,N,145
PHL,1993,N,140
POL,1993,N,149
PRT,1993,N,163
ROU,1993,N,147
RUS,1993,N,154
RWA,1993,N,128
WSM,1993,N,146
STP,1993,N,134
SEN,1993,N,130
SRB,1993,N,151
SYC,1993,N,158
SLE,1993,N,123
SVK,1993,N,157
SVN,1993,N,162
SLB,1993,N,137
ZAF,1993,N,146
ESP,1993,N,165
LKA,1993,N,140
LCA,1993,N,136
SDN,1993,N,132
SUR,1993,U,149
SWE,1993,N,169
CHE,1993,N,177
SYR,1993,N,145
TWN,1993,N,171
TJK,1993,N,135
TZA,1993,N,124
THA,1993,N,148
TGO,1993,N,129
TON,1993,N,149
TTO,1993,N,151
TUN,1993,N,144
TUR,1993,N,151
TKM,1993,N,137
TUV,1993,N,145
UGA,1993,N,129
UKR,1993,N,147
ARE,1993,N,187
GBR,1993,N,168
USA,1993,N,176
URY,1993,N,162
UZB,1993,N,135
VUT,1993,N,139
VEN,1993,N,152
VNM,1993,N,131
PSE,1993,N,149
YEM,1993,N,142
ZMB,1993,N,132
ZWE,1993,N,143
ALB,1994,N,142
DZA,1994,N,144
AGO,1994,N,135
ARG,1994,U,158
ARM,1994,N,141
AUS,1994,N,169
AUT,1994,N,173
AZE,1994,N,144
BGD,1994,N,133
BLR,1994,N,149
BEL,1994,N,170
BLZ,1994,N,153
BEN,1994,N,129
BTN,1994,N,134
BOL,1994,N,147
BIH,1994,N,133
BWA,1994,N,144
BRA,1994,N,152
BGR,1994,N,155
BFA,1994,N,122
BDI,1994,N,122
CPV,1994,N,138
CMR,1994,N,133
CAN,1994,N,173
CAF,1994,N,122
TCD,1994,N,127
CHL,1994,N,156
CHN,1994,A,130
CHN,1994,R,127
CHN,1994,U,136
COL,1994,N,150
COM,1994,N,147
COD,1994,N,118
COG,1994,N,132
CRI,1994,N,154
CIV,1994,N,138
HRV,1994,N,155
CYP,1994,N,163
CZE,1994,N,160
DNK,1994,N,172
DJI,1994,N,143
DOM,1994,N,153
ECU,1994,N,147
EGY,1994,N,139
SLV,1994,N,148
EST,1994,N,154
SWZ,1994,N,124
ETH,1994,N,128
FJI,1994,N,147
FIN,1994,N,168
FRA,1994,N,171
GAB,1994,N,148
GMB,1994,N,127
GEO,1994,N,145
DEU,1994,N,173
GHA,1994,N,133
GRC,1994,N,164
GTM,1994,N,147
GIN,1994,N,133
GNB,1994,N,134
GUY,1994,N,143
HTI,1994,N,125
HND,1994,N,144
HUN,1994,N,159
ISL,1994,N,169
IND,1994,A,131
IND,1994,R,129
IND,1994,U,135
IDN,1994,A,130
IDN,1994,R,128
IDN,1994,U,134
IRN,1994,N,151
IRQ,1994,N,136
IRL,1994,N,166
ISR,1994,N,164
ITA,1994,N,168
JAM,1994,N,146
JPN,1994,N,170
JOR,1994,N,147
KAZ,1994,N,136
KEN,1994,N,137
KIR,1994,N,141
KOR,1994,N,163
KGZ,1994,N,144
LAO,1994,N,134
LVA,1994,N,150
LBN,1994,N,162
LSO,1994,N,139
LBR,1994,N,117
LTU,1994,N,141
LUX,1994,N,176
MDG,1994,N,128
MWI,1994,N,134
MYS,1994,N,155
MDV,1994,N,142
MLI,1994,N,121
MLT,1994,N,163
MRT,1994,N,136
MUS,1994,N,146
MEX,1994,N,153
FSM,1994,N,145
MDA,1994,N,141
MNG,1994,N,140
MNE,1994,N,146
MAR,1994,N,147
MOZ,1994,N,122
MMR,1994,N,119
NAM,1994,N,146
NPL,1994,N,128
NLD,1994,N,171
NIC,1994,N,143
NER,1994,N,123
NGA,1994,N,129
MKD,1994,N,146
NOR,1994,N,171
PAK,1994,N,132
PAN,1994,N,155
PNG,1994,N,133
PRY,1994,N,156
PER,1994,N,145
PHL,1994,N,140
POL,1994,N,148
PRT,1994,N,163
ROU,1994,N,140
RUS,1994,N,154
RWA,1994,N,119
WSM,1994,N,146
STP,1994,N,134
SEN,1994,N,130
SRB,1994,N,151
SYC,1994,N,157
SLE,1994,N,123
SVK,1994,N,157
SVN,1994,N,162
SLB,1994,N,138
ZAF,1994,N,146
ESP,1994,N,165
LKA,1994,N,140
LCA,1994,N,136
SDN,1994,N,132
SUR,1994,U,150
SWE,1994,N,169
CHE,1994,N,177
SYR,1994,N,146
TWN,1994,N,171
TJK,1994,N,128
TZA,1994,N,124
THA,1994,N,148
TGO,1994,N,131
TON,1994,N,149
TTO,1994,N,152
TUN,1994,N,144
TUR,1994,N,150
TKM,1994,N,134
TUV,1994,N,147
UGA,1994,N,128
UKR,1994,N,146
ARE,1994,N,188
GBR,1994,N,169
USA,1994,N,176
URY,1994,N,163
UZB,1994,N,134
VUT,1994,N,140
VEN,1994,N,150
VNM,1994,N,132
PSE,1994,N,150
YEM,1994,N,142
ZMB,1994,N,132
ZWE,1994,N,144
ALB,1995,N,144
DZA,1995,N,145
AGO,1995,N,136
ARG,1995,U,157
ARM,1995,N,143
AUS,1995,N,169
AUT,1995,N,171
AZE,1995,N,143
BGD,1995,N,133
BLR,1995,N,152
BEL,1995,N,171
BLZ,1995,N,156
BEN,1995,N,129
BTN,1995,N,135
BOL,1995,N,147
BIH,1995,N,136
BWA,1995,N,145
BRA,1995,N,154
BGR,1995,N,154
BFA,1995,N,123
BDI,1995,N,122
CPV,1995,N,139
CMR,1995,N,133
CAN,1995,N,173
CAF,1995,N,123
TCD,1995,N,127
CHL,1995,N,157
CHN,1995,A,132
CHN,1995,R,129
CHN,1995,U,137
COL,1995,N,150
COM,1995,N,147
COD,1995,N,118
COG,1995,N,132
CRI,1995,N,153
CIV,1995,N,139
HRV,1995,N,156
CYP,1995,N,167
CZE,1995,N,160
DNK,1995,N,173
DJI,1995,N,142
DOM,1995,N,153
ECU,1995,N,147
EGY,1995,N,139
SLV,1995,N,148
EST,1995,N,151
SWZ,1995,N,125
ETH,1995,N,129
FJI,1995,N,147
FIN,1995,N,169
FRA,1995,N,171
GAB,1995,N,148
GMB,1995,N,127
GEO,1995,N,146
DEU,1995,N,173
GHA,1995,N,133
GRC,1995,N,164
GTM,1995,N,149
GIN,1995,N,133
GNB,1995,N,134
GUY,1995,N,144
HTI,1995,N,127
HND,1995,N,144
HUN,1995,N,157
ISL,1995,N,169
IND,1995,A,131
IND,1995,R,130
IND,1995,U,135
IDN,1995,A,131
IDN,1995,R,129
IDN,1995,U,136
IRN,1995,N,151
IRQ,1995,N,135
IRL,1995,N,167
ISR,1995,N,164
ITA,1995,N,168
JAM,1995,N,147
JPN,1995,N,170
JOR,1995,N,147
KAZ,1995,N,146
KEN,1995,N,137
KIR,1995,N,141
KOR,1995,N,164
KGZ,1995,N,139
LAO,1995,N,133
LVA,1995,N,151
LBN,1995,N,162
LSO,1995,N,139
LBR,1995,N,116
LTU,1995,N,142
LUX,1995,N,177
MDG,1995,N,127
MWI,1995,N,136
MYS,1995,N,156
MDV,1995,N,142
MLI,1995,N,122
MLT,1995,N,164
MRT,1995,N,137
MUS,1995,N,146
MEX,1995,N,149
FSM,1995,N,146
MDA,1995,N,136
MNG,1995,N,141
MNE,1995,N,148
MAR,1995,N,145
MOZ,1995,N,122
MMR,1995,N,120
NAM,1995,N,146
NPL,1995,N,128
NLD,1995,N,171
NIC,1995,N,143
NER,1995,N,123
NGA,1995,N,129
MKD,1995,N,146
NOR,1995,N,171
PAK,1995,N,133
PAN,1995,N,155
PNG,1995,N,132
PRY,1995,N,156
PER,1995,N,146
PHL,1995,N,140
POL,1995,N,154
PRT,1995,N,163
ROU,1995,N,149
RUS,1995,N,154
RWA,1995,N,124
WSM,1995,N,146
STP,1995,N,134
SEN,1995,N,131
SRB,1995,N,154
SYC,1995,N,157
SLE,1995,N,122
SVK,1995,N,157
SVN,1995,N,163
SLB,1995,N,139
ZAF,1995,N,145
ESP,1995,N,166
LKA,1995,N,141
LCA,1995,N,136
SDN,1995,N,132
SUR,1995,U,149
SWE,1995,N,169
CHE,1995,N,177
SYR,1995,N,146
TWN,1995,N,172
TJK,1995,N,131
TZA,1995,N,123
THA,1995,N,149
TGO,1995,N,131
TON,1995,N,150
TTO,1995,N,152
TUN,1995,N,144
TUR,1995,N,151
TKM,1995,N,133
TUV,1995,N,146
UGA,1995,N,129
UKR,1995,N,147
ARE,1995,N,188
GBR,1995,N,168
USA,1995,N,176
URY,1995,N,162
UZB,1995,N,134
VUT,1995,N,140
VEN,1995,N,150
VNM,1995,N,133
PSE,1995,N,150
YEM,1995,N,142
ZMB,1995,N,134
ZWE,1995,N,144
ALB,1996,N,145
DZA,1996,N,144
AGO,1996,N,138
ARG,1996,U,157
ARM,1996,N,144
AUS,1996,N,169
AUT,1996,N,173
AZE,1996,N,144
BGD,1996,N,133
BLR,1996,N,152
BEL,1996,N,171
BLZ,1996,N,149
BEN,1996,N,129
BTN,1996,N,136
BOL,1996,N,148
BIH,1996,N,145
BWA,1996,N,146
BRA,1996,N,154
BGR,1996,N,153
BFA,1996,N,124
BDI,1996,N,122
CPV,1996,N,140
CMR,1996,N,133
CAN,1996,N,173
CAF,1996,N,123
TCD,1996,N,126
CHL,1996,N,157
CHN,1996,A,133
CHN,1996,R,130
CHN,1996,U,137
COL,1996,N,149
COM,1996,N,146
COD,1996,N,118
COG,1996,N,132
CRI,1996,N,152
CIV,1996,N,139
HRV,1996,N,157
CYP,1996,N,167
CZE,1996,N,161
DNK,1996,N,173
DJI,1996,N,141
DOM,1996,N,154
ECU,1996,N,147
EGY,1996,N,139
SLV,1996,N,148
EST,1996,N,152
SWZ,1996,N,129
ETH,1996,N,130
FJI,1996,N,147
FIN,1996,N,169
FRA,1996,N,171
GAB,1996,N,148
GMB,1996,N,127
GEO,1996,N,148
DEU,1996,N,173
GHA,1996,N,134
GRC,1996,N,164
GTM,1996,N,149
GIN,1996,N,133
GNB,1996,N,135
GUY,1996,N,146
HTI,1996,N,129
HND,1996,N,142
HUN,1996,N,157
ISL,1996,N,169
IND,1996,A,131
IND,1996,R,130
IND,1996,U,135
IDN,1996,A,132
IDN,1996,R,129
IDN,1996,U,136
IRN,1996,N,150
IRQ,1996,N,136
IRL,1996,N,167
ISR,1996,N,164
ITA,1996,N,168
JAM,1996,N,149
JPN,1996,N,170
JOR,1996,N,147
KAZ,1996,N,145
KEN,1996,N,138
KIR,1996,N,141
KOR,1996,N,165
KGZ,1996,N,140
LAO,1996,N,132
LVA,1996,N,150
LBN,1996,N,162
LSO,1996,N,138
LBR,1996,N,116
LTU,1996,N,151
LUX,1996,N,177
MDG,1996,N,127
MWI,1996,N,137
MYS,1996,N,158
MDV,1996,N,143
MLI,1996,N,122
MLT,1996,N,164
MRT,1996,N,139
MUS,1996,N,147
MEX,1996,N,147
FSM,1996,N,146
MDA,1996,N,139
MNG,1996,N,139
MNE,1996,N,152
MAR,1996,N,146
MOZ,1996,N,123
MMR,1996,N,120
NAM,1996,N,146
NPL,1996,N,128
NLD,1996,N,172
NIC,1996,N,143
NER,1996,N,123
NGA,1996,N,130
MKD,1996,N,147
NOR,1996,N,172
PAK,1996,N,135
PAN,1996,N,155
PNG,1996,N,133
PRY,1996,N,156
PER,1996,N,149
PHL,1996,N,142
POL,1996,N,144
PRT,1996,N,163
ROU,1996,N,149
RUS,1996,N,154
RWA,1996,N,125
WSM,1996,N,147
STP,1996,N,134
SEN,1996,N,131
SRB,1996,N,155
SYC,1996,N,158
SLE,1996,N,123
SVK,1996,N,158
SVN,1996,N,163
SLB,1996,N,138
ZAF,1996,N,145
ESP,1996,N,166
LKA,1996,N,140
LCA,1996,N,141
SDN,1996,N,133
SUR,1996,U,149
SWE,1996,N,169
CHE,1996,N,177
SYR,1996,N,146
TWN,1996,N,172
TJK,1996,N,125
TZA,1996,N,123
THA,1996,N,149
TGO,1996,N,132
TON,1996,N,151
TTO,1996,N,153
TUN,1996,N,145
TUR,1996,N,151
TKM,1996,N,133
TUV,1996,N,145
UGA,1996,N,129
UKR,1996,N,145
ARE,1996,N,188
GBR,1996,N,168
USA,1996,N,176
URY,1996,N,162
UZB,1996,N,134
VUT,1996,N,140
VEN,1996,N,149
VNM,1996,N,134
PSE,1996,N,149
YEM,1996,N,143
ZMB,1996,N,136
ZWE,1996,N,145
ALB,1997,N,143
DZA,1997,N,143
AGO,1997,N,138
ARG,1997,U,158
ARM,1997,N,145
AUS,1997,N,169
AUT,1997,N,173
AZE,1997,N,144
BGD,1997,N,133
BLR,1997,N,138
BEL,1997,N,171
BLZ,1997,N,150
BEN,1997,N,130
BTN,1997,N,136
BOL,1997,N,150
BIH,1997,N,150
BWA,1997,N,147
BRA,1997,N,154
BGR,1997,N,146
BFA,1997,N,124
BDI,1997,N,120
CPV,1997,N,142
CMR,1997,N,135
CAN,1997,N,173
CAF,1997,N,123
TCD,1997,N,127
CHL,1997,N,158
CHN,1997,A,133
CHN,1997,R,130
CHN,1997,U,138
COL,1997,N,149
COM,1997,N,147
COD,1997,N,116
COG,1997,N,132
CRI,1997,N,153
CIV,1997,N,138
HRV,1997,N,158
CYP,1997,N,167
CZE,1997,N,161
DNK,1997,N,173
DJI,1997,N,140
DOM,1997,N,155
ECU,1997,N,148
EGY,1997,N,140
SLV,1997,N,148
EST,1997,N,154
SWZ,1997,N,132
ETH,1997,N,129
FJI,1997,N,147
FIN,1997,N,169
FRA,1997,N,171
GAB,1997,N,149
GMB,1997,N,127
GEO,1997,N,142
DEU,1997,N,173
GHA,1997,N,135
GRC,1997,N,165
GTM,1997,N,150
GIN,1997,N,132
GNB,1997,N,136
GUY,1997,N,147
HTI,1997,N,129
HND,1997,N,145
HUN,1997,N,156
ISL,1997,N,170
IND,1997,A,132
IND,1997,R,130
IND,1997,U,135
IDN,1997,A,131
IDN,1997,R,128
IDN,1997,U,135
IRN,1997,N,151
IRQ,1997,N,139
IRL,1997,N,168
ISR,1997,N,164
ITA,1997,N,168
JAM,1997,N,150
JPN,1997,N,170
JOR,1997,N,147
KAZ,1997,N,145
KEN,1997,N,138
KIR,1997,N,141
KOR,1997,N,166
KGZ,1997,N,138
LAO,1997,N,131
LVA,1997,N,150
LBN,1997,N,161
LSO,1997,N,137
LBR,1997,N,125
LTU,1997,N,152
LUX,1997,N,177
MDG,1997,N,127
MWI,1997,N,137
MYS,1997,N,159
MDV,1997,N,144
MLI,1997,N,123
MLT,1997,N,165
MRT,1997,N,139
MUS,1997,N,148
MEX,1997,N,148
FSM,1997,N,145
MDA,1997,N,140
MNG,1997,N,137
MNE,1997,N,153
MAR,1997,N,145
MOZ,1997,N,124
MMR,1997,N,121
NAM,1997,N,146
NPL,1997,N,129
NLD,1997,N,172
NIC,1997,N,143
NER,1997,N,123
NGA,1997,N,129
MKD,1997,N,147
NOR,1997,N,172
PAK,1997,N,135
PAN,1997,N,155
PNG,1997,N,132
PRY,1997,N,157
PER,1997,N,149
PHL,1997,N,143
POL,1997,N,152
PRT,1997,N,164
ROU,1997,N,148
RUS,1997,N,152
RWA,1997,N,126
WSM,1997,N,147
STP,1997,N,134
SEN,1997,N,131
SRB,1997,N,155
SYC,1997,N,159
SLE,1997,N,122
SVK,1997,N,158
SVN,1997,N,164
SLB,1997,N,138
ZAF,1997,N,144
ESP,1997,N,167
LKA,1997,N,141
LCA,1997,N,140
SDN,1997,N,134
SUR,1997,U,150
SWE,1997,N,170
CHE,1997,N,177
SYR,1997,N,146
TWN,1997,N,172
TJK,1997,N,129
TZA,1997,N,122
THA,1997,N,149
TGO,1997,N,134
TON,1997,N,151
TTO,1997,N,154
TUN,1997,N,145
TUR,1997,N,152
TKM,1997,N,131
TUV,1997,N,146
UGA,1997,N,128
UKR,1997,N,145
ARE,1997,N,188
GBR,1997,N,169
USA,1997,N,177
URY,1997,N,162
UZB,1997,N,134
VUT,1997,N,140
VEN,1997,N,150
VNM,1997,N,134
PSE,1997,N,150
YEM,1997,N,143
ZMB,1997,N,136
ZWE,1997,N,146
ALB,1998,N,142
DZA,1998,N,143
AGO,1998,N,139
ARG,1998,U,157
ARM,1998,N,139
AUS,1998,N,170
AUT,1998,N,173
AZE,1998,N,145
BGD,1998,N,133
BLR,1998,N,139
BEL,1998,N,172
BLZ,1998,N,149
BEN,1998,N,130
BTN,1998,N,137
BOL,1998,N,150
BIH,1998,N,152
BWA,1998,N,147
BRA,1998,N,155
BGR,1998,N,146
BFA,1998,N,125
BDI,1998,N,122
CPV,1998,N,143
CMR,1998,N,136
CAN,1998,N,173
CAF,1998,N,129
TCD,1998,N,127
CHL,1998,N,158
CHN,1998,A,133
CHN,1998,R,130
CHN,1998,U,139
COL,1998,N,149
COM,1998,N,146
COD,1998,N,116
COG,1998,N,132
CRI,1998,N,155
CIV,1998,N,137
HRV,1998,N,169
CYP,1998,N,168
CZE,1998,N,161
DNK,1998,N,173
DJI,1998,N,140
DOM,1998,N,155
ECU,1998,N,149
EGY,1998,N,141
SLV,1998,N,148
EST,1998,N,154
SWZ,1998,N,133
ETH,1998,N,128
FJI,1998,N,147
FIN,1998,N,170
FRA,1998,N,171
GAB,1998,N,149
GMB,1998,N,127
GEO,1998,N,143
DEU,1998,N,173
GHA,1998,N,136
GRC,1998,N,165
GTM,1998,N,151
GIN,1998,N,132
GNB,1998,N,130
GUY,1998,N,147
HTI,1998,N,129
HND,1998,N,146
HUN,1998,N,154
ISL,1998,N,172
IND,1998,A,132
IND,1998,R,130
IND,1998,U,136
IDN,1998,A,128
IDN,1998,R,125
IDN,1998,U,131
IRN,1998,N,152
IRQ,1998,N,143
IRL,1998,N,169
ISR,1998,N,164
ITA,1998,N,169
JAM,1998,N,151
JPN,1998,N,170
JOR,1998,N,148
KAZ,1998,N,144
KEN,1998,N,138
KIR,1998,N,142
KOR,1998,N,164
KGZ,1998,N,140
LAO,1998,N,131
LVA,1998,N,150
LBN,1998,N,161
LSO,1998,N,136
LBR,1998,N,126
LTU,1998,N,152
LUX,1998,N,177
MDG,1998,N,127
MWI,1998,N,137
MYS,1998,N,157
MDV,1998,N,145
MLI,1998,N,125
MLT,1998,N,165
MRT,1998,N,139
MUS,1998,N,148
MEX,1998,N,149
FSM,1998,N,145
MDA,1998,N,137
MNG,1998,N,135
MNE,1998,N,154
MAR,1998,N,145
MOZ,1998,N,124
MMR,1998,N,122
NAM,1998,N,146
NPL,1998,N,130
NLD,1998,N,172
NIC,1998,N,143
NER,1998,N,124
NGA,1998,N,129
MKD,1998,N,147
NOR,1998,N,173
PAK,1998,N,135
PAN,1998,N,155
PNG,1998,N,131
PRY,1998,N,156
PER,1998,N,149
PHL,1998,N,143
POL,1998,N,156
PRT,1998,N,164
ROU,1998,N,148
RUS,1998,N,151
RWA,1998,N,126
WSM,1998,N,148
STP,1998,N,134
SEN,1998,N,131
SRB,1998,N,156
SYC,1998,N,160
SLE,1998,N,123
SVK,1998,N,158
SVN,1998,N,163
SLB,1998,N,138
ZAF,1998,N,144
ESP,1998,N,168
LKA,1998,N,141
LCA,1998,N,147
SDN,1998,N,134
SUR,1998,U,150
SWE,1998,N,170
CHE,1998,N,177
SYR,1998,N,147
TWN,1998,N,173
TJK,1998,N,131
TZA,1998,N,122
THA,1998,N,149
TGO,1998,N,133
TON,1998,N,151
TTO,1998,N,155
TUN,1998,N,146
TUR,1998,N,152
TKM,1998,N,132
TUV,1998,N,148
UGA,1998,N,128
UKR,1998,N,145
ARE,1998,N,188
GBR,1998,N,170
USA,1998,N,177
URY,1998,N,163
UZB,1998,N,135
VUT,1998,N,140
VEN,1998,N,150
VNM,1998,N,135
PSE,1998,N,151
YEM,1998,N,143
ZMB,1998,N,136
ZWE,1998,N,146
ALB,1999,N,143
DZA,1999,N,144
AGO,1999,N,138
ARG,1999,U,157
ARM,1999,N,140
AUS,1999,N,170
AUT,1999,N,173
AZE,1999,N,145
BGD,1999,N,133
BLR,1999,N,140
BEL,1999,N,173
BLZ,1999,N,150
BEN,1999,N,130
BTN,1999,N,137
BOL,1999,N,148
BIH,1999,N,153
BWA,1999,N,148
BRA,1999,N,154
BGR,1999,N,147
BFA,1999,N,127
BDI,1999,N,122
CPV,1999,N,144
CMR,1999,N,137
CAN,1999,N,173
CAF,1999,N,126
TCD,1999,N,127
CHL,1999,N,157
CHN,1999,A,134
CHN,1999,R,130
CHN,1999,U,140
COL,1999,N,148
COM,1999,N,146
COD,1999,N,115
COG,1999,N,131
CRI,1999,N,154
CIV,1999,N,137
HRV,1999,N,159
CYP,1999,N,168
CZE,1999,N,162
DNK,1999,N,173
DJI,1999,N,140
DOM,1999,N,156
ECU,1999,N,147
EGY,1999,N,142
SLV,1999,N,149
EST,1999,N,153
SWZ,1999,N,135
ETH,1999,N,129
FJI,1999,N,148
FIN,1999,N,170
FRA,1999,N,171
GAB,1999,N,147
GMB,1999,N,132
GEO,1999,N,141
DEU,1999,N,174
GHA,1999,N,136
GRC,1999,N,165
GTM,1999,N,151
GIN,1999,N,131
GNB,1999,N,130
GUY,1999,N,148
HTI,1999,N,130
HND,1999,N,145
HUN,1999,N,154
ISL,1999,N,172
IND,1999,A,132
IND,1999,R,130
IND,1999,U,136
IDN,1999,A,132
IDN,1999,R,130
IDN,1999,U,135
IRN,1999,N,152
IRQ,1999,N,144
IRL,1999,N,169
ISR,1999,N,165
ITA,1999,N,169
JAM,1999,N,153
JPN,1999,N,170
JOR,1999,N,148
KAZ,1999,N,144
KEN,1999,N,137
KIR,1999,N,141
KOR,1999,N,165
KGZ,1999,N,134
LAO,1999,N,132
LVA,1999,N,151
LBN,1999,N,161
LSO,1999,N,135
LBR,1999,N,127
LTU,1999,N,152
LUX,1999,N,178
MDG,1999,N,128
MWI,1999,N,136
MYS,1999,N,156
MDV,1999,N,145
MLI,1999,N,126
MLT,1999,N,166
MRT,1999,N,140
MUS,1999,N,149
MEX,1999,N,150
FSM,1999,N,145
MDA,1999,N,135
MNG,1999,N,137
MNE,1999,N,152
MAR,1999,N,145
MOZ,1999,N,124
MMR,1999,N,123
NAM,1999,N,144
NPL,1999,N,130
NLD,1999,N,173
NIC,1999,N,142
NER,1999,N,124
NGA,1999,N,128
MKD,1999,N,146
NOR,1999,N,173
PAK,1999,N,135
PAN,1999,N,156
PNG,1999,N,132
PRY,1999,N,155
PER,1999,N,149
PHL,1999,N,142
POL,1999,N,155
PRT,1999,N,165
ROU,1999,N,142
RUS,1999,N,148
RWA,1999,N,125
WSM,1999,N,148
STP,1999,N,134
SEN,1999,N,132
SRB,1999,N,154
SYC,1999,N,160
SLE,1999,N,122
SVK,1999,N,158
SVN,1999,N,164
SLB,1999,N,137
ZAF,1999,N,144
ESP,1999,N,168
LKA,1999,N,142
LCA,1999,N,149
SDN,1999,N,134
SUR,1999,U,150
SWE,1999,N,171
CHE,1999,N,177
SYR,1999,N,147
TWN,1999,N,173
TJK,1999,N,129
TZA,1999,N,121
THA,1999,N,149
TGO,1999,N,133
TON,1999,N,151
TTO,1999,N,156
TUN,1999,N,146
TUR,1999,N,152
TKM,1999,N,134
TUV,1999,N,148
UGA,1999,N,128
UKR,1999,N,140
ARE,1999,N,187
GBR,1999,N,170
USA,1999,N,177
URY,1999,N,163
UZB,1999,N,132
VUT,1999,N,140
VEN,1999,N,149
VNM,1999,N,134
PSE,1999,N,152
YEM,1999,N,143
ZMB,1999,N,135
ZWE,1999,N,146
ALB,2000,N,144
DZA,2000,N,144
AGO,2000,N,138
ARG,2000,U,156
ARM,2000,N,139
AUS,2000,N,170
AUT,2000,N,174
AZE,2000,N,148
BGD,2000,N,134
BLR,2000,N,142
BEL,2000,N,174
BLZ,2000,N,150
BEN,2000,N,131
BTN,2000,N,138
BOL,2000,N,147
BIH,2000,N,154
BWA,2000,N,148
BRA,2000,N,155
BGR,2000,N,149
BFA,2000,N,127
BDI,2000,N,122
CPV,2000,N,146
CMR,2000,N,138
CAN,2000,N,173
CAF,2000,N,126
TCD,2000,N,126
CHL,2000,N,156
CHN,2000,A,135
CHN,2000,R,131
CHN,2000,U,141
COL,2000,N,150
COM,2000,N,147
COD,2000,N,113
COG,2000,N,132
CRI,2000,N,154
CIV,2000,N,137
HRV,2000,N,160
CYP,2000,N,169
CZE,2000,N,162
DNK,2000,N,173
DJI,2000,N,140
DOM,2000,N,156
ECU,2000,N,143
EGY,2000,N,142
SLV,2000,N,151
EST,2000,N,153
SWZ,2000,N,136
ETH,2000,N,129
FJI,2000,N,148
FIN,2000,N,171
FRA,2000,N,171
GAB,2000,N,147
GMB,2000,N,134
GEO,2000,N,140
DEU,2000,N,174
GHA,2000,N,136
GRC,2000,N,165
GTM,2000,N,152
GIN,2000,N,130
GNB,2000,N,130
GUY,2000,N,147
HTI,2000,N,132
HND,2000,N,148
HUN,2000,N,155
ISL,2000,N,173
IND,2000,A,132
IND,2000,R,130
IND,2000,U,136
IDN,2000,A,132
IDN,2000,R,130
IDN,2000,U,135
IRN,2000,N,152
IRQ,2000,N,144
IRL,2000,N,170
ISR,2000,N,166
ITA,2000,N,169
JAM,2000,N,153
JPN,2000,N,170
JOR,2000,N,150
KAZ,2000,N,143
KEN,2000,N,136
KIR,2000,N,142
KOR,2000,N,166
XKX,2000,N,139
KGZ,2000,N,133
LAO,2000,N,133
LVA,2000,N,152
LBN,2000,N,161
LSO,2000,N,134
LBR,2000,N,129
LTU,2000,N,151
LUX,2000,N,178
MDG,2000,N,128
MWI,2000,N,135
MYS,2000,N,157
MDV,2000,N,146
MLI,2000,N,125
MLT,2000,N,167
MRT,2000,N,140
MUS,2000,N,150
MEX,2000,N,152
FSM,2000,N,146
MDA,2000,N,134
MNG,2000,N,137
MNE,2000,N,153
MAR,2000,N,145
MOZ,2000,N,124
MMR,2000,N,125
NAM,2000,N,144
NPL,2000,N,132
NLD,2000,N,173
NIC,2000,N,142
NER,2000,N,124
NGA,2000,N,128
MKD,2000,N,145
NOR,2000,N,174
PAK,2000,N,134
PAN,2000,N,156
PNG,2000,N,131
PRY,2000,N,155
PER,2000,N,147
PHL,2000,N,142
POL,2000,N,155
PRT,2000,N,165
ROU,2000,N,142
RUS,2000,N,149
RWA,2000,N,126
WSM,2000,N,149
STP,2000,N,134
SEN,2000,N,132
SRB,2000,N,155
SYC,2000,N,160
SLE,2000,N,123
SVK,2000,N,158
SVN,2000,N,164
SLB,2000,N,135
ZAF,2000,N,144
ESP,2000,N,169
LKA,2000,N,142
LCA,2000,N,147
SDN,2000,N,134
SUR,2000,U,150
SWE,2000,N,171
CHE,2000,N,177
SYR,2000,N,147
TWN,2000,N,173
TJK,2000,N,132
TZA,2000,N,121
THA,2000,N,149
TLS,2000,N,132
TGO,2000,N,132
TON,2000,N,151
TTO,2000,N,157
TUN,2000,N,147
TUR,2000,N,152
TKM,2000,N,135
TUV,2000,N,148
UGA,2000,N,128
UKR,2000,N,145
ARE,2000,N,188
GBR,2000,N,172
USA,2000,N,178
URY,2000,N,162
UZB,2000,N,128
VUT,2000,N,140
VEN,2000,N,149
VNM,2000,N,134
PSE,2000,N,150
YEM,2000,N,143
ZMB,2000,N,134
ZWE,2000,N,145
ALB,2001,N,144
DZA,2001,N,144
AGO,2001,N,138
ARG,2001,U,155
ARM,2001,N,139
AUS,2001,N,171
AUT,2001,N,174
AZE,2001,N,146
BGD,2001,N,134
BLR,2001,N,145
BEL,2001,N,173
BLZ,2001,N,151
BEN,2001,N,131
BTN,2001,N,137
BOL,2001,N,148
BIH,2001,N,154
BWA,2001,N,148
BRA,2001,N,155
BGR,2001,N,151
BFA,2001,N,128
BDI,2001,N,122
CPV,2001,N,146
CMR,2001,N,138
CAN,2001,N,173
CAF,2001,N,125
TCD,2001,N,127
CHL,2001,N,156
CHN,2001,A,136
CHN,2001,R,131
CHN,2001,U,142
COL,2001,N,147
COM,2001,N,147
COD,2001,N,113
COG,2001,N,132
CRI,2001,N,159
CIV,2001,N,138
HRV,2001,N,160
CYP,2001,N,170
CZE,2001,N,162
DNK,2001,N,173
DJI,2001,N,140
DOM,2001,N,156
ECU,2001,N,146
EGY,2001,N,142
SLV,2001,N,150
EST,2001,N,153
SWZ,2001,N,137
ETH,2001,N,130
FJI,2001,N,148
FIN,2001,N,171
FRA,2001,N,172
GAB,2001,N,147
GMB,2001,N,132
GEO,2001,N,140
DEU,2001,N,174
GHA,2001,N,137
GRC,2001,N,166
GTM,2001,N,152
GIN,2001,N,130
GNB,2001,N,130
GUY,2001,N,148
HTI,2001,N,132
HND,2001,N,148
HUN,2001,N,157
ISL,2001,N,172
IND,2001,A,132
IND,2001,R,130
IND,2001,U,136
IDN,2001,A,133
IDN,2001,R,131
IDN,2001,U,136
IRN,2001,N,154
IRQ,2001,N,144
IRL,2001,N,171
ISR,2001,N,166
ITA,2001,N,172
JAM,2001,N,153
JPN,2001,N,171
JOR,2001,N,150
KAZ,2001,N,143
KEN,2001,N,136
KIR,2001,N,142
KOR,2001,N,167
XKX,2001,N,143
KGZ,2001,N,134
LAO,2001,N,133
LVA,2001,N,153
LBN,2001,N,161
LSO,2001,N,132
LBR,2001,N,129
LTU,2001,N,151
LUX,2001,N,179
MDG,2001,N,128
MWI,2001,N,132
MYS,2001,N,157
MDV,2001,N,145
MLI,2001,N,130
MLT,2001,N,167
MRT,2001,N,139
MUS,2001,N,150
MEX,2001,N,152
FSM,2001,N,146
MDA,2001,N,137
MNG,2001,N,138
MNE,2001,N,153
MAR,2001,N,145
MOZ,2001,N,125
MMR,2001,N,126
NAM,2001,N,144
NPL,2001,N,133
NLD,2001,N,173
NIC,2001,N,142
NER,2001,N,125
NGA,2001,N,128
MKD,2001,N,148
NOR,2001,N,174
PAK,2001,N,134
PAN,2001,N,155
PNG,2001,N,131
PRY,2001,N,156
PER,2001,N,147
PHL,2001,N,142
POL,2001,N,155
PRT,2001,N,165
ROU,2001,N,143
RUS,2001,N,151
RWA,2001,N,126
WSM,2001,N,150
STP,2001,N,134
SEN,2001,N,133
SRB,2001,N,155
SYC,2001,N,159
SLE,2001,N,122
SVK,2001,N,158
SVN,2001,N,164
SLB,2001,N,133
ZAF,2001,N,144
ESP,2001,N,169
LKA,2001,N,142
LCA,2001,N,136
SDN,2001,N,135
SUR,2001,U,150
SWE,2001,N,171
CHE,2001,N,178
SYR,2001,N,148
TWN,2001,N,173
TJK,2001,N,133
TZA,2001,N,121
THA,2001,N,149
TLS,2001,N,134
TGO,2001,N,132
TON,2001,N,152
TTO,2001,N,158
TUN,2001,N,147
TUR,2001,N,151
TKM,2001,N,135
TUV,2001,N,148
UGA,2001,N,129
UKR,2001,N,145
ARE,2001,N,195
GBR,2001,N,173
USA,2001,N,178
URY,2001,N,162
UZB,2001,N,129
VUT,2001,N,139
VEN,2001,N,150
VNM,2001,N,134
PSE,2001,N,149
YEM,2001,N,142
ZMB,2001,N,133
ZWE,2001,N,145
ALB,2002,N,146
DZA,2002,N,145
AGO,2002,N,138
ARG,2002,U,150
ARM,2002,N,140
AUS,2002,N,171
AUT,2002,N,174
AZE,2002,N,149
BGD,2002,N,134
BLR,2002,N,146
BEL,2002,N,173
BLZ,2002,N,152
BEN,2002,N,131
BTN,2002,N,139
BOL,2002,N,148
BIH,2002,N,157
BWA,2002,N,149
BRA,2002,N,156
BGR,2002,N,150
BFA,2002,N,129
BDI,2002,N,123
CPV,2002,N,146
CMR,2002,N,138
CAN,2002,N,174
CAF,2002,N,129
TCD,2002,N,128
CHL,2002,N,156
CHN,2002,A,137
CHN,2002,R,132
CHN,2002,U,143
COL,2002,N,151
COM,2002,N,147
COD,2002,N,113
COG,2002,N,132
CRI,2002,N,159
CIV,2002,N,138
HRV,2002,N,163
CYP,2002,N,170
CZE,2002,N,162
DNK,2002,N,173
DJI,2002,N,140
DOM,2002,N,155
ECU,2002,N,149
EGY,2002,N,142
SLV,2002,N,150
EST,2002,N,153
SWZ,2002,N,137
ETH,2002,N,130
FJI,2002,N,148
FIN,2002,N,171
FRA,2002,N,172
GAB,2002,N,146
GMB,2002,N,129
GEO,2002,N,143
DEU,2002,N,174
GHA,2002,N,137
GRC,2002,N,167
GTM,2002,N,152
GIN,2002,N,129
GNB,2002,N,129
GUY,2002,N,148
HTI,2002,N,132
HND,2002,N,147
HUN,2002,N,157
ISL,2002,N,172
IND,2002,A,132
IND,2002,R,131
IND,2002,U,136
IDN,2002,A,136
IDN,2002,R,133
IDN,2002,U,139
IRN,2002,N,154
IRQ,2002,N,143
IRL,2002,N,172
ISR,2002,N,166
ITA,2002,N,171
JAM,2002,N,154
JPN,2002,N,171
JOR,2002,N,150
KAZ,2002,N,144
KEN,2002,N,135
KIR,2002,N,142
KOR,2002,N,168
XKX,2002,N,142
KGZ,2002,N,134
LAO,2002,N,134
LVA,2002,N,155
LBN,2002,N,161
LSO,2002,N,131
LBR,2002,N,129
LTU,2002,N,151
LUX,2002,N,179
MDG,2002,N,125
MWI,2002,N,130
MYS,2002,N,157
MDV,2002,N,145
MLI,2002,N,130
MLT,2002,N,167
MRT,2002,N,139
MUS,2002,N,150
MEX,2002,N,152
FSM,2002,N,147
MDA,2002,N,140
MNG,2002,N,141
MNE,2002,N,153
MAR,2002,N,146
MOZ,2002,N,125
MMR,2002,N,128
NAM,2002,N,144
NPL,2002,N,132
NLD,2002,N,173
NIC,2002,N,142
NER,2002,N,125
NGA,2002,N,129
MKD,2002,N,153
NOR,2002,N,174
PAK,2002,N,134
PAN,2002,N,156
PNG,2002,N,131
PRY,2002,N,153
PER,2002,N,150
PHL,2002,N,142
POL,2002,N,155
PRT,2002,N,166
ROU,2002,N,144
RUS,2002,N,152
RWA,2002,N,128
WSM,2002,N,150
STP,2002,N,133
SEN,2002,N,132
SRB,2002,N,157
SYC,2002,N,159
SLE,2002,N,125
SVK,2002,N,158
SVN,2002,N,164
SLB,2002,N,132
ZAF,2002,N,145
ESP,2002,N,169
LKA,2002,N,143
LCA,2002,N,147
SDN,2002,N,135
SUR,2002,U,150
SWE,2002,N,171
CHE,2002,N,178
SYR,2002,N,149
TWN,2002,N,173
TJK,2002,N,134
TZA,2002,N,123
THA,2002,N,150
TLS,2002,N,133
TGO,2002,N,132
TON,2002,N,152
TTO,2002,N,159
TUN,2002,N,147
TUR,2002,N,151
TKM,2002,N,135
TUV,2002,N,149
UGA,2002,N,129
UKR,2002,N,146
ARE,2002,N,195
GBR,2002,N,172
USA,2002,N,178
URY,2002,N,161
UZB,2002,N,129
VUT,2002,N,138
VEN,2002,N,147
VNM,2002,N,134
PSE,2002,N,148
YEM,2002,N,142
ZMB,2002,N,132
ZWE,2002,N,144
ALB,2003,N,146
DZA,2003,N,145
AGO,2003,N,137
ARG,2003,U,155
ARM,2003,N,140
AUS,2003,N,171
AUT,2003,N,174
AZE,2003,N,150
BGD,2003,N,134
BLR,2003,N,147
BEL,2003,N,172
BLZ,2003,N,152
BEN,2003,N,131
BTN,2003,N,141
BOL,2003,N,148
BIH,2003,N,158
BWA,2003,N,149
BRA,2003,N,155
BGR,2003,N,150
BFA,2003,N,130
BDI,2003,N,123
CPV,2003,N,146
CMR,2003,N,138
CAN,2003,N,174
CAF,2003,N,127
TCD,2003,N,129
CHL,2003,N,156
CHN,2003,A,138
CHN,2003,R,133
CHN,2003,U,144
COL,2003,N,150
COM,2003,N,147
COD,2003,N,113
COG,2003,N,132
CRI,2003,N,159
CIV,2003,N,137
HRV,2003,N,165
CYP,2003,N,171
CZE,2003,N,163
DNK,2003,N,173
DJI,2003,N,140
DOM,2003,N,154
ECU,2003,N,149
EGY,2003,N,141
SLV,2003,N,149
EST,2003,N,153
SWZ,2003,N,137
ETH,2003,N,129
FJI,2003,N,149
FIN,2003,N,172
FRA,2003,N,172
GAB,2003,N,146
GMB,2003,N,134
GEO,2003,N,143
DEU,2003,N,174
GHA,2003,N,138
GRC,2003,N,168
GTM,2003,N,152
GIN,2003,N,129
GNB,2003,N,129
GUY,2003,N,148
HTI,2003,N,133
HND,2003,N,146
HUN,2003,N,158
ISL,2003,N,173
IND,2003,A,133
IND,2003,R,131
IND,2003,U,136
IDN,2003,A,136
IDN,2003,R,133
IDN,2003,U,139
IRN,2003,N,156
IRQ,2003,N,137
IRL,2003,N,172
ISR,2003,N,165
ITA,2003,N,172
JAM,2003,N,154
JPN,2003,N,171
JOR,2003,N,149
KAZ,2003,N,145
KEN,2003,N,135
KIR,2003,N,142
KOR,2003,N,168
XKX,2003,N,143
KGZ,2003,N,135
LAO,2003,N,134
LVA,2003,N,156
LBN,2003,N,161
LSO,2003,N,130
LBR,2003,N,124
LTU,2003,N,156
LUX,2003,N,179
MDG,2003,N,126
MWI,2003,N,129
MYS,2003,N,158
MDV,2003,N,147
MLI,2003,N,131
MLT,2003,N,167
MRT,2003,N,140
MUS,2003,N,151
MEX,2003,N,152
FSM,2003,N,147
MDA,2003,N,142
MNG,2003,N,142
MNE,2003,N,153
MAR,2003,N,146
MOZ,2003,N,125
MMR,2003,N,129
NAM,2003,N,145
NPL,2003,N,133
NLD,2003,N,173
NIC,2003,N,142
NER,2003,N,125
NGA,2003,N,129
MKD,2003,N,152
NOR,2003,N,175
PAK,2003,N,134
PAN,2003,N,156
PNG,2003,N,131
PRY,2003,N,154
PER,2003,N,150
PHL,2003,N,142
POL,2003,N,157
PRT,2003,N,165
ROU,2003,N,145
RUS,2003,N,154
RWA,2003,N,128
WSM,2003,N,150
STP,2003,N,134
SEN,2003,N,133
SRB,2003,N,155
SYC,2003,N,158
SLE,2003,N,126
SVK,2003,N,158
SVN,2003,N,164
SLB,2003,N,133
ZAF,2003,N,146
ESP,2003,N,168
LKA,2003,N,143
LCA,2003,N,145
SDN,2003,N,136
SUR,2003,U,151
SWE,2003,N,171
CHE,2003,N,178
SYR,2003,N,148
TWN,2003,N,173
TJK,2003,N,135
TZA,2003,N,124
THA,2003,N,151
TLS,2003,N,133
TGO,2003,N,133
TON,2003,N,153
TTO,2003,N,161
TUN,2003,N,148
TUR,2003,N,151
TKM,2003,N,135
TUV,2003,N,148
UGA,2003,N,130
UKR,2003,N,147
ARE,2003,N,194
GBR,2003,N,173
USA,2003,N,178
URY,2003,N,158
UZB,2003,N,129
VUT,2003,N,139
VEN,2003,N,145
VNM,2003,N,136
PSE,2003,N,149
YEM,2003,N,142
ZMB,2003,N,132
ZWE,2003,N,141
ALB,2004,N,147
DZA,2004,N,146
AGO,2004,N,137
ARG,2004,U,156
ARM,2004,N,143
AUS,2004,N,172
AUT,2004,N,175
AZE,2004,N,150
BGD,2004,N,135
BLR,2004,N,148
BEL,2004,N,173
BLZ,2004,N,151
BEN,2004,N,132
BTN,2004,N,141
BOL,2004,N,150
BIH,2004,N,160
BWA,2004,N,149
BRA,2004,N,155
BGR,2004,N,151
BFA,2004,N,130
BDI,2004,N,124
CPV,2004,N,147
CMR,2004,N,138
CAN,2004,N,174
CAF,2004,N,128
TCD,2004,N,133
CHL,2004,N,157
CHN,2004,A,140
CHN,2004,R,134
CHN,2004,U,145
COL,2004,N,151
COM,2004,N,147
COD,2004,N,114
COG,2004,N,132
CRI,2004,N,158
CIV,2004,N,137
HRV,2004,N,166
CYP,2004,N,171
CZE,2004,N,163
DNK,2004,N,173
DJI,2004,N,140
DOM,2004,N,151
ECU,2004,N,149
EGY,2004,N,140
SLV,2004,N,150
EST,2004,N,155
SWZ,2004,N,137
ETH,2004,N,131
FJI,2004,N,149
FIN,2004,N,172
FRA,2004,N,172
GAB,2004,N,146
GMB,2004,N,136
GEO,2004,N,143
DEU,2004,N,174
GHA,2004,N,139
GRC,2004,N,168
GTM,2004,N,152
GIN,2004,N,129
GNB,2004,N,129
GUY,2004,N,148
HTI,2004,N,133
HND,2004,N,146
HUN,2004,N,159
ISL,2004,N,173
IND,2004,A,133
IND,2004,R,131
IND,2004,U,137
IDN,2004,A,136
IDN,2004,R,133
IDN,2004,U,139
IRN,2004,N,156
IRQ,2004,N,142
IRL,2004,N,173
ISR,2004,N,166
ITA,2004,N,172
JAM,2004,N,154
JPN,2004,N,171
JOR,2004,N,150
KAZ,2004,N,146
KEN,2004,N,135
KIR,2004,N,141
KOR,2004,N,168
XKX,2004,N,143
KGZ,2004,N,140
LAO,2004,N,135
LVA,2004,N,156
LBN,2004,N,161
LSO,2004,N,131
LBR,2004,N,124
LTU,2004,N,156
LUX,2004,N,179
MDG,2004,N,127
MWI,2004,N,127
MYS,2004,N,158
MDV,2004,N,147
MLI,2004,N,130
MLT,2004,N,167
MRT,2004,N,140
MUS,2004,N,151
MEX,2004,N,153
FSM,2004,N,146
MDA,2004,N,142
MNG,2004,N,144
MNE,2004,N,154
MAR,2004,N,147
MOZ,2004,N,126
MMR,2004,N,131
NAM,2004,N,146
NRU,2004,N,140
NPL,2004,N,133
NLD,2004,N,173
NIC,2004,N,141
NER,2004,N,125
NGA,2004,N,130
MKD,2004,N,156
NOR,2004,N,175
PAK,2004,N,135
PAN,2004,N,156
PNG,2004,N,131
PRY,2004,N,154
PER,2004,N,149
PHL,2004,N,143
POL,2004,N,157
PRT,2004,N,166
ROU,2004,N,146
RUS,2004,N,155
RWA,2004,N,128
WSM,2004,N,151
STP,2004,N,133
SEN,2004,N,134
SRB,2004,N,154
SYC,2004,N,157
SLE,2004,N,126
SVK,2004,N,156
SVN,2004,N,167
SLB,2004,N,133
ZAF,2004,N,148
ESP,2004,N,168
LKA,2004,N,144
LCA,2004,N,154
SDN,2004,N,136
SUR,2004,U,152
SWE,2004,N,171
CHE,2004,N,178
SYR,2004,N,149
TWN,2004,N,173
TJK,2004,N,139
TZA,2004,N,126
THA,2004,N,152
TLS,2004,N,133
TGO,2004,N,132
TON,2004,N,152
TTO,2004,N,162
TUN,2004,N,148
TUR,2004,N,154
TKM,2004,N,136
TUV,2004,N,148
UGA,2004,N,130
UKR,2004,N,149
ARE,2004,N,194
GBR,2004,N,173
USA,2004,N,178
URY,2004,N,158
UZB,2004,N,129
VUT,2004,N,141
VEN,2004,N,146
VNM,2004,N,137
PSE,2004,N,151
YEM,2004,N,141
ZMB,2004,N,132
ZWE,2004,N,140
ALB,2005,N,147
DZA,2005,N,146
AGO,2005,N,138
ARG,2005,U,157
ARM,2005,N,144
AUS,2005,N,173
AUT,2005,N,174
AZE,2005,N,152
BGD,2005,N,135
BLR,2005,N,151
BEL,2005,N,173
BLZ,2005,N,151
BEN,2005,N,131
BTN,2005,N,143
BOL,2005,N,151
BIH,2005,N,161
BWA,2005,N,150
BRA,2005,N,156
BGR,2005,N,152
BFA,2005,N,131
BDI,2005,N,124
CPV,2005,N,147
CMR,2005,N,138
CAN,2005,N,175
CAF,2005,N,129
TCD,2005,N,135
CHL,2005,N,157
CHN,2005,A,141
CHN,2005,R,135
CHN,2005,U,146
COL,2005,N,152
COM,2005,N,147
COD,2005,N,114
COG,2005,N,132
CRI,2005,N,158
CIV,2005,N,137
HRV,2005,N,166
CYP,2005,N,172
CZE,2005,N,164
DNK,2005,N,174
DJI,2005,N,140
DOM,2005,N,153
ECU,2005,N,151
EGY,2005,N,140
SLV,2005,N,150
EST,2005,N,160
SWZ,2005,N,137
ETH,2005,N,132
FJI,2005,N,150
FIN,2005,N,173
FRA,2005,N,172
GAB,2005,N,146
GMB,2005,N,135
GEO,2005,N,143
DEU,2005,N,175
GHA,2005,N,139
GRC,2005,N,168
GTM,2005,N,152
GIN,2005,N,129
GNB,2005,N,129
GUY,2005,N,148
HTI,2005,N,133
HND,2005,N,147
HUN,2005,N,159
ISL,2005,N,174
IND,2005,A,133
IND,2005,R,131
IND,2005,U,137
IDN,2005,A,137
IDN,2005,R,134
IDN,2005,U,140
IRN,2005,N,158
IRQ,2005,N,143
IRL,2005,N,173
ISR,2005,N,166
ITA,2005,N,172
JAM,2005,N,154
JPN,2005,N,171
JOR,2005,N,151
KAZ,2005,N,147
KEN,2005,N,135
KIR,2005,N,142
KOR,2005,N,169
XKX,2005,N,144
KGZ,2005,N,139
LAO,2005,N,135
LVA,2005,N,157
LBN,2005,N,160
LSO,2005,N,132
LBR,2005,N,124
LTU,2005,N,157
LUX,2005,N,180
MDG,2005,N,127
MWI,2005,N,127
MYS,2005,N,159
MDV,2005,N,145
MLI,2005,N,131
MLT,2005,N,168
MRT,2005,N,141
MUS,2005,N,151
MEX,2005,N,153
FSM,2005,N,147
MDA,2005,N,140
MNG,2005,N,145
MNE,2005,N,155
MAR,2005,N,147
MOZ,2005,N,126
MMR,2005,N,133
NAM,2005,N,146
NRU,2005,N,140
NPL,2005,N,134
NLD,2005,N,173
NIC,2005,N,141
NER,2005,N,126
NGA,2005,N,130
MKD,2005,N,153
NOR,2005,N,176
PAK,2005,N,136
PAN,2005,N,156
PNG,2005,N,132
PRY,2005,N,155
PER,2005,N,148
PHL,2005,N,143
POL,2005,N,156
PRT,2005,N,166
ROU,2005,N,147
RUS,2005,N,156
RWA,2005,N,129
WSM,2005,N,151
STP,2005,N,134
SEN,2005,N,134
SRB,2005,N,155
SYC,2005,N,158
SLE,2005,N,127
SVK,2005,N,158
SVN,2005,N,167
SLB,2005,N,134
ZAF,2005,N,150
ESP,2005,N,169
LKA,2005,N,144
LCA,2005,N,153
SDN,2005,N,137
SUR,2005,U,153
SWE,2005,N,171
CHE,2005,N,178
SYR,2005,N,150
TWN,2005,N,173
TJK,2005,N,140
TZA,2005,N,127
THA,2005,N,153
TLS,2005,N,132
TGO,2005,N,131
TON,2005,N,152
TTO,2005,N,163
TUN,2005,N,148
TUR,2005,N,154
TKM,2005,N,138
TUV,2005,N,147
UGA,2005,N,131
UKR,2005,N,152
ARE,2005,N,193
GBR,2005,N,172
USA,2005,N,178
URY,2005,N,159
UZB,2005,N,130
VUT,2005,N,141
VEN,2005,N,149
VNM,2005,N,137
PSE,2005,N,152
YEM,2005,N,141
ZMB,2005,N,133
ZWE,2005,N,139
ALB,2006,N,148
DZA,2006,N,146
AGO,2006,N,138
ARG,2006,U,159
ARM,2006,N,144
AUS,2006,N,174
AUT,2006,N,174
AZE,2006,N,156
BGD,2006,N,136
BLR,2006,N,153
BEL,2006,N,173
BLZ,2006,N,150
BEN,2006,N,131
BTN,2006,N,136
BOL,2006,N,152
BIH,2006,N,161
BWA,2006,N,151
BRA,2006,N,157
BGR,2006,N,151
BFA,2006,N,131
BDI,2006,N,124
CPV,2006,N,147
CMR,2006,N,138
CAN,2006,N,175
CAF,2006,N,123
TCD,2006,N,134
CHL,2006,N,158
CHN,2006,A,142
CHN,2006,R,136
CHN,2006,U,147
COL,2006,N,152
COM,2006,N,146
COD,2006,N,115
COG,2006,N,134
CRI,2006,N,159
CIV,2006,N,137
HRV,2006,N,166
CYP,2006,N,174
CZE,2006,N,165
DNK,2006,N,174
DJI,2006,N,140
DOM,2006,N,155
ECU,2006,N,153
EGY,2006,N,140
SLV,2006,N,150
EST,2006,N,162
SWZ,2006,N,137
ETH,2006,N,132
FJI,2006,N,150
FIN,2006,N,173
FRA,2006,N,172
GAB,2006,N,146
GMB,2006,N,135
GEO,2006,N,143
DEU,2006,N,175
GHA,2006,N,140
GRC,2006,N,169
GTM,2006,N,152
GIN,2006,N,129
GNB,2006,N,129
GUY,2006,N,148
HTI,2006,N,133
HND,2006,N,149
HUN,2006,N,159
ISL,2006,N,176
IND,2006,A,133
IND,2006,R,131
IND,2006,U,137
IDN,2006,A,136
IDN,2006,R,133
IDN,2006,U,139
IRN,2006,N,159
IRQ,2006,N,144
IRL,2006,N,174
ISR,2006,N,166
ITA,2006,N,172
JAM,2006,N,154
JPN,2006,N,171
JOR,2006,N,151
KAZ,2006,N,149
KEN,2006,N,135
KIR,2006,N,142
KOR,2006,N,169
XKX,2006,N,143
KGZ,2006,N,143
LAO,2006,N,136
LVA,2006,N,159
LBN,2006,N,160
LSO,2006,N,133
LBR,2006,N,125
LTU,2006,N,160
LUX,2006,N,180
MDG,2006,N,127
MWI,2006,N,127
MYS,2006,N,159
MDV,2006,N,147
MLI,2006,N,131
MLT,2006,N,168
MRT,2006,N,143
MUS,2006,N,152
MEX,2006,N,154
FSM,2006,N,146
MDA,2006,N,148
MNG,2006,N,146
MNE,2006,N,155
MAR,2006,N,148
MOZ,2006,N,126
MMR,2006,N,134
NAM,2006,N,147
NRU,2006,N,141
NPL,2006,N,135
NLD,2006,N,174
NIC,2006,N,148
NER,2006,N,127
NGA,2006,N,130
MKD,2006,N,154
NOR,2006,N,175
PAK,2006,N,136
PAN,2006,N,156
PNG,2006,N,133
PRY,2006,N,154
PER,2006,N,150
PHL,2006,N,143
POL,2006,N,157
PRT,2006,N,166
ROU,2006,N,147
RUS,2006,N,157
RWA,2006,N,130
WSM,2006,N,151
STP,2006,N,134
SEN,2006,N,134
SRB,2006,N,154
SYC,2006,N,158
SLE,2006,N,127
SVK,2006,N,159
SVN,2006,N,168
SLB,2006,N,134
ZAF,2006,N,151
ESP,2006,N,169
LKA,2006,N,145
LCA,2006,N,158
SDN,2006,N,138
SUR,2006,U,153
SWE,2006,N,172
CHE,2006,N,178
SYR,2006,N,150
TWN,2006,N,173
TJK,2006,N,140
TZA,2006,N,128
THA,2006,N,154
TLS,2006,N,131
TGO,2006,N,131
TON,2006,N,152
TTO,2006,N,164
TUN,2006,N,148
TUR,2006,N,155
TKM,2006,N,139
TUV,2006,N,147
UGA,2006,N,132
UKR,2006,N,153
ARE,2006,N,193
GBR,2006,N,173
USA,2006,N,178
URY,2006,N,159
UZB,2006,N,131
VUT,2006,N,141
VEN,2006,N,152
VNM,2006,N,138
PSE,2006,N,152
YEM,2006,N,141
ZMB,2006,N,132
ZWE,2006,N,139
ALB,2007,N,148
DZA,2007,N,146
AGO,2007,N,138
ARG,2007,U,159
ARM,2007,N,146
AUS,2007,N,175
AUT,2007,N,175
AZE,2007,N,159
BGD,2007,N,136
BLR,2007,N,155
BEL,2007,N,173
BLZ,2007,N,150
BEN,2007,N,132
BTN,2007,N,144
BOL,2007,N,152
BIH,2007,N,162
BWA,2007,N,152
BRA,2007,N,157
BGR,2007,N,154
BFA,2007,N,131
BDI,2007,N,124
CPV,2007,N,148
CMR,2007,N,138
CAN,2007,N,176
CAF,2007,N,130
TCD,2007,N,134
CHL,2007,N,159
CHN,2007,A,143
CHN,2007,R,137
CHN,2007,U,148
COL,2007,N,153
COM,2007,N,146
COD,2007,N,117
COG,2007,N,133
CRI,2007,N,160
CIV,2007,N,137
HRV,2007,N,166
CYP,2007,N,174
CZE,2007,N,165
DNK,2007,N,174
DJI,2007,N,141
DOM,2007,N,154
ECU,2007,N,153
EGY,2007,N,140
SLV,2007,N,151
EST,2007,N,164
SWZ,2007,N,137
ETH,2007,N,132
FJI,2007,N,150
FIN,2007,N,173
FRA,2007,N,175
GAB,2007,N,147
GMB,2007,N,136
GEO,2007,N,143
DEU,2007,N,175
GHA,2007,N,140
GRC,2007,N,169
GTM,2007,N,152
GIN,2007,N,130
GNB,2007,N,129
GUY,2007,N,149
HTI,2007,N,134
HND,2007,N,150
HUN,2007,N,159
ISL,2007,N,176
IND,2007,A,134
IND,2007,R,132
IND,2007,U,138
IDN,2007,A,138
IDN,2007,R,134
IDN,2007,U,141
IRN,2007,N,160
IRQ,2007,N,144
IRL,2007,N,174
ISR,2007,N,167
ITA,2007,N,173
JAM,2007,N,155
JPN,2007,N,171
JOR,2007,N,151
KAZ,2007,N,151
KEN,2007,N,135
KIR,2007,N,141
KOR,2007,N,170
XKX,2007,N,144
KGZ,2007,N,142
LAO,2007,N,136
LVA,2007,N,161
LBN,2007,N,161
LSO,2007,N,134
LBR,2007,N,126
LTU,2007,N,162
LUX,2007,N,180
MDG,2007,N,127
MWI,2007,N,127
MYS,2007,N,159
MDV,2007,N,148
MLI,2007,N,131
MLT,2007,N,169
MRT,2007,N,142
MUS,2007,N,153
MEX,2007,N,154
FSM,2007,N,146
MDA,2007,N,150
MNG,2007,N,148
MNE,2007,N,158
MAR,2007,N,148
MOZ,2007,N,127
MMR,2007,N,136
NAM,2007,N,147
NRU,2007,N,137
NPL,2007,N,135
NLD,2007,N,175
NIC,2007,N,148
NER,2007,N,126
NGA,2007,N,130
MKD,2007,N,157
NOR,2007,N,177
PAK,2007,N,137
PAN,2007,N,157
PNG,2007,N,133
PRY,2007,N,155
PER,2007,N,151
PHL,2007,N,143
POL,2007,N,158
PRT,2007,N,166
ROU,2007,N,149
RUS,2007,N,159
RWA,2007,N,130
WSM,2007,N,151
STP,2007,N,133
SEN,2007,N,134
SRB,2007,N,154
SYC,2007,N,159
SLE,2007,N,128
SVK,2007,N,159
SVN,2007,N,169
SLB,2007,N,134
ZAF,2007,N,152
ESP,2007,N,171
LKA,2007,N,145
LCA,2007,N,158
SDN,2007,N,139
SUR,2007,U,154
SWE,2007,N,173
CHE,2007,N,178
SYR,2007,N,150
TWN,2007,N,173
TJK,2007,N,141
TZA,2007,N,129
THA,2007,N,154
TLS,2007,N,132
TGO,2007,N,130
TON,2007,N,151
TTO,2007,N,165
TUN,2007,N,149
TUR,2007,N,155
TKM,2007,N,140
TUV,2007,N,148
UGA,2007,N,133
UKR,2007,N,152
ARE,2007,N,193
GBR,2007,N,174
USA,2007,N,178
URY,2007,N,160
UZB,2007,N,132
VUT,2007,N,141
VEN,2007,N,154
VNM,2007,N,139
PSE,2007,N,151
YEM,2007,N,141
ZMB,2007,N,132
ZWE,2007,N,138
ALB,2008,N,149
DZA,2008,N,147
AGO,2008,N,138
ARG,2008,U,160
ARM,2008,N,146
AUS,2008,N,176
AUT,2008,N,175
AZE,2008,N,159
BGD,2008,N,136
BLR,2008,N,156
BEL,2008,N,174
BLZ,2008,N,149
BEN,2008,N,132
BTN,2008,N,143
BOL,2008,N,152
BIH,2008,N,161
BWA,2008,N,152
BRA,2008,N,158
BGR,2008,N,158
BFA,2008,N,131
BDI,2008,N,125
CPV,2008,N,149
CMR,2008,N,138
CAN,2008,N,176
CAF,2008,N,131
TCD,2008,N,134
CHL,2008,N,159
CHN,2008,A,144
CHN,2008,R,137
CHN,2008,U,149
COL,2008,N,153
COM,2008,N,145
COD,2008,N,119
COG,2008,N,133
CRI,2008,N,160
CIV,2008,N,137
HRV,2008,N,166
CYP,2008,N,174
CZE,2008,N,166
DNK,2008,N,174
DJI,2008,N,141
DOM,2008,N,153
ECU,2008,N,153
EGY,2008,N,140
SLV,2008,N,150
EST,2008,N,164
SWZ,2008,N,137
ETH,2008,N,132
FJI,2008,N,150
FIN,2008,N,174
FRA,2008,N,175
GAB,2008,N,146
GMB,2008,N,137
GEO,2008,N,144
DEU,2008,N,175
GHA,2008,N,141
GRC,2008,N,169
GTM,2008,N,152
GIN,2008,N,131
GNB,2008,N,129
GUY,2008,N,150
HTI,2008,N,134
HND,2008,N,150
HUN,2008,N,161
ISL,2008,N,177
IND,2008,A,134
IND,2008,R,132
IND,2008,U,138
IDN,2008,A,138
IDN,2008,R,135
IDN,2008,U,140
IRN,2008,N,159
IRQ,2008,N,144
IRL,2008,N,173
ISR,2008,N,167
ITA,2008,N,172
JAM,2008,N,154
JPN,2008,N,171
JOR,2008,N,151
KAZ,2008,N,151
KEN,2008,N,135
KIR,2008,N,141
KOR,2008,N,170
XKX,2008,N,145
KGZ,2008,N,144
LAO,2008,N,137
LVA,2008,N,161
LBN,2008,N,163
LSO,2008,N,135
LBR,2008,N,127
LTU,2008,N,160
LUX,2008,N,180
MDG,2008,N,127
MWI,2008,N,127
MYS,2008,N,160
MDV,2008,N,149
MLI,2008,N,131
MLT,2008,N,170
MRT,2008,N,142
MUS,2008,N,153
MEX,2008,N,154
FSM,2008,N,144
MDA,2008,N,149
MNG,2008,N,149
MNE,2008,N,159
MAR,2008,N,149
MOZ,2008,N,127
MMR,2008,N,137
NAM,2008,N,147
NRU,2008,N,140
NPL,2008,N,135
NLD,2008,N,175
NIC,2008,N,148
NER,2008,N,129
NGA,2008,N,130
MKD,2008,N,158
NOR,2008,N,177
PAK,2008,N,137
PAN,2008,N,160
PNG,2008,N,133
PRY,2008,N,155
PER,2008,N,152
PHL,2008,N,143
POL,2008,N,158
PRT,2008,N,166
ROU,2008,N,151
RUS,2008,N,161
RWA,2008,N,130
WSM,2008,N,151
STP,2008,N,134
SEN,2008,N,135
SRB,2008,N,154
SYC,2008,N,159
SLE,2008,N,128
SVK,2008,N,159
SVN,2008,N,169
SLB,2008,N,135
ZAF,2008,N,153
SSD,2008,N,134
ESP,2008,N,172
LKA,2008,N,145
LCA,2008,N,155
SDN,2008,N,140
SUR,2008,U,154
SWE,2008,N,174
CHE,2008,N,178
SYR,2008,N,151
TWN,2008,N,172
TJK,2008,N,142
TZA,2008,N,130
THA,2008,N,154
TLS,2008,N,131
TGO,2008,N,131
TON,2008,N,152
TTO,2008,N,165
TUN,2008,N,149
TUR,2008,N,157
TKM,2008,N,142
TUV,2008,N,149
UGA,2008,N,133
UKR,2008,N,154
ARE,2008,N,192
GBR,2008,N,173
USA,2008,N,178
URY,2008,N,162
UZB,2008,N,133
VUT,2008,N,141
VEN,2008,N,155
VNM,2008,N,139
PSE,2008,N,152
YEM,2008,N,141
ZMB,2008,N,131
ZWE,2008,N,135
ALB,2009,N,148
DZA,2009,N,147
AGO,2009,N,136
ARG,2009,U,160
ARM,2009,N,144
AUS,2009,N,175
AUT,2009,N,176
AZE,2009,N,160
BGD,2009,N,136
BLR,2009,N,156
BEL,2009,N,174
BLZ,2009,N,150
BEN,2009,N,132
BTN,2009,N,145
BOL,2009,N,153
BIH,2009,N,161
BWA,2009,N,151
BRA,2009,N,158
BGR,2009,N,158
BFA,2009,N,131
BDI,2009,N,125
CPV,2009,N,149
CMR,2009,N,138
CAN,2009,N,176
CAF,2009,N,132
TCD,2009,N,134
CHL,2009,N,159
CHN,2009,A,145
CHN,2009,R,138
CHN,2009,U,150
COL,2009,N,153
COM,2009,N,145
COD,2009,N,118
COG,2009,N,134
CRI,2009,N,162
CIV,2009,N,137
HRV,2009,N,166
CYP,2009,N,173
CZE,2009,N,166
DNK,2009,N,174
DJI,2009,N,141
DOM,2009,N,155
ECU,2009,N,152
EGY,2009,N,141
SLV,2009,N,150
EST,2009,N,164
SWZ,2009,N,137
ETH,2009,N,133
FJI,2009,N,150
FIN,2009,N,174
FRA,2009,N,175
GAB,2009,N,146
GMB,2009,N,135
GEO,2009,N,144
DEU,2009,N,175
GHA,2009,N,141
GRC,2009,N,169
GTM,2009,N,151
GIN,2009,N,130
GNB,2009,N,129
GUY,2009,N,150
HTI,2009,N,136
HND,2009,N,150
HUN,2009,N,160
ISL,2009,N,175
IND,2009,A,134
IND,2009,R,132
IND,2009,U,138
IDN,2009,A,138
IDN,2009,R,135
IDN,2009,U,141
IRN,2009,N,158
IRQ,2009,N,144
IRL,2009,N,173
ISR,2009,N,167
ITA,2009,N,172
JAM,2009,N,154
JPN,2009,N,172
JOR,2009,N,152
KAZ,2009,N,150
KEN,2009,N,135
KIR,2009,N,141
KOR,2009,N,170
XKX,2009,N,145
KGZ,2009,N,144
LAO,2009,N,137
LVA,2009,N,158
LBN,2009,N,164
LSO,2009,N,136
LBR,2009,N,127
LTU,2009,N,160
LUX,2009,N,180
MDG,2009,N,126
MWI,2009,N,127
MYS,2009,N,160
MDV,2009,N,148
MLI,2009,N,131
MLT,2009,N,169
MRT,2009,N,142
MUS,2009,N,153
MEX,2009,N,153
FSM,2009,N,146
MDA,2009,N,149
MNG,2009,N,148
MNE,2009,N,158
MAR,2009,N,150
MOZ,2009,N,128
MMR,2009,N,139
NAM,2009,N,147
NRU,2009,N,141
NPL,2009,N,136
NLD,2009,N,175
NIC,2009,N,148
NER,2009,N,127
NGA,2009,N,130
MKD,2009,N,150
NOR,2009,N,177
PAK,2009,N,137
PAN,2009,N,160
PNG,2009,N,134
PRY,2009,N,155
PER,2009,N,153
PHL,2009,N,143
POL,2009,N,159
PRT,2009,N,166
ROU,2009,N,151
RUS,2009,N,160
RWA,2009,N,130
WSM,2009,N,151
STP,2009,N,133
SEN,2009,N,134
SRB,2009,N,154
SYC,2009,N,159
SLE,2009,N,129
SVK,2009,N,158
SVN,2009,N,169
SLB,2009,N,135
ZAF,2009,N,153
SSD,2009,N,134
ESP,2009,N,172
LKA,2009,N,145
LCA,2009,N,158
SDN,2009,N,140
SUR,2009,U,155
SWE,2009,N,174
CHE,2009,N,178
SYR,2009,N,151
TWN,2009,N,171
TJK,2009,N,143
TZA,2009,N,130
THA,2009,N,155
TLS,2009,N,132
TGO,2009,N,131
TON,2009,N,151
TTO,2009,N,165
TUN,2009,N,150
TUR,2009,N,157
TKM,2009,N,143
TUV,2009,N,148
UGA,2009,N,134
UKR,2009,N,153
ARE,2009,N,186
GBR,2009,N,173
USA,2009,N,178
URY,2009,N,163
UZB,2009,N,134
VUT,2009,N,141
VEN,2009,N,154
VNM,2009,N,141
PSE,2009,N,153
YEM,2009,N,141
ZMB,2009,N,131
ZWE,2009,N,137
ALB,2010,N,148
DZA,2010,N,148
AGO,2010,N,136
ARG,2010,U,161
ARM,2010,N,144
AUS,2010,N,176
AUT,2010,N,176
AZE,2010,N,157
BGD,2010,N,136
BLR,2010,N,158
BEL,2010,N,174
BLZ,2010,N,150
BEN,2010,N,132
BTN,2010,N,147
BOL,2010,N,154
BIH,2010,N,161
BWA,2010,N,151
BRA,2010,N,159
BGR,2010,N,158
BFA,2010,N,131
BDI,2010,N,125
CPV,2010,N,149
CMR,2010,N,138
CAN,2010,N,176
CAF,2010,N,132
TCD,2010,N,136
CHL,2010,N,159
CHN,2010,A,146
CHN,2010,R,139
CHN,2010,U,151
COL,2010,N,155
COM,2010,N,145
COD,2010,N,120
COG,2010,N,136
CRI,2010,N,161
CIV,2010,N,137
HRV,2010,N,163
CYP,2010,N,174
CZE,2010,N,166
DNK,2010,N,175
DJI,2010,N,141
DOM,2010,N,154
ECU,2010,N,154
EGY,2010,N,142
SLV,2010,N,150
EST,2010,N,163
SWZ,2010,N,138
ETH,2010,N,133
FJI,2010,N,150
FIN,2010,N,174
FRA,2010,N,175
GAB,2010,N,147
GMB,2010,N,139
GEO,2010,N,144
DEU,2010,N,175
GHA,2010,N,142
GRC,2010,N,167
GTM,2010,N,151
GIN,2010,N,130
GNB,2010,N,129
GUY,2010,N,151
HTI,2010,N,134
HND,2010,N,150
HUN,2010,N,161
ISL,2010,N,173
IND,2010,A,135
IND,2010,R,133
IND,2010,U,139
IDN,2010,A,140
IDN,2010,R,137
IDN,2010,U,142
IRN,2010,N,158
IRQ,2010,N,144
IRL,2010,N,172
ISR,2010,N,168
ITA,2010,N,172
JAM,2010,N,153
JPN,2010,N,174
JOR,2010,N,152
KAZ,2010,N,151
KEN,2010,N,135
KIR,2010,N,140
KOR,2010,N,170
XKX,2010,N,146
KGZ,2010,N,143
LAO,2010,N,138
LVA,2010,N,159
LBN,2010,N,165
LSO,2010,N,136
LBR,2010,N,128
LTU,2010,N,159
LUX,2010,N,180
MDG,2010,N,125
MWI,2010,N,127
MYS,2010,N,161
MDV,2010,N,151
MLI,2010,N,131
MLT,2010,N,169
MRT,2010,N,142
MUS,2010,N,154
MEX,2010,N,153
FSM,2010,N,144
MDA,2010,N,150
MNG,2010,N,148
MNE,2010,N,157
MAR,2010,N,150
MOZ,2010,N,128
MMR,2010,N,140
NAM,2010,N,148
NRU,2010,N,143
NPL,2010,N,138
NLD,2010,N,174
NIC,2010,N,148
NER,2010,N,130
NGA,2010,N,131
MKD,2010,N,150
NOR,2010,N,177
PAK,2010,N,138
PAN,2010,N,160
PNG,2010,N,135
PRY,2010,N,156
PER,2010,N,153
PHL,2010,N,143
POL,2010,N,159
PRT,2010,N,166
ROU,2010,N,151
RUS,2010,N,161
RWA,2010,N,131
WSM,2010,N,151
STP,2010,N,133
SEN,2010,N,135
SRB,2010,N,154
SYC,2010,N,160
SLE,2010,N,129
SVK,2010,N,163
SVN,2010,N,169
SLB,2010,N,136
ZAF,2010,N,154
SSD,2010,N,135
ESP,2010,N,171
LKA,2010,N,145
LCA,2010,N,158
SDN,2010,N,139
SUR,2010,U,155
SWE,2010,N,174
CHE,2010,N,178
SYR,2010,N,151
TWN,2010,N,172
TJK,2010,N,143
TZA,2010,N,131
THA,2010,N,155
TLS,2010,N,133
TGO,2010,N,131
TON,2010,N,151
TTO,2010,N,165
TUN,2010,N,150
TUR,2010,N,157
TKM,2010,N,144
TUV,2010,N,147
UGA,2010,N,134
UKR,2010,N,154
ARE,2010,N,180
GBR,2010,N,173
USA,2010,N,178
URY,2010,N,163
UZB,2010,N,135
VUT,2010,N,141
VEN,2010,N,154
VNM,2010,N,147
PSE,2010,N,153
YEM,2010,N,141
ZMB,2010,N,131
ZWE,2010,N,139
ALB,2011,N,148
DZA,2011,N,148
AGO,2011,N,136
ARG,2011,U,161
ARM,2011,N,145
AUS,2011,N,176
AUT,2011,N,176
AZE,2011,N,160
BGD,2011,N,137
BLR,2011,N,158
BEL,2011,N,173
BLZ,2011,N,150
BEN,2011,N,132
BTN,2011,N,148
BOL,2011,N,155
BIH,2011,N,161
BWA,2011,N,151
BRA,2011,N,159
BGR,2011,N,156
BFA,2011,N,132
BDI,2011,N,125
CPV,2011,N,149
CMR,2011,N,139
CAN,2011,N,176
CAF,2011,N,133
TCD,2011,N,135
CHL,2011,N,160
CHN,2011,A,147
CHN,2011,R,140
CHN,2011,U,152
COL,2011,N,155
COM,2011,N,144
COD,2011,N,122
COG,2011,N,137
CRI,2011,N,162
CIV,2011,N,135
HRV,2011,N,160
CYP,2011,N,174
CZE,2011,N,166
DNK,2011,N,175
DJI,2011,N,142
DOM,2011,N,155
ECU,2011,N,154
EGY,2011,N,142
SLV,2011,N,149
EST,2011,N,163
SWZ,2011,N,139
ETH,2011,N,133
FJI,2011,N,149
FIN,2011,N,174
FRA,2011,N,175
GAB,2011,N,148
GMB,2011,N,138
GEO,2011,N,144
DEU,2011,N,175
GHA,2011,N,144
GRC,2011,N,165
GTM,2011,N,150
GIN,2011,N,132
GNB,2011,N,130
GUY,2011,N,151
HTI,2011,N,136
HND,2011,N,149
HUN,2011,N,161
ISL,2011,N,173
IND,2011,A,136
IND,2011,R,134
IND,2011,U,140
IDN,2011,A,142
IDN,2011,R,139
IDN,2011,U,144
IRN,2011,N,159
IRQ,2011,N,144
IRL,2011,N,172
ISR,2011,N,168
ITA,2011,N,172
JAM,2011,N,154
JPN,2011,N,174
JOR,2011,N,153
KAZ,2011,N,154
KEN,2011,N,135
KIR,2011,N,140
KOR,2011,N,171
XKX,2011,N,145
KGZ,2011,N,143
LAO,2011,N,138
LVA,2011,N,159
LBN,2011,N,164
LSO,2011,N,137
LBR,2011,N,129
LTU,2011,N,160
LUX,2011,N,179
MDG,2011,N,124
MWI,2011,N,128
MYS,2011,N,162
MDV,2011,N,156
MLI,2011,N,131
MLT,2011,N,170
MRT,2011,N,142
MUS,2011,N,154
MEX,2011,N,154
FSM,2011,N,144
MDA,2011,N,150
MNG,2011,N,150
MNE,2011,N,157
MAR,2011,N,151
MOZ,2011,N,129
MMR,2011,N,140
NAM,2011,N,149
NRU,2011,N,144
NPL,2011,N,138
NLD,2011,N,174
NIC,2011,N,149
NER,2011,N,130
NGA,2011,N,132
MKD,2011,N,150
NOR,2011,N,178
PAK,2011,N,138
PAN,2011,N,161
PNG,2011,N,135
PRY,2011,N,157
PER,2011,N,154
PHL,2011,N,143
POL,2011,N,159
PRT,2011,N,166
ROU,2011,N,150
RUS,2011,N,162
RWA,2011,N,131
WSM,2011,N,151
STP,2011,N,134
SEN,2011,N,134
SRB,2011,N,154
SYC,2011,N,162
SLE,2011,N,130
SVK,2011,N,164
SVN,2011,N,169
SLB,2011,N,137
SOM,2011,N,127
ZAF,2011,N,154
SSD,2011,N,133
ESP,2011,N,170
LKA,2011,N,146
LCA,2011,N,158
SDN,2011,N,140
SUR,2011,U,156
SWE,2011,N,174
CHE,2011,N,179
SYR,2011,N,151
TWN,2011,N,172
TJK,2011,N,144
TZA,2011,N,132
THA,2011,N,156
TLS,2011,N,133
TGO,2011,N,132
TON,2011,N,151
TTO,2011,N,165
TUN,2011,N,150
TUR,2011,N,158
TKM,2011,N,145
TUV,2011,N,148
UGA,2011,N,135
UKR,2011,N,154
ARE,2011,N,181
GBR,2011,N,173
USA,2011,N,178
URY,2011,N,164
UZB,2011,N,135
VUT,2011,N,141
VEN,2011,N,154
VNM,2011,N,148
PSE,2011,N,153
YEM,2011,N,139
ZMB,2011,N,132
ZWE,2011,N,141
ALB,2012,N,148
DZA,2012,N,149
AGO,2012,N,137
ARG,2012,U,161
ARM,2012,N,145
AUS,2012,N,176
AUT,2012,N,175
AZE,2012,N,160
BGD,2012,N,137
BLR,2012,N,160
BEL,2012,N,174
BLZ,2012,N,150
BEN,2012,N,132
BTN,2012,N,148
BOL,2012,N,155
BIH,2012,N,161
BWA,2012,N,151
BRA,2012,N,161
BGR,2012,N,157
BFA,2012,N,132
BDI,2012,N,126
CPV,2012,N,149
CMR,2012,N,139
CAN,2012,N,176
CAF,2012,N,134
TCD,2012,N,136
CHL,2012,N,161
CHN,2012,A,149
CHN,2012,R,142
CHN,2012,U,153
COL,2012,N,155
COM,2012,N,144
COD,2012,N,123
COG,2012,N,138
CRI,2012,N,162
CIV,2012,N,136
HRV,2012,N,160
CYP,2012,N,173
CZE,2012,N,166
DNK,2012,N,175
DJI,2012,N,143
DOM,2012,N,154
ECU,2012,N,155
EGY,2012,N,142
SLV,2012,N,150
EST,2012,N,164
SWZ,2012,N,141
ETH,2012,N,133
FJI,2012,N,149
FIN,2012,N,174
FRA,2012,N,175
GAB,2012,N,149
GMB,2012,N,139
GEO,2012,N,145
DEU,2012,N,175
GHA,2012,N,144
GRC,2012,N,163
GTM,2012,N,150
GIN,2012,N,133
GNB,2012,N,130
GUY,2012,N,152
HTI,2012,N,139
HND,2012,N,148
HUN,2012,N,160
ISL,2012,N,173
IND,2012,A,137
IND,2012,R,135
IND,2012,U,141
IDN,2012,A,142
IDN,2012,R,139
IDN,2012,U,144
IRN,2012,N,158
IRQ,2012,N,145
IRL,2012,N,172
ISR,2012,N,168
ITA,2012,N,171
JAM,2012,N,153
JPN,2012,N,173
JOR,2012,N,153
KAZ,2012,N,154
KEN,2012,N,135
KIR,2012,N,141
KOR,2012,N,171
XKX,2012,N,148
KGZ,2012,N,143
LAO,2012,N,139
LVA,2012,N,160
LBN,2012,N,164
LSO,2012,N,138
LBR,2012,N,131
LTU,2012,N,161
LUX,2012,N,180
MDG,2012,N,124
MWI,2012,N,127
MYS,2012,N,163
MDV,2012,N,154
MLI,2012,N,130
MLT,2012,N,170
MRT,2012,N,143
MUS,2012,N,154
MEX,2012,N,154
FSM,2012,N,143
MDA,2012,N,150
MNG,2012,N,152
MNE,2012,N,156
MAR,2012,N,151
MOZ,2012,N,130
MMR,2012,N,141
NAM,2012,N,150
NRU,2012,N,145
NPL,2012,N,140
NLD,2012,N,174
NIC,2012,N,150
NER,2012,N,131
NGA,2012,N,133
MKD,2012,N,151
NOR,2012,N,178
PAK,2012,N,139
PAN,2012,N,162
PNG,2012,N,135
PRY,2012,N,157
PER,2012,N,154
PHL,2012,N,143
POL,2012,N,159
PRT,2012,N,165
ROU,2012,N,151
RUS,2012,N,162
RWA,2012,N,131
WSM,2012,N,150
STP,2012,N,134
SEN,2012,N,135
SRB,2012,N,154
SYC,2012,N,162
SLE,2012,N,133
SVK,2012,N,163
SVN,2012,N,168
SLB,2012,N,137
SOM,2012,N,127
ZAF,2012,N,153
SSD,2012,N,126
ESP,2012,N,170
LKA,2012,N,146
LCA,2012,N,158
SDN,2012,N,140
SUR,2012,U,156
SWE,2012,N,174
CHE,2012,N,179
SYR,2012,N,148
TWN,2012,N,172
TJK,2012,N,144
TZA,2012,N,132
THA,2012,N,157
TLS,2012,N,133
TGO,2012,N,132
TON,2012,N,151
TTO,2012,N,165
TUN,2012,N,151
TUR,2012,N,159
TKM,2012,N,147
TUV,2012,N,148
UGA,2012,N,135
UKR,2012,N,155
ARE,2012,N,179
GBR,2012,N,172
USA,2012,N,178
URY,2012,N,164
UZB,2012,N,136
VUT,2012,N,141
VEN,2012,N,155
VNM,2012,N,148
PSE,2012,N,154
YEM,2012,N,139
ZMB,2012,N,133
ZWE,2012,N,142
ALB,2013,N,148
DZA,2013,N,149
AGO,2013,N,137
ARG,2013,U,161
ARM,2013,N,146
AUS,2013,N,176
AUT,2013,N,176
AZE,2013,N,162
BGD,2013,N,137
BLR,2013,N,161
BEL,2013,N,174
BLZ,2013,N,150
BEN,2013,N,132
BTN,2013,N,149
BOL,2013,N,156
BIH,2013,N,161
BWA,2013,N,151
BRA,2013,N,161
BGR,2013,N,159
BFA,2013,N,133
BDI,2013,N,126
CPV,2013,N,150
CMR,2013,N,140
CAN,2013,N,176
CAF,2013,N,127
TCD,2013,N,136
CHL,2013,N,162
CHN,2013,A,150
CHN,2013,R,144
CHN,2013,U,154
COL,2013,N,156
COM,2013,N,144
COD,2013,N,124
COG,2013,N,137
CRI,2013,N,163
CIV,2013,N,136
HRV,2013,N,159
CYP,2013,N,172
CZE,2013,N,166
DNK,2013,N,175
DJI,2013,N,141
DOM,2013,N,155
ECU,2013,N,156
EGY,2013,N,142
SLV,2013,N,151
EST,2013,N,165
SWZ,2013,N,142
ETH,2013,N,134
FJI,2013,N,150
FIN,2013,N,174
FRA,2013,N,175
GAB,2013,N,149
GMB,2013,N,140
GEO,2013,N,146
DEU,2013,N,175
GHA,2013,N,145
GRC,2013,N,162
GTM,2013,N,149
GIN,2013,N,133
GNB,2013,N,130
GUY,2013,N,153
HTI,2013,N,139
HND,2013,N,148
HUN,2013,N,161
ISL,2013,N,173
IND,2013,A,137
IND,2013,R,135
IND,2013,U,141
IDN,2013,A,143
IDN,2013,R,139
IDN,2013,U,145
IRN,2013,N,157
IRQ,2013,N,145
IRL,2013,N,172
ISR,2013,N,169
ITA,2013,N,171
JAM,2013,N,153
JPN,2013,N,173
JOR,2013,N,154
KAZ,2013,N,155
KEN,2013,N,135
KIR,2013,N,141
KOR,2013,N,171
XKX,2013,N,148
KGZ,2013,N,142
LAO,2013,N,140
LVA,2013,N,161
LBN,2013,N,164
LSO,2013,N,139
LBR,2013,N,132
LTU,2013,N,162
LUX,2013,N,179
MDG,2013,N,124
MWI,2013,N,128
MYS,2013,N,164
MDV,2013,N,157
MLI,2013,N,130
MLT,2013,N,171
MRT,2013,N,142
MUS,2013,N,154
MEX,2013,N,154
FSM,2013,N,142
MDA,2013,N,151
MNG,2013,N,152
MNE,2013,N,156
MAR,2013,N,151
MOZ,2013,N,131
MMR,2013,N,142
NAM,2013,N,151
NRU,2013,N,148
NPL,2013,N,140
NLD,2013,N,174
NIC,2013,N,151
NER,2013,N,131
NGA,2013,N,132
MKD,2013,N,151
NOR,2013,N,179
PAK,2013,N,139
PAN,2013,N,162
PNG,2013,N,136
PRY,2013,N,159
PER,2013,N,155
PHL,2013,N,143
POL,2013,N,159
PRT,2013,N,165
ROU,2013,N,151
RUS,2013,N,163
RWA,2013,N,131
WSM,2013,N,150
STP,2013,N,135
SEN,2013,N,135
SRB,2013,N,154
SYC,2013,N,163
SLE,2013,N,134
SVK,2013,N,163
SVN,2013,N,168
SLB,2013,N,137
SOM,2013,N,127
ZAF,2013,N,153
SSD,2013,N,127
ESP,2013,N,169
LKA,2013,N,147
LCA,2013,N,158
SDN,2013,N,140
SUR,2013,U,156
SWE,2013,N,175
CHE,2013,N,179
SYR,2013,N,146
TWN,2013,N,172
TJK,2013,N,145
TZA,2013,N,132
THA,2013,N,157
TLS,2013,N,134
TGO,2013,N,132
TON,2013,N,151
TTO,2013,N,165
TUN,2013,N,152
TUR,2013,N,159
TKM,2013,N,148
TUV,2013,N,148
UGA,2013,N,135
UKR,2013,N,156
ARE,2013,N,180
GBR,2013,N,173
USA,2013,N,178
URY,2013,N,165
UZB,2013,N,137
VUT,2013,N,141
VEN,2013,N,155
VNM,2013,N,148
PSE,2013,N,153
YEM,2013,N,139
ZMB,2013,N,133
ZWE,2013,N,141
ALB,2014,N,149
DZA,2014,N,149
AGO,2014,N,137
ARG,2014,U,160
ARM,2014,N,146
AUS,2014,N,177
AUT,2014,N,176
AZE,2014,N,162
BGD,2014,N,137
BLR,2014,N,162
BEL,2014,N,174
BLZ,2014,N,150
BEN,2014,N,133
BTN,2014,N,149
BOL,2014,N,156
BIH,2014,N,162
BWA,2014,N,150
BRA,2014,N,162
BGR,2014,N,160
BFA,2014,N,133
BDI,2014,N,126
CPV,2014,N,150
CMR,2014,N,141
CAN,2014,N,177
CAF,2014,N,127
TCD,2014,N,137
CHL,2014,N,163
CHN,2014,A,152
CHN,2014,R,146
CHN,2014,U,155
COL,2014,N,157
COM,2014,N,143
COD,2014,N,125
COG,2014,N,138
CRI,2014,N,163
CIV,2014,N,137
HRV,2014,N,160
CYP,2014,N,171
CZE,2014,N,166
DNK,2014,N,175
DJI,2014,N,141
DOM,2014,N,155
ECU,2014,N,156
EGY,2014,N,143
SLV,2014,N,151
EST,2014,N,166
SWZ,2014,N,143
ETH,2014,N,134
FJI,2014,N,150
FIN,2014,N,174
FRA,2014,N,175
GAB,2014,N,150
GMB,2014,N,140
GEO,2014,N,147
DEU,2014,N,175
GHA,2014,N,145
GRC,2014,N,162
GTM,2014,N,149
GIN,2014,N,134
GNB,2014,N,129
GUY,2014,N,153
HTI,2014,N,139
HND,2014,N,148
HUN,2014,N,162
ISL,2014,N,174
IND,2014,A,138
IND,2014,R,136
IND,2014,U,142
IDN,2014,A,143
IDN,2014,R,140
IDN,2014,U,145
IRN,2014,N,157
IRQ,2014,N,145
IRL,2014,N,173
ISR,2014,N,169
ITA,2014,N,171
JAM,2014,N,153
JPN,2014,N,173
JOR,2014,N,153
KAZ,2014,N,154
KEN,2014,N,135
KIR,2014,N,141
KOR,2014,N,172
XKX,2014,N,148
KGZ,2014,N,143
LAO,2014,N,140
LVA,2014,N,162
LBN,2014,N,164
LSO,2014,N,139
LBR,2014,N,132
LTU,2014,N,163
LUX,2014,N,180
MDG,2014,N,124
MWI,2014,N,129
MYS,2014,N,165
MDV,2014,N,159
MLI,2014,N,130
MLT,2014,N,172
MRT,2014,N,143
MUS,2014,N,155
MEX,2014,N,154
FSM,2014,N,141
MDA,2014,N,150
MNG,2014,N,152
MNE,2014,N,157
MAR,2014,N,152
MOZ,2014,N,132
MMR,2014,N,143
NAM,2014,N,152
NRU,2014,N,150
NPL,2014,N,141
NLD,2014,N,174
NIC,2014,N,152
NER,2014,N,132
NGA,2014,N,133
MKD,2014,N,151
NOR,2014,N,179
PAK,2014,N,140
PAN,2014,N,162
PNG,2014,N,137
PRY,2014,N,160
PER,2014,N,155
PHL,2014,N,144
POL,2014,N,159
PRT,2014,N,165
ROU,2014,N,152
RUS,2014,N,163
RWA,2014,N,132
WSM,2014,N,150
STP,2014,N,137
SEN,2014,N,135
SRB,2014,N,153
SYC,2014,N,162
SLE,2014,N,135
SVK,2014,N,163
SVN,2014,N,169
SLB,2014,N,137
SOM,2014,N,126
ZAF,2014,N,153
SSD,2014,N,127
ESP,2014,N,169
LKA,2014,N,148
LCA,2014,N,159
SDN,2014,N,139
SUR,2014,U,156
SWE,2014,N,175
CHE,2014,N,179
SYR,2014,N,144
TWN,2014,N,172
TJK,2014,N,145
TZA,2014,N,132
THA,2014,N,157
TLS,2014,N,135
TGO,2014,N,132
TON,2014,N,151
TTO,2014,N,165
TUN,2014,N,153
TUR,2014,N,160
TKM,2014,N,149
TUV,2014,N,148
UGA,2014,N,135
UKR,2014,N,155
ARE,2014,N,182
GBR,2014,N,173
USA,2014,N,178
URY,2014,N,165
UZB,2014,N,138
VUT,2014,N,141
VEN,2014,N,155
VNM,2014,N,149
PSE,2014,N,152
YEM,2014,N,138
ZMB,2014,N,133
ZWE,2014,N,140
ALB,2015,N,149
DZA,2015,N,150
AGO,2015,N,137
ARG,2015,U,161
ARM,2015,N,147
AUS,2015,N,177
AUT,2015,N,176
AZE,2015,N,162
BGD,2015,N,138
BLR,2015,N,160
BEL,2015,N,174
BLZ,2015,N,150
BEN,2015,N,132
BTN,2015,N,152
BOL,2015,N,156
BIH,2015,N,162
BWA,2015,N,149
BRA,2015,N,161
BGR,2015,N,159
BFA,2015,N,133
BDI,2015,N,125
CPV,2015,N,150
CMR,2015,N,142
CAN,2015,N,177
CAF,2015,N,128
TCD,2015,N,137
CHL,2015,N,163
CHN,2015,A,152
CHN,2015,R,147
CHN,2015,U,156
COL,2015,N,156
COM,2015,N,143
COD,2015,N,126
COG,2015,N,137
CRI,2015,N,163
CIV,2015,N,137
HRV,2015,N,161
CYP,2015,N,171
CZE,2015,N,167
DNK,2015,N,175
DJI,2015,N,141
DOM,2015,N,157
ECU,2015,N,156
EGY,2015,N,143
SLV,2015,N,151
EST,2015,N,167
SWZ,2015,N,143
ETH,2015,N,134
FJI,2015,N,151
FIN,2015,N,174
FRA,2015,N,175
GAB,2015,N,150
GMB,2015,N,141
GEO,2015,N,147
DEU,2015,N,175
GHA,2015,N,145
GRC,2015,N,162
GTM,2015,N,149
GIN,2015,N,134
GNB,2015,N,130
GUY,2015,N,153
HTI,2015,N,140
HND,2015,N,148
HUN,2015,N,162
ISL,2015,N,175
IND,2015,A,138
IND,2015,R,136
IND,2015,U,142
IDN,2015,A,144
IDN,2015,R,141
IDN,2015,U,146
IRN,2015,N,157
IRQ,2015,N,144
IRL,2015,N,173
ISR,2015,N,169
ITA,2015,N,171
JAM,2015,N,153
JPN,2015,N,173
JOR,2015,N,153
KAZ,2015,N,154
KEN,2015,N,135
KIR,2015,N,142
KOR,2015,N,172
XKX,2015,N,149
KGZ,2015,N,143
LAO,2015,N,141
LVA,2015,N,163
LBN,2015,N,163
LSO,2015,N,140
LBR,2015,N,132
LTU,2015,N,164
LUX,2015,N,179
MDG,2015,N,124
MWI,2015,N,129
MYS,2015,N,165
MDV,2015,N,158
MLI,2015,N,131
MLT,2015,N,172
MRT,2015,N,144
MUS,2015,N,155
MEX,2015,N,154
FSM,2015,N,141
MDA,2015,N,151
MNG,2015,N,152
MNE,2015,N,156
MAR,2015,N,152
MOZ,2015,N,132
MMR,2015,N,144
NAM,2015,N,153
NRU,2015,N,150
NPL,2015,N,141
NLD,2015,N,175
NIC,2015,N,153
NER,2015,N,132
NGA,2015,N,133
MKD,2015,N,152
NOR,2015,N,179
PAK,2015,N,140
PAN,2015,N,163
PNG,2015,N,138
PRY,2015,N,159
PER,2015,N,155
PHL,2015,N,144
POL,2015,N,159
PRT,2015,N,166
ROU,2015,N,153
RUS,2015,N,161
RWA,2015,N,132
WSM,2015,N,151
STP,2015,N,138
SEN,2015,N,136
SRB,2015,N,155
SYC,2015,N,162
SLE,2015,N,131
SVK,2015,N,163
SVN,2015,N,169
SLB,2015,N,137
SOM,2015,N,127
ZAF,2015,N,153
SSD,2015,N,126
ESP,2015,N,170
LKA,2015,N,148
LCA,2015,N,157
SDN,2015,N,140
SUR,2015,U,155
SWE,2015,N,176
CHE,2015,N,179
SYR,2015,N,142
TWN,2015,N,172
TJK,2015,N,145
TZA,2015,N,132
THA,2015,N,158
TLS,2015,N,134
TGO,2015,N,132
TON,2015,N,151
TTO,2015,N,165
TUN,2015,N,153
TUR,2015,N,160
TKM,2015,N,150
TUV,2015,N,149
UGA,2015,N,135
UKR,2015,N,154
ARE,2015,N,179
GBR,2015,N,173
USA,2015,N,178
URY,2015,N,165
UZB,2015,N,139
VUT,2015,N,140
VNM,2015,N,150
PSE,2015,N,152
YEM,2015,N,133
ZMB,2015,N,133
ZWE,2015,N,140
ALB,2016,N,149
DZA,2016,N,150
AGO,2016,N,136
ARG,2016,U,161
ARM,2016,N,148
AUS,2016,N,177
AUT,2016,N,176
AZE,2016,N,162
BGD,2016,N,138
BLR,2016,N,160
BEL,2016,N,174
BLZ,2016,N,151
BEN,2016,N,133
BTN,2016,N,149
BOL,2016,N,155
BIH,2016,N,163
BWA,2016,N,148
BRA,2016,N,161
BGR,2016,N,162
BFA,2016,N,133
BDI,2016,N,125
CPV,2016,N,150
CMR,2016,N,142
CAN,2016,N,177
CAF,2016,N,128
TCD,2016,N,135
CHL,2016,N,164
CHN,2016,A,153
CHN,2016,R,148
CHN,2016,U,157
COL,2016,N,156
COM,2016,N,143
COD,2016,N,126
COG,2016,N,135
CRI,2016,N,163
CIV,2016,N,138
HRV,2016,N,162
CYP,2016,N,172
CZE,2016,N,167
DNK,2016,N,176
DJI,2016,N,142
DOM,2016,N,158
ECU,2016,N,156
EGY,2016,N,143
SLV,2016,N,151
EST,2016,N,168
SWZ,2016,N,143
ETH,2016,N,135
FJI,2016,N,151
FIN,2016,N,174
FRA,2016,N,175
GAB,2016,N,151
GMB,2016,N,141
GEO,2016,N,147
DEU,2016,N,175
GHA,2016,N,145
GRC,2016,N,163
GTM,2016,N,150
GIN,2016,N,135
GNB,2016,N,130
GUY,2016,N,153
HTI,2016,N,140
HND,2016,N,149
HUN,2016,N,163
ISL,2016,N,176
IND,2016,A,139
IND,2016,R,137
IND,2016,U,143
IDN,2016,A,145
IDN,2016,R,142
IDN,2016,U,146
IRN,2016,N,157
IRQ,2016,N,146
IRL,2016,N,174
ISR,2016,N,170
ITA,2016,N,172
JAM,2016,N,154
JPN,2016,N,173
JOR,2016,N,153
KAZ,2016,N,153
KEN,2016,N,135
KIR,2016,N,142
KOR,2016,N,172
XKX,2016,N,149
KGZ,2016,N,143
LAO,2016,N,141
LVA,2016,N,164
LBN,2016,N,163
LSO,2016,N,140
LBR,2016,N,132
LTU,2016,N,165
LUX,2016,N,180
MDG,2016,N,124
MWI,2016,N,128
MYS,2016,N,166
MDV,2016,N,159
MLI,2016,N,131
MLT,2016,N,173
MRT,2016,N,143
MUS,2016,N,155
MEX,2016,N,155
FSM,2016,N,141
MDA,2016,N,150
MNG,2016,N,149
MNE,2016,N,157
MAR,2016,N,152
MOZ,2016,N,132
MMR,2016,N,144
NAM,2016,N,152
NRU,2016,N,150
NPL,2016,N,141
NLD,2016,N,175
NIC,2016,N,153
NER,2016,N,132
NGA,2016,N,133
MKD,2016,N,153
NOR,2016,N,179
PAK,2016,N,141
PAN,2016,N,164
PNG,2016,N,138
PRY,2016,N,159
PER,2016,N,155
PHL,2016,N,144
POL,2016,N,160
PRT,2016,N,166
ROU,2016,N,153
RUS,2016,N,161
RWA,2016,N,132
WSM,2016,N,152
STP,2016,N,139
SEN,2016,N,136
SRB,2016,N,154
SYC,2016,N,162
SLE,2016,N,132
SVK,2016,N,163
SVN,2016,N,169
SLB,2016,N,137
SOM,2016,N,127
ZAF,2016,N,153
SSD,2016,N,124
ESP,2016,N,170
LKA,2016,N,149
LCA,2016,N,160
SDN,2016,N,140
SUR,2016,U,154
SWE,2016,N,176
CHE,2016,N,179
SYR,2016,N,140
TWN,2016,N,173
TJK,2016,N,146
TZA,2016,N,132
THA,2016,N,158
TLS,2016,N,135
TGO,2016,N,133
TON,2016,N,152
TTO,2016,N,164
TUN,2016,N,153
TUR,2016,N,161
TKM,2016,N,150
TUV,2016,N,150
UGA,2016,N,135
UKR,2016,N,154
ARE,2016,N,179
GBR,2016,N,174
USA,2016,N,179
URY,2016,N,165
UZB,2016,N,139
VUT,2016,N,140
VNM,2016,N,151
PSE,2016,N,153
YEM,2016,N,132
ZMB,2016,N,133
ZWE,2016,N,138
ALB,2017,N,149
DZA,2017,N,150
AGO,2017,N,135
ARG,2017,U,162
ARM,2017,N,147
AUS,2017,N,177
AUT,2017,N,176
AZE,2017,N,162
BGD,2017,N,139
BLR,2017,N,160
BEL,2017,N,174
BLZ,2017,N,150
BEN,2017,N,133
BTN,2017,N,149
BOL,2017,N,155
BIH,2017,N,163
BWA,2017,N,148
BRA,2017,N,161
BGR,2017,N,162
BFA,2017,N,134
BDI,2017,N,124
CPV,2017,N,151
CMR,2017,N,142
CAN,2017,N,177
CAF,2017,N,129
TCD,2017,N,134
CHL,2017,N,165
CHN,2017,A,155
CHN,2017,R,149
CHN,2017,U,158
COL,2017,N,156
COM,2017,N,143
COD,2017,N,126
COG,2017,N,134
CRI,2017,N,164
CIV,2017,N,138
HRV,2017,N,163
CYP,2017,N,172
CZE,2017,N,168
DNK,2017,N,176
DJI,2017,N,142
DOM,2017,N,157
ECU,2017,N,156
EGY,2017,N,142
SLV,2017,N,151
EST,2017,N,169
SWZ,2017,N,143
ETH,2017,N,136
FJI,2017,N,152
FIN,2017,N,175
FRA,2017,N,175
GAB,2017,N,151
GMB,2017,N,141
GEO,2017,N,148
DEU,2017,N,176
GHA,2017,N,146
GRC,2017,N,163
GTM,2017,N,150
GIN,2017,N,136
GNB,2017,N,131
GUY,2017,N,154
HTI,2017,N,140
HND,2017,N,148
HUN,2017,N,164
ISL,2017,N,177
IND,2017,A,140
IND,2017,R,138
IND,2017,U,143
IDN,2017,A,145
IDN,2017,R,143
IDN,2017,U,147
IRN,2017,N,158
IRQ,2017,N,145
IRL,2017,N,175
ISR,2017,N,170
ITA,2017,N,172
JAM,2017,N,154
JPN,2017,N,173
JOR,2017,N,153
KAZ,2017,N,154
KEN,2017,N,136
KIR,2017,N,142
KOR,2017,N,172
XKX,2017,N,149
KGZ,2017,N,143
LAO,2017,N,141
LVA,2017,N,165
LBN,2017,N,163
LSO,2017,N,140
LBR,2017,N,132
LTU,2017,N,166
LUX,2017,N,180
MDG,2017,N,124
MWI,2017,N,129
MYS,2017,N,167
MDV,2017,N,160
MLI,2017,N,132
MLT,2017,N,173
MRT,2017,N,143
MUS,2017,N,156
MEX,2017,N,155
FSM,2017,N,142
MDA,2017,N,150
MNG,2017,N,150
MNE,2017,N,158
MAR,2017,N,152
MOZ,2017,N,132
MMR,2017,N,145
NAM,2017,N,152
NRU,2017,N,149
NPL,2017,N,141
NLD,2017,N,175
NIC,2017,N,154
NER,2017,N,132
NGA,2017,N,133
MKD,2017,N,154
NOR,2017,N,179
PAK,2017,N,141
PAN,2017,N,164
PNG,2017,N,138
PRY,2017,N,159
PER,2017,N,155
PHL,2017,N,145
POL,2017,N,160
PRT,2017,N,166
ROU,2017,N,158
RUS,2017,N,161
RWA,2017,N,132
WSM,2017,N,152
STP,2017,N,140
SEN,2017,N,137
SRB,2017,N,154
SYC,2017,N,162
SLE,2017,N,132
SVK,2017,N,164
SVN,2017,N,170
SLB,2017,N,137
SOM,2017,N,126
ZAF,2017,N,153
SSD,2017,N,123
ESP,2017,N,170
LKA,2017,N,149
LCA,2017,N,161
SDN,2017,N,140
SUR,2017,U,155
SWE,2017,N,176
CHE,2017,N,179
SYR,2017,N,137
TWN,2017,N,173
TJK,2017,N,147
TZA,2017,N,132
THA,2017,N,158
TLS,2017,N,135
TGO,2017,N,133
TON,2017,N,153
TTO,2017,N,164
TUN,2017,N,153
TUR,2017,N,161
TKM,2017,N,151
TUV,2017,N,150
UGA,2017,N,135
UKR,2017,N,155
ARE,2017,N,181
GBR,2017,N,174
USA,2017,N,179
URY,2017,N,166
UZB,2017,N,140
VUT,2017,N,140
VNM,2017,N,152
PSE,2017,N,152
YEM,2017,N,131
ZMB,2017,N,133
ZWE,2017,N,138
ALB,2018,N,150
DZA,2018,N,150
AGO,2018,N,134
ARG,2018,U,160
ARM,2018,N,147
AUS,2018,N,177
AUT,2018,N,176
AZE,2018,N,162
BGD,2018,N,140
BLR,2018,N,161
BEL,2018,N,174
BLZ,2018,N,149
BEN,2018,N,133
BTN,2018,N,151
BOL,2018,N,155
BIH,2018,N,163
BWA,2018,N,148
BRA,2018,N,162
BGR,2018,N,164
BFA,2018,N,134
BDI,2018,N,124
CPV,2018,N,151
CMR,2018,N,142
CAN,2018,N,177
CAF,2018,N,129
TCD,2018,N,134
CHL,2018,N,165
CHN,2018,A,156
CHN,2018,R,150
CHN,2018,U,159
COL,2018,N,156
COM,2018,N,143
COD,2018,N,126
COG,2018,N,133
CRI,2018,N,163
CIV,2018,N,139
HRV,2018,N,164
CYP,2018,N,173
CZE,2018,N,168
DNK,2018,N,176
DJI,2018,N,142
DOM,2018,N,158
ECU,2018,N,156
EGY,2018,N,141
SLV,2018,N,152
EST,2018,N,170
SWZ,2018,N,144
ETH,2018,N,136
FJI,2018,N,152
FIN,2018,N,175
FRA,2018,N,175
GAB,2018,N,151
GMB,2018,N,142
GEO,2018,N,147
DEU,2018,N,176
GHA,2018,N,146
GRC,2018,N,163
GTM,2018,N,150
GIN,2018,N,136
GNB,2018,N,131
GUY,2018,N,154
HTI,2018,N,141
HND,2018,N,148
HUN,2018,N,165
ISL,2018,N,177
IDN,2018,A,146
IDN,2018,R,143
IDN,2018,U,148
IRN,2018,N,158
IRQ,2018,N,145
IRL,2018,N,175
ISR,2018,N,170
ITA,2018,N,172
JAM,2018,N,154
JPN,2018,N,173
JOR,2018,N,153
KAZ,2018,N,155
KEN,2018,N,136
KIR,2018,N,143
KOR,2018,N,173
XKX,2018,N,150
KGZ,2018,N,144
LAO,2018,N,142
LVA,2018,N,167
LBN,2018,N,163
LSO,2018,N,140
LBR,2018,N,132
LTU,2018,N,167
LUX,2018,N,180
MDG,2018,N,125
MWI,2018,N,129
MYS,2018,N,168
MDV,2018,N,160
MLI,2018,N,132
MLT,2018,N,173
MRT,2018,N,143
MUS,2018,N,156
MEX,2018,N,156
FSM,2018,N,142
MDA,2018,N,151
MNG,2018,N,150
MNE,2018,N,159
MAR,2018,N,153
MOZ,2018,N,132
MMR,2018,N,145
NAM,2018,N,152
NRU,2018,N,150
NPL,2018,N,141
NLD,2018,N,175
NIC,2018,N,153
NER,2018,N,133
NGA,2018,N,133
MKD,2018,N,154
NOR,2018,N,179
PAK,2018,N,141
PAN,2018,N,165
PNG,2018,N,138
PRY,2018,N,159
PER,2018,N,156
PHL,2018,N,145
POL,2018,N,160
PRT,2018,N,167
ROU,2018,N,160
RUS,2018,N,161
RWA,2018,N,132
WSM,2018,N,151
STP,2018,N,140
SEN,2018,N,137
SRB,2018,N,156
SYC,2018,N,161
SLE,2018,N,133
SVK,2018,N,164
SVN,2018,N,170
SLB,2018,N,138
SOM,2018,N,126
ZAF,2018,N,153
SSD,2018,N,122
ESP,2018,N,170
LKA,2018,N,150
LCA,2018,N,161
SDN,2018,N,140
SUR,2018,U,155
SWE,2018,N,176
CHE,2018,N,179
SYR,2018,N,135
TWN,2018,N,174
TJK,2018,N,147
TZA,2018,N,133
THA,2018,N,158
TLS,2018,N,135
TGO,2018,N,133
TON,2018,N,152
TTO,2018,N,164
TUN,2018,N,153
TUR,2018,N,161
TKM,2018,N,152
TUV,2018,N,150
UGA,2018,N,135
UKR,2018,N,156
ARE,2018,N,182
GBR,2018,N,174
USA,2018,N,180
URY,2018,N,166
UZB,2018,N,140
VUT,2018,N,140
VNM,2018,N,152
PSE,2018,N,152
YEM,2018,N,130
ZMB,2018,N,134
ZWE,2018,N,139
ALB,2019,N,150
DZA,2019,N,150
AGO,2019,N,134
ARG,2019,U,160
ARM,2019,N,146
AUS,2019,N,177
AUT,2019,N,176
AZE,2019,N,162
BGD,2019,N,140
BLR,2019,N,162
BEL,2019,N,175
BLZ,2019,N,149
BEN,2019,N,134
BTN,2019,N,152
BOL,2019,N,156
BIH,2019,N,164
BWA,2019,N,149
BRA,2019,N,162
BGR,2019,N,165
BFA,2019,N,135
BDI,2019,N,124
CPV,2019,N,152
CMR,2019,N,143
CAN,2019,N,177
CAF,2019,N,129
TCD,2019,N,134
CHL,2019,N,165
CHN,2019,A,157
CHN,2019,R,151
CHN,2019,U,160
COL,2019,N,156
COM,2019,N,143
COD,2019,N,126
COG,2019,N,132
CRI,2019,N,163
CIV,2019,N,139
HRV,2019,N,164
CYP,2019,N,173
CZE,2019,N,169
DNK,2019,N,176
DJI,2019,N,143
DOM,2019,N,158
ECU,2019,N,156
EGY,2019,N,141
SLV,2019,N,154
EST,2019,N,170
SWZ,2019,N,144
ETH,2019,N,137
FJI,2019,N,152
FIN,2019,N,175
FRA,2019,N,176
GAB,2019,N,151
GMB,2019,N,142
GEO,2019,N,147
DEU,2019,N,176
GHA,2019,N,147
GRC,2019,N,163
GTM,2019,N,151
GIN,2019,N,137
GNB,2019,N,131
GUY,2019,N,155
HTI,2019,N,140
HND,2019,N,148
HUN,2019,N,165
ISL,2019,N,177
IDN,2019,A,146
IDN,2019,R,144
IDN,2019,U,148
IRN,2019,N,157
IRQ,2019,N,145
IRL,2019,N,175
ISR,2019,N,170
ITA,2019,N,172
JAM,2019,N,154
JPN,2019,N,174
JOR,2019,N,153
KAZ,2019,N,155
KEN,2019,N,137
KIR,2019,N,143
KOR,2019,N,173
XKX,2019,N,150
KGZ,2019,N,145
LAO,2019,N,142
LVA,2019,N,167
LBN,2019,N,162
LSO,2019,N,140
LBR,2019,N,131
LTU,2019,N,168
LUX,2019,N,181
MDG,2019,N,125
MWI,2019,N,129
MYS,2019,N,168
MDV,2019,N,161
MLI,2019,N,132
MLT,2019,N,173
MRT,2019,N,144
MUS,2019,N,157
MEX,2019,N,155
FSM,2019,N,142
MDA,2019,N,152
MNG,2019,N,151
MNE,2019,N,159
MAR,2019,N,153
MOZ,2019,N,132
MMR,2019,N,146
NAM,2019,N,151
NRU,2019,N,151
NPL,2019,N,142
NLD,2019,N,176
NIC,2019,N,152
NER,2019,N,133
NGA,2019,N,133
MKD,2019,N,154
NOR,2019,N,179
PAK,2019,N,141
PAN,2019,N,165
PNG,2019,N,139
PRY,2019,N,159
PER,2019,N,156
PHL,2019,N,145
POL,2019,N,160
PRT,2019,N,167
ROU,2019,N,161
RUS,2019,N,161
RWA,2019,N,133
WSM,2019,N,152
STP,2019,N,140
SEN,2019,N,138
SRB,2019,N,157
SYC,2019,N,162
SLE,2019,N,133
SVK,2019,N,165
SVN,2019,N,171
SLB,2019,N,137
SOM,2019,N,126
ZAF,2019,N,152
SSD,2019,N,122
ESP,2019,N,170
LKA,2019,N,150
LCA,2019,N,161
SDN,2019,N,139
SUR,2019,U,155
SWE,2019,N,176
CHE,2019,N,179
SYR,2019,N,135
TWN,2019,N,174
TJK,2019,N,148
TZA,2019,N,133
THA,2019,N,158
TLS,2019,N,135
TGO,2019,N,134
TON,2019,N,152
TTO,2019,N,164
TUN,2019,N,153
TUR,2019,N,161
TKM,2019,N,152
TUV,2019,N,151
UGA,2019,N,136
UKR,2019,N,157
ARE,2019,N,183
GBR,2019,N,174
USA,2019,N,180
URY,2019,N,165
UZB,2019,N,141
VUT,2019,N,141
VNM,2019,N,153
PSE,2019,N,152
YEM,2019,N,130
ZMB,2019,N,133
ZWE,2019,N,138
